step,sim_time,plan_time,qpos,qvel,control,running_cost,state_cost,success,domain_weights
1,0.0,0.1804206371307373,"[0.10000000149011612, 0.05000000074505806, 0.5235987901687622, 0.561979353427887, 0.15592868626117706, -0.4536834955215454, -2.8455252647399902, 0.4127151370048523, 2.971696615219116, -1.8651105165481567, 0.0, 0.0]","[0.0, 0.0, 0.0, 0.0, 0.0, 0.0, 0.0, 0.0, 0.0, 0.0, 0.0, 0.0]","[0.0, 0.0, 0.0, -0.5107325486067851, 0.6524014963479253, 0.12491932942147728, 1.124908471361034, 0.1917842050748289, -0.5865010563301548, -0.4977368166691342, 0.0, 0.0]","[0.7683593034744263, 0.7705916166305542, 0.7720698118209839, 0.7703549265861511, 0.7700212001800537, 0.7618388533592224, 0.76810622215271, 0.7718008756637573, 0.7741630673408508, 0.7692360281944275, 0.7695015668869019, 0.7688459157943726, 1.3555481433868408, 0.7688980102539062, 0.7693179845809937, 0.8024532794952393, 0.7726741433143616, 0.7689971923828125, 0.7690998315811157, 0.7697912454605103, 0.7694319486618042, 0.7696241140365601, 0.7694393396377563, 0.7678977251052856, 0.7685790657997131, 0.7687602043151855, 0.7685630321502686, 0.7684719562530518, 0.768258810043335, 0.7707775235176086, 0.7686710357666016, 0.7682658433914185, 0.7691551446914673, 0.7691856622695923, 0.769341230392456, 0.7691332101821899, 0.7688726782798767, 0.7688735723495483, 0.7691885232925415, 0.7683947086334229, 0.7688822746276855, 0.7703151702880859, 0.7696443200111389, 0.7696854472160339, 0.7693697214126587, 0.7693901062011719, 0.7685154676437378, 0.7690161466598511, 0.7694927453994751, 0.770229160785675, 0.736296534538269, 0.7679078578948975, 0.7681481242179871, 0.7690277099609375, 0.7696801424026489, 0.7682760953903198, 0.7693862915039062, 0.7679901123046875, 0.768235981464386, 0.8491642475128174, 0.7694160342216492, 0.7686078548431396, 0.7682989835739136, 0.7684081792831421, 0.7687901258468628, 0.7688101530075073, 0.7683016657829285, 0.7804895639419556, 0.768311619758606, 0.7690261602401733, 0.8231091499328613, 0.7690857648849487, 0.7679744958877563, 0.7686115503311157, 0.7581568956375122, 0.7686594724655151, 0.7690467834472656, 0.7687880992889404, 0.7038441896438599, 0.7695924639701843, 0.7681155800819397, 0.7838332653045654, 0.7682244181632996, 1.290146827697754, 0.7688524127006531, 0.7683732509613037, 0.7689847350120544, 0.7689725756645203, 1.0502561330795288, 0.7705091834068298, 1.0134519338607788, 0.7693711519241333, 0.7684271335601807, 0.7691790461540222, 0.7685598134994507, 0.652479887008667, 0.7682347297668457, 0.7689483761787415, 0.7682540416717529, 0.7686924934387207, 0.7696658372879028, 0.7695150971412659, 0.7685757279396057, 0.7680422067642212, 0.769245982170105, 0.7689006328582764, 0.7692444324493408, 0.7683489322662354, 0.7697447538375854, 0.7698637247085571, 0.7678897380828857, 0.7683333158493042, 0.7690503597259521, 0.769956111907959, 0.7692646384239197, 0.768543004989624, 0.7682652473449707, 0.7698332071304321, 0.7691351175308228, 2.397979736328125, 0.7687935829162598, 0.7690081000328064, 0.7699005007743835, 0.730231761932373, 0.7682615518569946, 0.7690773606300354, 0.7695903778076172, 0.7686870694160461]",0.026840748265385628,False,"[0.05000000074505806, 0.05000000074505806, 0.05000000074505806, 0.05000000074505806, 0.05000000074505806, 0.05000000074505806, 0.05000000074505806, 0.05000000074505806, 0.05000000074505806, 0.05000000074505806, 0.05000000074505806, 0.05000000074505806, 0.05000000074505806, 0.05000000074505806, 0.05000000074505806, 0.05000000074505806, 0.05000000074505806, 0.05000000074505806, 0.05000000074505806, 0.05000000074505806]"
2,0.045,0.18172383308410645,"[0.10000000149011612, 0.05000000074505806, 0.5235987901687622, 0.5450623631477356, 0.17600055038928986, -0.4463948905467987, -2.8095316886901855, 0.4202725887298584, 2.9538636207580566, -1.8820008039474487, 0.0006984278443269432, -0.050448350608348846]","[0.0, 0.0, 0.0, -0.4316995143890381, 0.5445748567581177, 0.14823448657989502, 0.9830401539802551, 0.17104296386241913, -0.5585535764694214, -0.48526036739349365, -0.05289848521351814, -0.6946790814399719]","[0.0, 0.0, 0.0, 0.42739832644929454, 0.5494455228644238, 0.21357562650809775, 0.9686066000053296, -0.004677598257231408, -0.49278489649245144, 0.7188603364546389, 0.0, 0.0]","[0.6272779703140259, 1.2783191204071045, 1.8861913681030273, 0.7700205445289612, 0.7702692747116089, 0.769433856010437, 0.7731999158859253, 0.7693327069282532, 0.7701502442359924, 0.7690283060073853, 0.7690401077270508, 1.053138017654419, 0.6949843168258667, 0.7712994813919067, 0.7685198783874512, 0.768352746963501, 0.7721371650695801, 1.4525924921035767, 0.7684128880500793, 0.6890332102775574, 0.7678090333938599, 0.741458535194397, 0.6757687330245972, 1.0832319259643555, 1.1194069385528564, 0.8937270641326904, 0.6036525964736938, 0.7101492881774902, 0.7824305295944214, 0.8449777364730835, 0.641242504119873, 0.6360799670219421, 0.7365057468414307, 0.712814211845398, 0.6189137697219849, 0.7683176398277283, 0.7551175355911255, 0.7687543034553528, 0.6597154140472412, 0.6182278394699097, 0.6418502926826477, 0.8757447600364685, 1.2315839529037476, 0.6845160722732544, 0.6563220024108887, 0.816156268119812, 0.7680306434631348, 0.7679048180580139, 0.7677359580993652, 0.7678935527801514, 0.622974157333374, 0.7125476002693176, 0.7680783271789551, 0.7681953310966492, 1.4725641012191772, 0.7680701017379761, 0.7829780578613281, 0.8692585229873657, 0.7677720785140991, 1.0276851654052734, 0.8052067756652832, 2.0051021575927734, 2.0356688499450684, 0.7558978796005249, 0.900857150554657, 0.7685191631317139, 0.7497620582580566, 0.6220569014549255, 0.6979193687438965, 0.6999373435974121, 0.6858888864517212, 0.7854642868041992, 0.6364806890487671, 0.7679051160812378, 0.6479041576385498, 1.0586270093917847, 0.7678185701370239, 0.6886245012283325, 0.7683165073394775, 0.7677735090255737, 0.7193558812141418, 0.7679548263549805, 0.9146676063537598, 0.7679207921028137, 0.768877387046814, 0.7007087469100952, 0.7351737022399902, 0.6636174321174622, 0.8323405981063843, 0.7684013843536377, 0.7248485684394836, 0.7076584100723267, 0.7682410478591919, 0.7677949666976929, 0.7679352760314941, 0.7682337760925293, 0.6090658903121948, 0.6373699903488159, 0.7678897380828857, 0.7040191888809204, 0.7681015729904175, 0.7547696828842163, 0.668540358543396, 0.7764594554901123, 0.7684712409973145, 0.7679871320724487, 0.6562734842300415, 0.7725919485092163, 0.7681698799133301, 0.8482769131660461, 0.7835004329681396, 0.8449194431304932, 0.7681204080581665, 0.639030933380127, 2.7568087577819824, 0.7683961391448975, 0.6219320893287659, 0.6639856100082397, 0.6688832640647888, 0.7722914218902588, 0.6420184969902039, 0.7682000398635864, 0.7677576541900635, 0.6929802894592285, 0.76931232213974, 0.7678689956665039, 0.6756649017333984, 0.7686728835105896]",0.026830187067389488,False,"[0.05000000074505806, 0.05000000074505806, 0.05000000074505806, 0.05000000074505806, 0.05000000074505806, 0.05000000074505806, 0.05000000074505806, 0.05000000074505806, 0.05000000074505806, 0.05000000074505806, 0.05000000074505806, 0.05000000074505806, 0.05000000074505806, 0.05000000074505806, 0.05000000074505806, 0.05000000074505806, 0.05000000074505806, 0.05000000074505806, 0.05000000074505806, 0.05000000074505806]"
3,0.09,0.17882633209228516,"[0.10000000149011612, 0.05000000074505806, 0.5235987901687622, 0.5513750314712524, 0.20043152570724487, -0.4440162777900696, -2.7675557136535645, 0.4225589334964752, 2.931952714920044, -1.8844826221466064, 0.0034334405791014433, -0.05771142616868019]","[0.0, 0.0, 0.0, 0.25704362988471985, 0.5393543839454651, 0.08127225935459137, 0.9285443425178528, 0.028511492535471916, -0.483289897441864, 0.15882088243961334, 0.1479526311159134, -0.06807169318199158]","[0.0, 0.0, 0.0, -0.9775987292638209, 0.7141442541145279, 0.010934364993116133, 1.2259275383718975, 0.18536363447455248, -0.6431784487891035, -1.0387166831670727, 0.0, 0.0]","[0.625325083732605, 0.7707110643386841, 0.7696837186813354, 0.7688196897506714, 0.7685304880142212, 0.7719472646713257, 0.7693349123001099, 0.7545502781867981, 0.7699534296989441, 0.8409742712974548, 0.7696623802185059, 0.7692041397094727, 0.7690250873565674, 0.7698876857757568, 0.7697246074676514, 0.7692397236824036, 0.7693730592727661, 0.769325852394104, 0.669399619102478, 0.6086444854736328, 0.7354859113693237, 0.6362916231155396, 0.7687733173370361, 0.7691298723220825, 0.6443158388137817, 0.7335009574890137, 0.6430190205574036, 0.6074451804161072, 0.6321526765823364, 0.6358611583709717, 0.7680127024650574, 0.6634676456451416, 0.7587926983833313, 0.7683556079864502, 0.7040307521820068, 0.7684705257415771, 0.6985440850257874, 0.7681667804718018, 0.695154070854187, 0.7191531658172607, 0.7680209875106812, 0.7695857882499695, 0.7681161165237427, 0.7689532041549683, 0.7135661840438843, 0.6026631593704224, 0.6665633916854858, 0.7684644460678101, 0.7475542426109314, 0.7687140703201294, 0.6263110637664795, 0.70308518409729, 0.719657838344574, 7.930641174316406, 0.7683827877044678, 0.7253744602203369, 0.7686949968338013, 0.7071087956428528, 0.6638939380645752, 0.6574426293373108, 0.7683505415916443, 0.6345127820968628, 0.6092276573181152, 1.059870719909668, 0.6361895799636841, 0.7684829831123352, 0.6739550828933716, 0.7197230458259583, 0.6597251296043396, 0.646963357925415, 0.6250912547111511, 0.768377423286438, 0.8889660239219666, 0.677720308303833, 0.7683265209197998, 0.7689424753189087, 0.6900081038475037, 24.130586624145508, 0.6679996848106384, 0.7700974941253662, 0.6079179644584656, 0.755363404750824, 0.6782770156860352, 0.6593160033226013, 0.7647351026535034, 0.6118364930152893, 0.6829112768173218, 0.768797755241394, 0.6534910798072815, 0.7430371642112732, 0.6128498315811157, 0.6673965454101562, 0.6240149736404419, 0.6339250802993774, 0.6467545628547668, 0.7810748815536499, 0.768040657043457, 0.623618483543396, 0.6216621398925781, 0.9441115856170654, 0.8807252049446106, 0.7698635458946228, 0.6782870292663574, 0.6685080528259277, 0.7291293144226074, 0.7019008994102478, 0.6759963035583496, 0.6621426343917847, 0.7267452478408813, 0.5951400399208069, 0.7467631101608276, 0.7684134244918823, 1.1663177013397217, 0.6862838268280029, 0.6844626665115356, 0.6099929213523865, 0.6576607823371887, 0.768114447593689, 0.6374644041061401, 0.7683918476104736, 0.6158603429794312, 0.7049860954284668, 0.6094573736190796, 0.7683682441711426, 0.6757532358169556, 0.6997098922729492, 0.674451470375061, 0.7682041525840759]",0.02682272531092167,False,"[0.03150608018040657, 0.0494149886071682, 0.04934566840529442, 0.04722987860441208, 0.044855765998363495, 0.056230828166007996, 0.054590675979852676, 0.052332982420921326, 0.050183966755867004, 0.06993769854307175, 0.06933840364217758, 0.0684010460972786, 0.04680230841040611, 0.04546491056680679, 0.04544549062848091, 0.044866714626550674, 0.04426828399300575, 0.04355005919933319, 0.043377626687288284, 0.04285656288266182]"
4,0.135,0.17947864532470703,"[0.10000000149011612, 0.05000000074505806, 0.5235987901687622, 0.5253716707229614, 0.2292744666337967, -0.43230703473091125, -2.715994358062744, 0.4291733503341675, 2.903599262237549, -1.896606206893921, -0.0002876139769796282, -0.05191492289304733]","[0.0, 0.0, 0.0, -0.7273662686347961, 0.6716452240943909, 0.19230946898460388, 1.1844817399978638, 0.147135928273201, -0.6375449895858765, -0.48235273361206055, -0.21716339886188507, 0.2504633963108063]","[0.0, 0.0, 0.0, -0.32960689270243726, 0.5479583351240913, 0.05122232221686909, 0.9551339058993461, 0.05248273499974193, -0.493829697152456, -0.23520015435584463, 0.0, 0.0]","[0.7630598545074463, 0.7700321674346924, 0.7680339813232422, 0.7691394090652466, 0.8088870048522949, 0.756403923034668, 0.7703208923339844, 0.769611120223999, 0.7678884267807007, 0.767991840839386, 0.7684726119041443, 0.7691008448600769, 0.7593624591827393, 1.7930327653884888, 0.7691697478294373, 0.7692855596542358, 0.6212811470031738, 0.7678651809692383, 0.90306556224823, 0.7701421976089478, 0.5995525121688843, 2.333289861679077, 0.9218828678131104, 0.7374551296234131, 0.6021963953971863, 0.6067430973052979, 1.1658833026885986, 0.9784824848175049, 1.004515290260315, 0.7681175470352173, 0.8407881259918213, 0.7051787376403809, 0.6253904104232788, 0.6128177642822266, 0.6868064999580383, 0.8978176712989807, 0.6267474889755249, 0.7436988353729248, 0.7686395645141602, 0.6353117823600769, 0.9627086520195007, 0.7805088758468628, 1.5851714611053467, 0.6156017780303955, 0.7663766145706177, 0.8760702013969421, 0.6289366483688354, 1.0343718528747559, 0.7268288135528564, 0.6907228231430054, 1.1531774997711182, 0.7684656977653503, 0.6369677782058716, 0.6091424226760864, 11.088029861450195, 0.6787335872650146, 0.7128037214279175, 0.720644474029541, 0.6022612452507019, 0.6987970471382141, 1.2722266912460327, 0.680449366569519, 0.6118701696395874, 1.914962649345398, 0.6040632724761963, 1.3655537366867065, 0.8848024010658264, 0.6119828224182129, 0.5913217067718506, 2.4202589988708496, 2.2450098991394043, 0.6589200496673584, 0.9745015501976013, 0.5936553478240967, 0.6484354734420776, 0.708365261554718, 0.7171839475631714, 0.6483707427978516, 0.7610052824020386, 0.8863359689712524, 0.6656455993652344, 0.6154180765151978, 0.6165778636932373, 0.7680214047431946, 0.7257908582687378, 0.9721846580505371, 0.7139937877655029, 0.6470698118209839, 0.638068437576294, 0.6423125267028809, 0.7681413292884827, 0.7409108877182007, 0.6627545952796936, 3.0301387310028076, 0.5915430188179016, 0.9154949188232422, 0.6860882043838501, 0.6168580055236816, 0.6084016561508179, 0.598106861114502, 0.6739844083786011, 0.837460458278656, 0.5864971876144409, 0.6077948212623596, 1.2134641408920288, 0.7011603116989136, 0.5800156593322754, 0.8697562217712402, 0.8194990158081055, 1.1609470844268799, 0.6551313400268555, 0.6990748643875122, 0.7532631158828735, 0.7801661491394043, 0.9497947692871094, 0.5844537019729614, 1.1433095932006836, 0.5988219976425171, 0.7015547752380371, 0.932183027267456, 0.6050252914428711, 0.9414776563644409, 2.506932497024536, 0.6543455123901367, 0.6168971657752991, 0.7765164375305176, 0.592293381690979, 0.7685037851333618]",0.02681128866970539,False,"[0.05000000074505806, 0.05000000074505806, 0.05000000074505806, 0.05000000074505806, 0.05000000074505806, 0.05000000074505806, 0.05000000074505806, 0.05000000074505806, 0.05000000074505806, 0.05000000074505806, 0.05000000074505806, 0.05000000074505806, 0.05000000074505806, 0.05000000074505806, 0.05000000074505806, 0.05000000074505806, 0.05000000074505806, 0.05000000074505806, 0.05000000074505806, 0.05000000074505806]"
5,0.18000000000000005,0.18009448051452637,"[0.10000000149011612, 0.05000000074505806, 0.5235987901687622, 0.5061700940132141, 0.25527647137641907, -0.4306749105453491, -2.6717171669006348, 0.43302884697914124, 2.881300449371338, -1.9083260297775269, -0.007355260197073221, -0.04037807881832123]","[0.0, 0.0, 0.0, -0.3646717071533203, 0.552032470703125, 0.029630407691001892, 0.9458622336387634, 0.07117199897766113, -0.4837784767150879, -0.2330104410648346, -0.08455585688352585, 0.21189144253730774]","[0.0, 0.0, 0.0, 0.15640581809083787, 0.7008681391671268, 0.14209595667744965, 1.2420080420289719, -0.0246176526845535, -0.6297678634009456, 0.4542202535708313, 0.0, 0.0]","[0.5750014781951904, 0.6524245738983154, 1.013741374015808, 0.7683091759681702, 0.7859492301940918, 0.7690014839172363, 0.8359120488166809, 0.7690629959106445, 0.8622857332229614, 0.7731605768203735, 0.7467947602272034, 0.7144310474395752, 0.5858193039894104, 1.3393316268920898, 0.6259356737136841, 0.7712593078613281, 0.7681858539581299, 0.8495989441871643, 0.768275260925293, 0.7689744234085083, 0.6695034503936768, 0.7468169927597046, 0.7682356238365173, 0.6976978778839111, 0.5885757803916931, 0.5707900524139404, 0.7686014175415039, 0.9905245304107666, 0.5971313118934631, 0.5936781167984009, 0.61444091796875, 0.6499300003051758, 0.6421520709991455, 0.7293033599853516, 0.7728544473648071, 0.6055585145950317, 0.8394628763198853, 0.6628941893577576, 1.385571837425232, 0.68935227394104, 0.7741032838821411, 0.6154385209083557, 1.0148001909255981, 1.747345209121704, 0.6257927417755127, 0.5872113704681396, 0.6684452295303345, 0.8159406185150146, 0.6544281244277954, 0.7204941511154175, 0.7231276035308838, 1.9780943393707275, 0.6278080940246582, 0.7685501575469971, 0.7237175703048706, 0.7057361006736755, 1.6685374975204468, 27.693031311035156, 0.630669355392456, 0.8285753726959229, 0.6247979402542114, 0.673945426940918, 0.768385648727417, 1.4546253681182861, 0.6050636768341064, 0.590244710445404, 0.5869321823120117, 0.5758793354034424, 0.8536251783370972, 0.5860764384269714, 0.6313343644142151, 0.602603018283844, 0.7110474109649658, 0.5925878882408142, 0.825232207775116, 0.7681571245193481, 0.629030704498291, 0.602391242980957, 0.768365740776062, 0.5938676595687866, 1.0780866146087646, 0.9795545339584351, 0.6897636651992798, 0.605771541595459, 0.6823427677154541, 0.6642310619354248, 0.5867454409599304, 0.708499014377594, 0.8703405857086182, 0.6133849620819092, 0.6807584762573242, 0.6901892423629761, 0.720558762550354, 0.7247043251991272, 0.645703911781311, 0.5905013084411621, 0.6554844975471497, 0.6772985458374023, 0.6333014965057373, 0.8098909258842468, 0.8882995843887329, 0.6453030109405518, 0.6173527836799622, 0.612027108669281, 2.839796304702759, 1.5333424806594849, 0.7330704927444458, 3.8101234436035156, 0.678046703338623, 0.6225005984306335, 0.783441424369812, 0.6735341548919678, 0.681922197341919, 0.7641242742538452, 0.6172512769699097, 0.7680482864379883, 0.627566933631897, 0.7912999391555786, 0.5900595188140869, 0.7694017887115479, 0.6554057598114014, 1.031779408454895, 0.8967528343200684, 7.810084342956543, 1.061360239982605, 1.3188754320144653, 0.7689319849014282, 0.7224478721618652]",0.02680138312280178,False,"[0.05000000074505806, 0.05000000074505806, 0.05000000074505806, 0.05000000074505806, 0.05000000074505806, 0.05000000074505806, 0.05000000074505806, 0.05000000074505806, 0.05000000074505806, 0.05000000074505806, 0.05000000074505806, 0.05000000074505806, 0.05000000074505806, 0.05000000074505806, 0.05000000074505806, 0.05000000074505806, 0.05000000074505806, 0.05000000074505806, 0.05000000074505806, 0.05000000074505806]"
6,0.2250000000000001,0.18039155006408691,"[0.10000000149011612, 0.05000000074505806, 0.5235987901687622, 0.5035208463668823, 0.28433969616889954, -0.4301099479198456, -2.6208934783935547, 0.4336715638637543, 2.8537418842315674, -1.8995721340179443, -0.004980065394192934, -0.027387825772166252]","[0.0, 0.0, 0.0, 0.013008472509682178, 0.6672328114509583, 0.0383889339864254, 1.1736327409744263, 0.0031598275527358055, -0.6186090707778931, 0.4074077308177948, 0.06984855234622955, 0.36612242460250854]","[0.0, 0.0, 0.0, -0.27930994282749305, 0.7232034204013053, 0.07715388960547168, 1.2736739265510302, 0.019810873401667473, -0.6510209318165575, -0.06971681070778354, 0.0, 0.0]","[0.6052956581115723, 0.7440915107727051, 0.7688316106796265, 0.7709933519363403, 0.609163761138916, 0.7584019303321838, 0.769514262676239, 0.7700884342193604, 0.7690580487251282, 0.7687364816665649, 2.6847801208496094, 0.7682154178619385, 0.6043721437454224, 0.660169243812561, 0.7703057527542114, 0.7685702443122864, 0.7691364884376526, 0.8520286083221436, 0.7682605385780334, 0.7680968046188354, 0.6102161407470703, 0.5999218225479126, 0.655066967010498, 0.5776654481887817, 0.7684142589569092, 0.5994589328765869, 0.7690475583076477, 0.6084015369415283, 0.768600344657898, 0.6599624752998352, 0.604698896408081, 0.7174367308616638, 0.5852580666542053, 0.7553032636642456, 0.621968150138855, 0.7337887287139893, 0.588586688041687, 0.6889496445655823, 0.5889707207679749, 0.7689731121063232, 0.6557145714759827, 0.6187220811843872, 0.6534920334815979, 0.5820653438568115, 0.5960660576820374, 0.6507734060287476, 0.663617730140686, 0.6051933765411377, 0.7295195460319519, 0.7248207330703735, 0.6029086112976074, 0.769681453704834, 0.6769410967826843, 0.5916407108306885, 0.7120997905731201, 0.6028695106506348, 0.7315843105316162, 0.6122687458992004, 0.5982570648193359, 0.6017481088638306, 0.8262145519256592, 0.6647829413414001, 0.5972952842712402, 0.7629414200782776, 0.5864714980125427, 0.676315188407898, 0.6235813498497009, 0.7684454917907715, 0.6256061792373657, 0.7697269916534424, 0.576509952545166, 0.5880826711654663, 0.5917835235595703, 0.5950006246566772, 0.6413557529449463, 0.5793272256851196, 0.7438411712646484, 0.7688790559768677, 0.7685959339141846, 0.6571211814880371, 0.7682589292526245, 0.7689366340637207, 0.6065351963043213, 0.6034296154975891, 0.6142088174819946, 0.5903416872024536, 0.6841771602630615, 8.469280242919922, 0.7108083963394165, 0.6086270809173584, 0.6318057775497437, 0.6564775705337524, 0.6574705839157104, 0.593019962310791, 0.5924177169799805, 0.6259646415710449, 0.633888840675354, 0.7696914672851562, 0.769225001335144, 0.7684242725372314, 0.7797061800956726, 0.6795817613601685, 0.6170237064361572, 0.8089496493339539, 0.6111037135124207, 0.570605456829071, 0.5885971188545227, 5.235185623168945, 0.7728089094161987, 0.589361310005188, 0.5764685869216919, 0.575946569442749, 0.7686724662780762, 0.8772618770599365, 0.5624731779098511, 0.7690919041633606, 0.6819648742675781, 0.6051601767539978, 0.6153692007064819, 0.5811197757720947, 0.6209889650344849, 0.6626372337341309, 1.1390407085418701, 0.6376616954803467, 0.7483059763908386, 0.621644914150238, 0.7683957815170288, 0.7356535792350769]",0.02679501287639141,False,"[0.05000000074505806, 0.05000000074505806, 0.05000000074505806, 0.05000000074505806, 0.05000000074505806, 0.05000000074505806, 0.05000000074505806, 0.05000000074505806, 0.05000000074505806, 0.05000000074505806, 0.05000000074505806, 0.05000000074505806, 0.05000000074505806, 0.05000000074505806, 0.05000000074505806, 0.05000000074505806, 0.05000000074505806, 0.05000000074505806, 0.05000000074505806, 0.05000000074505806]"
7,0.27000000000000013,0.17937970161437988,"[0.10000000149011612, 0.05000000074505806, 0.5235987901687622, 0.4958374798297882, 0.3153174817562103, -0.4253116250038147, -2.5656352043151855, 0.4339565336704254, 2.8250033855438232, -1.8979157209396362, -0.0036228399258106947, -0.01045827753841877]","[0.0, 0.0, 0.0, -0.2040734589099884, 0.6947378516197205, 0.09801074862480164, 1.2416690587997437, 0.0076523455791175365, -0.6406996846199036, -0.06072971224784851, 0.0017626543994992971, 0.38420966267585754]","[0.0, 0.0, 0.0, 0.27947600991410326, 0.6958555531820252, 0.14158074203098014, 1.2488051606011497, -0.05902045992233545, -0.6240487271914132, 0.6353746089020631, 0.0, 0.0]","[0.552378237247467, 0.6642618179321289, 0.770670473575592, 0.7917466759681702, 2.1286730766296387, 0.7660977840423584, 0.6345963478088379, 0.6150233745574951, 0.6747645735740662, 0.6036777496337891, 0.6756558418273926, 1.2222156524658203, 0.7855998277664185, 0.5695013999938965, 0.7000720500946045, 0.7696987986564636, 0.7682958841323853, 0.6550849676132202, 1.1968458890914917, 0.6402544975280762, 0.6684612035751343, 0.8484706878662109, 0.7686284780502319, 0.5905638933181763, 0.5919718146324158, 0.7073861956596375, 0.5708937644958496, 0.5581721067428589, 0.6014803051948547, 0.5909569263458252, 0.6038789749145508, 0.7305059432983398, 25.514650344848633, 0.769524335861206, 0.5805239081382751, 0.5859969854354858, 0.6358700394630432, 1.1697183847427368, 0.5498008728027344, 0.5878914594650269, 0.7267314195632935, 0.611402153968811, 0.8205325603485107, 0.5670628547668457, 0.5725873708724976, 0.7372146844863892, 0.7228163480758667, 0.6136363744735718, 0.6065300107002258, 0.5886539220809937, 0.6513832807540894, 0.7684819102287292, 0.626548707485199, 0.5903077125549316, 0.5760126113891602, 0.6969460248947144, 1.2013853788375854, 0.6086148023605347, 0.5974511504173279, 0.6029320955276489, 0.7683711647987366, 0.7517422437667847, 15.062128067016602, 0.9673588871955872, 0.5849894285202026, 0.719981849193573, 3.1610593795776367, 0.6177034378051758, 0.5635972023010254, 0.700339138507843, 0.7692981958389282, 0.8060767650604248, 0.552895188331604, 0.6608099341392517, 0.7690026164054871, 1.7176753282546997, 0.6000676155090332, 0.6499252319335938, 0.6235121488571167, 0.5669809579849243, 0.5585929751396179, 0.5593125820159912, 0.6171623468399048, 0.6610879898071289, 0.6056276559829712, 0.6995969414710999, 0.7019866704940796, 0.6530889272689819, 0.5914115309715271, 0.7689262628555298, 0.768429160118103, 2.115419387817383, 0.6117137670516968, 0.7691271305084229, 0.5899468660354614, 0.5754304528236389, 0.7542988061904907, 0.5882765650749207, 0.7689093947410583, 0.9016939401626587, 0.6967360377311707, 0.6339268684387207, 0.6080396175384521, 0.7238811254501343, 0.5868016481399536, 0.7699565887451172, 0.7681364417076111, 0.6638951301574707, 0.7541239261627197, 0.7687750458717346, 0.6057418584823608, 0.6584235429763794, 0.8820201754570007, 0.7178624868392944, 0.5960537195205688, 0.5781641006469727, 0.768957257270813, 0.5791316032409668, 0.7694555521011353, 0.6241377592086792, 0.7684885263442993, 1.2165300846099854, 0.8798052072525024, 0.607646107673645, 0.5763858556747437, 0.6253842115402222, 0.7644550800323486, 0.5925873517990112]",0.026789916679263115,False,"[0.05000000074505806, 0.05000000074505806, 0.05000000074505806, 0.05000000074505806, 0.05000000074505806, 0.05000000074505806, 0.05000000074505806, 0.05000000074505806, 0.05000000074505806, 0.05000000074505806, 0.05000000074505806, 0.05000000074505806, 0.05000000074505806, 0.05000000074505806, 0.05000000074505806, 0.05000000074505806, 0.05000000074505806, 0.05000000074505806, 0.05000000074505806, 0.05000000074505806]"
8,0.31500000000000017,0.1782698631286621,"[0.10000000149011612, 0.05000000074505806, 0.5235987901687622, 0.4996987283229828, 0.3458315134048462, -0.42382779717445374, -2.5111186504364014, 0.4327578544616699, 2.7975873947143555, -1.8814642429351807, 0.0007600132375955582, 0.0066606816835701466]","[0.0, 0.0, 0.0, 0.14695291221141815, 0.6749557256698608, 0.04556761309504509, 1.2126803398132324, -0.033958274871110916, -0.6111771464347839, 0.5778104066848755, 0.15840590000152588, 0.3663651943206787]","[0.0, 0.0, 0.0, -0.1592377116708449, 0.3882201588232848, 0.03605431392522969, 0.6891700189207881, 0.0018190417211026077, -0.3486940395414206, -0.02881215929341375, 0.0, 0.0]","[0.7249477505683899, 0.7712567448616028, 0.7044634819030762, 0.8042038083076477, 0.7710564732551575, 0.7691658735275269, 0.772171139717102, 0.7680667042732239, 0.7267142534255981, 0.6425260305404663, 0.7683345675468445, 0.7706996202468872, 0.6681025624275208, 0.7399750351905823, 0.6930544376373291, 0.7679656744003296, 0.767662763595581, 0.7684102058410645, 0.7686156034469604, 0.7684625387191772, 0.5578610897064209, 0.7691657543182373, 0.7126808762550354, 0.5686790347099304, 0.6786882877349854, 0.7691333293914795, 0.5611331462860107, 0.7686477899551392, 0.5655379295349121, 0.7688854932785034, 0.6849939823150635, 0.6266307234764099, 0.5579614639282227, 0.5719257593154907, 0.5876270532608032, 0.7682608366012573, 0.7686442136764526, 0.6279829740524292, 0.7005935311317444, 0.770039975643158, 3.3868019580841064, 0.6147657632827759, 0.5815926790237427, 0.7023864984512329, 2.4998245239257812, 0.5622950196266174, 0.6131092309951782, 0.6355298757553101, 0.7691326141357422, 0.7683764696121216, 0.5525155663490295, 0.6601491570472717, 0.630457878112793, 0.5833338499069214, 0.6890145540237427, 0.6846343278884888, 0.5621098279953003, 0.7493023872375488, 0.7695703506469727, 0.5791462063789368, 0.7699230909347534, 0.7689883708953857, 0.7690731883049011, 0.717086672782898, 0.5867033004760742, 1.5248016119003296, 0.5803835391998291, 0.6260521411895752, 0.6912246942520142, 0.5890542268753052, 0.5813654065132141, 0.5548924207687378, 0.5932629704475403, 0.7684402465820312, 0.669489860534668, 0.6447620391845703, 0.678995668888092, 0.5685712099075317, 0.6048033237457275, 0.6161121129989624, 0.7681434154510498, 0.7688318490982056, 0.7194423675537109, 0.7691075801849365, 0.769335150718689, 0.6170465350151062, 0.7683197855949402, 0.5766407251358032, 0.6021028757095337, 0.5764527320861816, 0.6126127243041992, 69.90937042236328, 0.5758545994758606, 0.7689634561538696, 0.6477986574172974, 0.6592673063278198, 0.7211712598800659, 0.785494863986969, 0.6152816414833069, 1.0227065086364746, 0.6395828127861023, 0.6107967495918274, 0.7102780342102051, 0.7921257615089417, 0.5788583159446716, 0.5577922463417053, 0.6263778805732727, 0.5695401430130005, 0.5770056843757629, 0.5625554323196411, 0.5523684620857239, 0.5536335706710815, 0.6435058116912842, 0.7687829732894897, 0.6098847985267639, 0.8373810052871704, 0.5692014694213867, 0.6736007928848267, 0.78645920753479, 5.629860877990723, 0.6892551183700562, 0.5728902220726013, 0.5542640686035156, 0.5602186918258667, 0.6719702482223511, 65.904541015625, 0.7394890785217285, 0.7687278389930725]",0.026788389310240746,False,"[0.05000000074505806, 0.05000000074505806, 0.05000000074505806, 0.05000000074505806, 0.05000000074505806, 0.05000000074505806, 0.05000000074505806, 0.05000000074505806, 0.05000000074505806, 0.05000000074505806, 0.05000000074505806, 0.05000000074505806, 0.05000000074505806, 0.05000000074505806, 0.05000000074505806, 0.05000000074505806, 0.05000000074505806, 0.05000000074505806, 0.05000000074505806, 0.05000000074505806]"
9,0.3600000000000002,0.17896676063537598,"[0.10000000149011612, 0.05000000074505806, 0.5235987901687622, 0.49889397621154785, 0.36580801010131836, -0.419564813375473, -2.4745264053344727, 0.4319332242012024, 2.7812583446502686, -1.8739326000213623, 0.0034312817733734846, 0.019650554284453392]","[0.0, 0.0, 0.0, -0.05545959994196892, 0.39517173171043396, 0.0817994773387909, 0.7263449430465698, -0.013303475454449654, -0.33922168612480164, -0.008464117534458637, 0.06801369041204453, 0.18600641191005707]","[0.0, 0.0, 0.0, -0.34073619764359236, 0.02449471815770214, -0.036992786475792086, 0.03306555732534647, 0.04018168960857111, -0.023486702601804126, -0.4079059125153333, 0.0, 0.0]","[0.5563660264015198, 0.7687212824821472, 0.598176896572113, 0.7682638168334961, 0.7687192559242249, 0.7688823938369751, 0.76813805103302, 0.7691493630409241, 0.771693229675293, 0.650226354598999, 0.6625346541404724, 0.6161282062530518, 0.6564615368843079, 0.7396972179412842, 0.7686474323272705, 0.7686858177185059, 0.7083253860473633, 1.241232991218567, 0.767632246017456, 0.7683330178260803, 0.7689740061759949, 0.884598433971405, 0.5870954990386963, 0.6734070777893066, 0.6477072238922119, 0.5448352694511414, 0.76896071434021, 0.5679677724838257, 0.6656929850578308, 0.5797872543334961, 2.6290805339813232, 0.7694641351699829, 0.6496936082839966, 0.7681739330291748, 0.5664657354354858, 0.6866977214813232, 0.5741409659385681, 0.6454049944877625, 0.540229856967926, 1.1776283979415894, 0.767315149307251, 0.6151308417320251, 0.5640727281570435, 0.6148089170455933, 0.5513795614242554, 0.5696080923080444, 0.5665855407714844, 0.6206222772598267, 0.5484896302223206, 0.5714783072471619, 0.7697005271911621, 0.6442076563835144, 5.06559419631958, 0.6523904800415039, 0.560052752494812, 0.5818308591842651, 1.0495637655258179, 1.5889642238616943, 0.7334190607070923, 0.6189253330230713, 0.7202699184417725, 0.7294353246688843, 0.5682846903800964, 0.8018105030059814, 0.6347168684005737, 0.6303926110267639, 0.5458254814147949, 0.6472169756889343, 1.319214105606079, 0.8878621459007263, 0.7247093915939331, 0.7694082260131836, 0.7692650556564331, 0.5551923513412476, 0.7688151001930237, 0.603999137878418, 89.5787353515625, 0.6462096571922302, 0.6489139795303345, 0.6635033488273621, 0.5796774625778198, 0.6536669731140137, 0.5663495063781738, 0.5648579001426697, 0.6116732358932495, 0.6635839939117432, 0.6757376790046692, 0.5574169158935547, 0.5745686292648315, 0.5761574506759644, 0.6493671536445618, 0.5887801051139832, 0.6186795234680176, 0.6764373779296875, 0.557368278503418, 0.6857820749282837, 0.7044174075126648, 0.689759373664856, 0.8719359040260315, 0.937643826007843, 0.8434911370277405, 0.6112471222877502, 0.770578920841217, 0.720025897026062, 0.5769426822662354, 0.6953962445259094, 0.5632383227348328, 0.5501909255981445, 0.6627191305160522, 0.5920560956001282, 0.768403947353363, 0.597630500793457, 0.7314395904541016, 0.5857781171798706, 0.5973904132843018, 0.8815351128578186, 0.6065448522567749, 0.572417140007019, 0.6297504901885986, 0.5722815990447998, 0.7323644161224365, 0.5611345171928406, 0.5718237161636353, 0.615342378616333, 0.5447921752929688, 0.7007455825805664, 0.769127368927002, 0.6134575605392456]",0.026788577437400818,False,"[0.05000000074505806, 0.05000000074505806, 0.05000000074505806, 0.05000000074505806, 0.05000000074505806, 0.05000000074505806, 0.05000000074505806, 0.05000000074505806, 0.05000000074505806, 0.05000000074505806, 0.05000000074505806, 0.05000000074505806, 0.05000000074505806, 0.05000000074505806, 0.05000000074505806, 0.05000000074505806, 0.05000000074505806, 0.05000000074505806, 0.05000000074505806, 0.05000000074505806]"
10,0.40500000000000025,0.17928862571716309,"[0.10050180554389954, 0.050042539834976196, 0.5223401784896851, 0.4912717938423157, 0.3709876537322998, -0.416462242603302, -2.4644417762756348, 0.4325349032878876, 2.778094530105591, -1.8890650272369385, 0.0013526828261092305, 0.023423559963703156]","[0.0334535576403141, 0.0028359692078083754, -0.08390600979328156, -0.195113867521286, 0.05424899607896805, 0.06230403482913971, 0.10469624400138855, 0.019793402403593063, -0.04200337082147598, -0.40085548162460327, -0.00787417497485876, -0.05424761399626732]","[0.0, 0.0, 0.0, -0.2914771293647406, 0.7434783639866583, 0.0629630040903017, 1.3255020451221484, -0.009143949094136707, -0.6672286037401582, -0.02513090298555251, 0.0, 0.0]","[0.5670793652534485, 0.7712253928184509, 0.6008738279342651, 0.7154258489608765, 0.7713280916213989, 0.6736676692962646, 0.7283662557601929, 0.7480008602142334, 0.7699291706085205, 0.6495496034622192, 0.5954583883285522, 0.7692430019378662, 0.6541316509246826, 0.6197680830955505, 0.7557359337806702, 0.631312370300293, 0.7691345810890198, 0.6465548872947693, 0.6898800134658813, 1.0195465087890625, 0.705406665802002, 0.963742733001709, 0.7702629566192627, 6.624763488769531, 2.724748134613037, 0.5738966464996338, 21.82085609436035, 0.7028237581253052, 0.8440182209014893, 0.6723807454109192, 0.5990877151489258, 43.580589294433594, 0.7035645842552185, 0.6444514989852905, 0.5533373355865479, 0.6335633993148804, 0.6008719205856323, 0.588744044303894, 0.6935291290283203, 0.6307308673858643, 0.598533034324646, 0.564177930355072, 0.578326940536499, 0.6724256873130798, 0.62803053855896, 0.5869238376617432, 0.5532680153846741, 0.5560397505760193, 0.6975668668746948, 0.6362956762313843, 2.3126840591430664, 0.5492455363273621, 0.6898742914199829, 0.5666520595550537, 0.5708767175674438, 0.5753099918365479, 0.583800196647644, 2.2575974464416504, 0.6528295278549194, 0.712338387966156, 0.7038418054580688, 0.594352126121521, 1.160565972328186, 0.5661704540252686, 0.5845959186553955, 0.7480778694152832, 0.5906625390052795, 0.6569277048110962, 0.5531526803970337, 0.567886233329773, 0.5946058630943298, 0.6157780885696411, 0.7131626605987549, 0.7306820154190063, 2.5321545600891113, 0.6471059918403625, 0.7244893312454224, 0.651558518409729, 0.6294969320297241, 0.6291388273239136, 0.6671900749206543, 0.7551882266998291, 0.6407070159912109, 0.5679519176483154, 1.183098316192627, 0.6099853515625, 1.232808232307434, 0.563681960105896, 0.6071921586990356, 0.55548495054245, 0.5996782183647156, 0.6556468605995178, 0.5604424476623535, 0.6672222018241882, 0.8022439479827881, 0.6152408123016357, 0.8320802450180054, 0.7032032012939453, 0.6100332736968994, 0.7387201189994812, 0.581920325756073, 0.5851500034332275, 0.5465602278709412, 0.5789264440536499, 62.566688537597656, 0.6760082244873047, 0.9530975818634033, 0.601904571056366, 4.031987190246582, 0.618346095085144, 0.5698904395103455, 0.553378701210022, 0.5834057331085205, 0.6110756397247314, 0.5830366611480713, 0.5582534074783325, 0.5965166091918945, 0.5540357232093811, 0.8681749105453491, 1.9295233488082886, 0.7702319622039795, 0.6230596303939819, 1.1099913120269775, 0.5689696073532104, 0.6265124678611755, 0.5954563021659851, 0.5755050778388977, 0.9735144376754761]",0.02682068757712841,False,"[0.03424251452088356, 0.0836716815829277, 0.06309320032596588, 0.0572090782225132, 0.041135791689157486, 0.039509229362010956, 0.045013681054115295, 0.04193432256579399, 0.033922161906957626, 0.06205439567565918, 0.059368330985307693, 0.05686443671584129, 0.05532386153936386, 0.047480128705501556, 0.05158010125160217, 0.04984689876437187, 0.0472344346344471, 0.04484640061855316, 0.04372739419341087, 0.04194200411438942]"
11,0.4500000000000003,0.1793076992034912,"[0.1014648973941803, 0.05148990824818611, 0.4970565736293793, 0.48079004883766174, 0.39435678720474243, -0.4127524793148041, -2.4213967323303223, 0.43288835883140564, 2.7553937435150146, -1.8930224180221558, 0.006009149365127087, 0.029483288526535034]","[0.019576897844672203, 0.048570092767477036, -0.8585820198059082, -0.2281479388475418, 0.6130157113075256, 0.09002941846847534, 1.1335680484771729, 0.0032326839864253998, -0.6905842423439026, -0.02959933690726757, 0.0642341673374176, 0.19936150312423706]","[0.0, 0.0, 0.0, -0.6738380344224157, 0.5329795931520207, -0.016222322221319502, 0.9387153949553714, 0.04000869999950443, -0.48257338173653946, -0.5767443139779468, 0.0, 0.0]","[0.5818238854408264, 0.5785451531410217, 0.6504164934158325, 0.6884949207305908, 1.1902544498443604, 0.5686315298080444, 0.6719939708709717, 0.6860506534576416, 1.5874136686325073, 0.6430606245994568, 0.7009974718093872, 0.5567210912704468, 0.5684661865234375, 0.7183354496955872, 0.5576906800270081, 0.6093223690986633, 0.5606161952018738, 0.5867337584495544, 0.5801423192024231, 0.6583791375160217, 0.6485334634780884, 0.6199633479118347, 0.5926356911659241, 0.5528219938278198, 0.6416189074516296, 0.5563920736312866, 0.5528161525726318, 0.5683436393737793, 0.567498505115509, 0.558712363243103, 0.5782432556152344, 0.5451481342315674, 0.6797261238098145, 0.6302369832992554, 0.6014360189437866, 0.611078143119812, 0.598745584487915, 0.562998354434967, 0.6939481496810913, 0.5988360643386841, 0.6934891939163208, 0.5721773505210876, 0.6777786016464233, 0.5424952507019043, 0.6656414270401001, 0.6937768459320068, 0.7041928768157959, 0.6201655864715576, 0.5690959692001343, 0.5793455839157104, 0.6273440718650818, 0.7351166009902954, 0.6836832761764526, 0.5565685629844666, 0.5598243474960327, 2.1878275871276855, 0.5602977275848389, 0.6228935122489929, 0.6027169823646545, 0.6763443946838379, 0.6954898238182068, 0.5651827454566956, 0.6807117462158203, 0.5545968413352966, 0.6159762740135193, 0.5674998760223389, 0.5409712791442871, 0.6564515829086304, 0.6161445379257202, 0.5605618953704834, 0.6805742979049683, 0.6309611797332764, 0.589877724647522, 0.5570662021636963, 0.7025693655014038, 0.5676941871643066, 0.5490344762802124, 0.6346834897994995, 0.5601153373718262, 0.5648411512374878, 0.5467106103897095, 0.6616102457046509, 0.9329454302787781, 0.6954512596130371, 0.683164656162262, 0.6863631010055542, 0.531273603439331, 0.5468445420265198, 0.5685227513313293, 0.5535205602645874, 0.5684024691581726, 0.6804512739181519, 0.6560982465744019, 0.6568853259086609, 0.5513395071029663, 0.6373623609542847, 0.7357025146484375, 0.6774856448173523, 0.5632091760635376, 0.613183856010437, 0.5869786739349365, 0.5707675218582153, 0.5722924470901489, 0.567353367805481, 0.5487732291221619, 0.5474063158035278, 0.5407029390335083, 0.6207441091537476, 0.5614025592803955, 0.7355401515960693, 8.748123168945312, 0.609452486038208, 0.5730765461921692, 0.6870569586753845, 0.5764050483703613, 0.6079014539718628, 0.6017019748687744, 68.837646484375, 0.5545641183853149, 0.6978266835212708, 0.5601394772529602, 0.699569821357727, 0.5447994470596313, 0.5628947019577026, 0.6127134561538696, 0.6230411529541016, 0.5610206723213196, 0.5638903379440308]",0.025854066014289856,False,"[0.05000000074505806, 0.05000000074505806, 0.05000000074505806, 0.05000000074505806, 0.05000000074505806, 0.05000000074505806, 0.05000000074505806, 0.05000000074505806, 0.05000000074505806, 0.05000000074505806, 0.05000000074505806, 0.05000000074505806, 0.05000000074505806, 0.05000000074505806, 0.05000000074505806, 0.05000000074505806, 0.05000000074505806, 0.05000000074505806, 0.05000000074505806, 0.05000000074505806]"
12,0.49500000000000033,0.17917990684509277,"[0.10220512002706528, 0.05545949563384056, 0.41830265522003174, 0.4624277353286743, 0.41716089844703674, -0.4043278694152832, -2.382723331451416, 0.43413642048835754, 2.7295007705688477, -1.9116064310073853, 0.002061473438516259, 0.042405784130096436]","[0.020661735907197, 0.07076000422239304, -1.582710862159729, -0.43878352642059326, 0.4871511459350586, 0.17869557440280914, 0.8221008777618408, 0.027202337980270386, -0.5533720850944519, -0.5553011298179626, -0.09632042795419693, 0.2394178807735443]","[0.0, 0.0, 0.0, -0.6081210717877852, 0.765810872893279, 0.0058646891631445805, 1.367503965711778, -0.00023773594083378174, -0.6938655122918689, -0.3764881635726828, 0.0, 0.0]","[0.5420473217964172, 0.657149076461792, 0.5926294326782227, 0.9707822203636169, 0.5581570267677307, 0.5866711139678955, 0.8279338479042053, 0.6831001043319702, 1.4221806526184082, 2.278277635574341, 1.9495325088500977, 0.5743287205696106, 0.5759896039962769, 1.1484503746032715, 0.790780246257782, 1.564744234085083, 0.5920718312263489, 0.9868714213371277, 0.5996595621109009, 1.457695722579956, 2.2425172328948975, 0.6354142427444458, 0.6315075159072876, 0.8628015518188477, 0.65387362241745, 3.0287153720855713, 1.5879954099655151, 0.5620247721672058, 0.5803223252296448, 0.5804165005683899, 0.6090473532676697, 0.5673022270202637, 0.572754442691803, 0.5606749057769775, 36.1707878112793, 0.5516968369483948, 0.5162028074264526, 0.6452145576477051, 0.552126944065094, 0.568698525428772, 0.6799997091293335, 0.5484620332717896, 0.5585854649543762, 0.5665390491485596, 0.538671612739563, 0.544399082660675, 0.5364909172058105, 0.6107662320137024, 0.5460821390151978, 0.6698840260505676, 0.6069215536117554, 0.5377349257469177, 0.5694423317909241, 0.6164071559906006, 4.913857936859131, 0.558871328830719, 0.5808931589126587, 0.5641491413116455, 0.7461332082748413, 0.5540947318077087, 0.541253387928009, 0.5544010400772095, 0.9724453091621399, 0.6673625707626343, 0.6117556095123291, 0.5493858456611633, 0.5464470386505127, 0.5497512817382812, 7.268935680389404, 0.5407269597053528, 0.536738932132721, 0.6052572727203369, 0.5863909125328064, 0.57194983959198, 0.7553753852844238, 0.5415326356887817, 45.73915100097656, 0.5500109791755676, 0.5676600933074951, 3.349752426147461, 0.5421261787414551, 0.5431498885154724, 0.7132747173309326, 0.5389699935913086, 0.5723538398742676, 0.542198896408081, 0.8191373348236084, 0.6259881258010864, 0.8525153398513794, 1.0551233291625977, 0.5992003679275513, 0.5676670670509338, 0.5533226132392883, 0.7452226877212524, 56.09835433959961, 0.5691282749176025, 0.7054323554039001, 0.6510818004608154, 0.5515025854110718, 0.5417724847793579, 0.5637102723121643, 0.564896285533905, 0.5612636804580688, 0.5353376269340515, 0.5776089429855347, 0.5459887981414795, 1.611457109451294, 0.6053727865219116, 0.541409969329834, 1.1252890825271606, 0.5645679235458374, 0.5458201169967651, 0.5756494998931885, 0.558588981628418, 0.5918037295341492, 3.2126197814941406, 0.5885383486747742, 0.5385345220565796, 0.5929169654846191, 0.5426843166351318, 0.5495901703834534, 0.6476724147796631, 0.6088470220565796, 0.69743812084198, 0.5761277675628662, 0.5827435851097107, 0.6009379625320435, 0.551917314529419]",0.022908274084329605,False,"[0.05000000074505806, 0.05000000074505806, 0.05000000074505806, 0.05000000074505806, 0.05000000074505806, 0.05000000074505806, 0.05000000074505806, 0.05000000074505806, 0.05000000074505806, 0.05000000074505806, 0.05000000074505806, 0.05000000074505806, 0.05000000074505806, 0.05000000074505806, 0.05000000074505806, 0.05000000074505806, 0.05000000074505806, 0.05000000074505806, 0.05000000074505806, 0.05000000074505806]"
13,0.5400000000000004,0.17969226837158203,"[0.10329833626747131, 0.058311689645051956, 0.35477834939956665, 0.4422943890094757, 0.4461557865142822, -0.39772337675094604, -2.3314433097839355, 0.4349732995033264, 2.6958935260772705, -1.9291455745697021, -0.00014549324987456203, 0.05447202920913696]","[0.02132268063724041, 0.08204788714647293, -1.7199668884277344, -0.4435865581035614, 0.680510938167572, 0.1451166421175003, 1.1881434917449951, 0.015024648047983646, -0.7742635607719421, -0.3671025037765503, -0.07763415575027466, 0.32570138573646545]","[0.0, 0.0, 0.0, -0.5923460835730809, 0.777770007804024, -0.0010185538220758572, 1.3972454494198874, -0.01665464897795956, -0.707088076674306, -0.3346976917072652, 0.0, 0.0]","[0.514167070388794, 0.5619877576828003, 1.024624228477478, 0.5772767663002014, 0.5724748373031616, 0.543892502784729, 0.603309690952301, 4.126012802124023, 1.4513096809387207, 0.5435305833816528, 0.5544471144676208, 1.0488684177398682, 0.6109687089920044, 0.5532470941543579, 0.5755695700645447, 0.553336501121521, 0.5682440996170044, 0.5711972713470459, 1.419323444366455, 0.5377331376075745, 0.5412054061889648, 74.91341400146484, 0.5912732481956482, 0.6286534070968628, 0.5384342670440674, 0.6292828321456909, 0.5422667860984802, 0.5434410572052002, 0.5530730485916138, 0.5390892028808594, 0.5416014790534973, 0.5518968105316162, 0.5569331645965576, 0.5743695497512817, 0.5814059376716614, 0.5485384464263916, 0.5369194746017456, 0.5410405397415161, 0.5484712719917297, 0.5883728861808777, 0.5933346748352051, 0.5960619449615479, 0.5428018569946289, 0.5706249475479126, 0.5713739991188049, 0.5451673865318298, 0.5578920245170593, 0.5758538246154785, 0.571941614151001, 0.573890209197998, 0.5456264019012451, 0.583532452583313, 0.5499514937400818, 0.5475416779518127, 0.6838600635528564, 0.541486918926239, 0.5378209352493286, 0.5516430735588074, 0.5580056309700012, 0.6021614670753479, 0.5446313619613647, 0.5566331148147583, 0.5705864429473877, 0.5673924684524536, 0.5369279384613037, 0.6033850908279419, 0.5496153831481934, 0.5855535268783569, 0.5449485778808594, 0.5423470139503479, 0.6444061994552612, 0.5379147529602051, 0.6017688512802124, 0.6941163539886475, 0.6172101497650146, 0.5800995826721191, 0.5825738310813904, 0.5615999698638916, 0.538104772567749, 0.545971155166626, 0.5425915718078613, 0.5411919355392456, 0.5499337315559387, 0.5352791547775269, 0.5485650897026062, 0.5476728081703186, 0.6026456356048584, 0.5458933711051941, 0.5748223662376404, 0.5372176766395569, 0.538051187992096, 0.6053327322006226, 0.5415083169937134, 0.5896931886672974, 0.6813641786575317, 0.5794883370399475, 0.5771282315254211, 0.6024477481842041, 0.560147762298584, 0.6028738617897034, 0.5649105906486511, 0.5937371253967285, 0.5621823072433472, 0.5237644910812378, 0.5444196462631226, 0.5398843288421631, 0.5472620725631714, 0.5421656370162964, 0.5434943437576294, 0.6069116592407227, 0.5376226305961609, 0.5688155889511108, 0.5390369892120361, 0.5383017659187317, 0.6443051695823669, 0.5510651469230652, 2.2863028049468994, 0.6023023128509521, 0.558150589466095, 0.5929652452468872, 0.750899076461792, 0.5715748071670532, 0.5743175148963928, 1.5380887985229492, 0.5515846610069275, 0.561999499797821, 0.5395022630691528, 0.5380659699440002]",0.02120037190616131,False,"[0.05000000074505806, 0.05000000074505806, 0.05000000074505806, 0.05000000074505806, 0.05000000074505806, 0.05000000074505806, 0.05000000074505806, 0.05000000074505806, 0.05000000074505806, 0.05000000074505806, 0.05000000074505806, 0.05000000074505806, 0.05000000074505806, 0.05000000074505806, 0.05000000074505806, 0.05000000074505806, 0.05000000074505806, 0.05000000074505806, 0.05000000074505806, 0.05000000074505806]"
14,0.5850000000000004,0.1793968677520752,"[0.10389090329408646, 0.0618564635515213, 0.27565109729766846, 0.4227648377418518, 0.4783908724784851, -0.391396164894104, -2.2764673233032227, 0.4353923499584198, 2.6607329845428467, -1.944394826889038, -0.0035414674784988165, 0.06901152431964874]","[0.010328488424420357, 0.07618716359138489, -1.7266901731491089, -0.43008172512054443, 0.7299968600273132, 0.1370294690132141, 1.236575961112976, 0.006553095765411854, -0.7830584645271301, -0.3250338137149811, -0.07266085594892502, 0.3179952800273895]","[0.0, 0.0, 0.0, -0.38433997905175116, 0.7809057217787448, 0.025651546202379263, 1.4220600439860316, -0.04470472455952655, -0.7092262648146946, -0.060589634728262926, 0.0, 0.0]","[0.6642895936965942, 0.5422065258026123, 1.2642748355865479, 0.5394892692565918, 0.5536497831344604, 0.9562692642211914, 0.5402196645736694, 0.5607239603996277, 0.5460260510444641, 0.5495623350143433, 0.97276371717453, 0.5351525545120239, 0.5451467037200928, 1.2153558731079102, 0.5907142758369446, 1.6162748336791992, 0.5426783561706543, 0.5426607728004456, 0.856505274772644, 0.5400804281234741, 0.5486568212509155, 0.5951645970344543, 0.5670362710952759, 0.5406319499015808, 0.5402252674102783, 0.534541130065918, 0.5349187850952148, 0.5541238784790039, 0.5308389663696289, 0.5337784886360168, 0.5397753715515137, 0.550462007522583, 0.536321759223938, 0.5385860800743103, 0.5448123216629028, 3.1676831245422363, 0.5412575006484985, 0.5658251047134399, 0.5437477827072144, 0.5375065207481384, 0.5590775609016418, 0.5387586355209351, 0.551072359085083, 0.5773130059242249, 0.535091757774353, 0.5146651864051819, 0.5465362071990967, 0.6448164582252502, 0.5707788467407227, 0.5447452664375305, 0.6254026889801025, 0.577511191368103, 0.6403034925460815, 0.5723012685775757, 0.5998278856277466, 0.537388026714325, 0.5367252826690674, 0.5358213186264038, 0.5542252659797668, 0.5528376698493958, 0.7015208005905151, 0.5374824404716492, 0.5461875796318054, 0.6958295106887817, 0.5440126657485962, 0.548378586769104, 0.541426420211792, 0.5476061105728149, 0.534787654876709, 0.5349341630935669, 0.5780516266822815, 0.5521610975265503, 0.5807790160179138, 1.1638673543930054, 0.5993970632553101, 0.5347599983215332, 0.5598729252815247, 0.5298840999603271, 0.5363357067108154, 0.5445102453231812, 0.5717159509658813, 0.5350186228752136, 0.5478746294975281, 0.5369800925254822, 0.5382891893386841, 0.5673468112945557, 0.5353125333786011, 0.5412150621414185, 0.6740173101425171, 0.5677377581596375, 0.7737977504730225, 0.528307318687439, 0.5419178009033203, 0.5599055290222168, 0.5336402654647827, 0.5497230291366577, 0.5489963889122009, 0.5878186821937561, 0.5524487495422363, 0.5356937050819397, 0.5601209402084351, 0.5478487014770508, 0.5447527170181274, 0.5366145372390747, 0.5380312204360962, 0.535732090473175, 0.5390675067901611, 0.5447770953178406, 0.5547839999198914, 0.5421299338340759, 0.5457272529602051, 0.5421221256256104, 0.5414344072341919, 0.79170823097229, 0.5586414337158203, 0.6456351280212402, 0.5374712944030762, 0.5344492793083191, 0.591435432434082, 0.536960780620575, 0.5428463816642761, 1.0851867198944092, 0.5365564823150635, 0.56052565574646, 0.5364482402801514, 0.5604279637336731, 0.5857325792312622, 0.5404895544052124]",0.01965499296784401,False,"[0.05000000074505806, 0.05000000074505806, 0.05000000074505806, 0.05000000074505806, 0.05000000074505806, 0.05000000074505806, 0.05000000074505806, 0.05000000074505806, 0.05000000074505806, 0.05000000074505806, 0.05000000074505806, 0.05000000074505806, 0.05000000074505806, 0.05000000074505806, 0.05000000074505806, 0.05000000074505806, 0.05000000074505806, 0.05000000074505806, 0.05000000074505806, 0.05000000074505806]"
15,0.6300000000000004,0.1793515682220459,"[0.10380483418703079, 0.0639345720410347, 0.22738657891750336, 0.407340943813324, 0.5118566751480103, -0.3880373239517212, -2.2181904315948486, 0.4345147907733917, 2.6272599697113037, -1.9480845928192139, -0.006305160000920296, 0.08411342650651932]","[-0.0014803878730162978, 0.07437198609113693, -1.5441020727157593, -0.31320619583129883, 0.7377553582191467, 0.07717814296483994, 1.2874850034713745, -0.01936175674200058, -0.77263343334198, -0.061612818390131, -0.017659785225987434, 0.29225364327430725]","[0.0, 0.0, 0.0, -0.4469481095513539, 0.7980754288405514, 0.0163738799034365, 1.4593686870689413, -0.047149237263774395, -0.7265452012210429, -0.10926498486762679, 0.0, 0.0]","[0.5053582787513733, 0.5370004177093506, 0.5425560474395752, 0.5349645614624023, 0.5353108644485474, 0.8505503535270691, 1.0242112874984741, 0.5358346700668335, 3.160597085952759, 0.53333979845047, 1.1526985168457031, 0.5343962907791138, 0.5284048318862915, 0.5961792469024658, 1.1500706672668457, 0.5362973213195801, 0.5382764935493469, 0.5354499220848083, 0.5127577185630798, 0.5384610891342163, 0.5491421222686768, 0.5316859483718872, 0.5339908599853516, 0.5513321161270142, 0.5438193678855896, 0.5373597145080566, 0.6622143983840942, 0.5438804626464844, 0.5438010692596436, 0.5435953140258789, 0.5051224827766418, 0.5348870158195496, 0.5361642837524414, 0.80489581823349, 0.5498563051223755, 0.5323710441589355, 0.5334553718566895, 0.5359631776809692, 0.5325517654418945, 0.5357064008712769, 0.7876385450363159, 0.5251328945159912, 0.5573012828826904, 0.5322775840759277, 0.5708674192428589, 0.5334901213645935, 0.5327354073524475, 0.5382548570632935, 0.530619740486145, 0.5268989205360413, 0.531306266784668, 0.544198215007782, 0.5361818671226501, 0.5347646474838257, 0.5750128030776978, 0.5329163074493408, 0.5439639091491699, 0.5354326963424683, 0.5344756841659546, 0.5340011715888977, 0.544793426990509, 0.5429631471633911, 0.5449645519256592, 0.6123430132865906, 0.5425949096679688, 0.5424768328666687, 0.767592191696167, 0.973351001739502, 0.5444839000701904, 0.5435498356819153, 0.5444478988647461, 0.5317093729972839, 0.5291290283203125, 0.5316243171691895, 0.5447889566421509, 0.5341132283210754, 0.534736156463623, 0.5465865135192871, 0.4768446087837219, 0.5167821645736694, 0.532619833946228, 0.5678476095199585, 0.5444167852401733, 0.5372037887573242, 0.5312014818191528, 0.5440505743026733, 0.5169430375099182, 0.5413403511047363, 0.521236002445221, 0.53438401222229, 0.5317800045013428, 0.5410041809082031, 0.5854083895683289, 0.6538808345794678, 0.5384097099304199, 0.5343763828277588, 0.5377473831176758, 0.5306468605995178, 0.5340825319290161, 0.5336679220199585, 0.5301306247711182, 0.5424715876579285, 0.544126570224762, 0.9704469442367554, 1.1609948873519897, 0.5809208750724792, 0.5344802141189575, 0.5431925058364868, 0.5364408493041992, 0.6660335063934326, 0.5933470129966736, 0.5759339332580566, 0.532177209854126, 0.585466742515564, 1.0871031284332275, 0.5442295074462891, 0.5327286720275879, 0.5336064100265503, 0.5256507992744446, 0.5438487529754639, 0.49668848514556885, 0.5349627733230591, 0.5328644514083862, 0.5451462864875793, 0.5438424348831177, 0.5329486131668091, 0.5440322756767273, 0.54117751121521]",0.018997786566615105,False,"[0.05000000074505806, 0.05000000074505806, 0.05000000074505806, 0.05000000074505806, 0.05000000074505806, 0.05000000074505806, 0.05000000074505806, 0.05000000074505806, 0.05000000074505806, 0.05000000074505806, 0.05000000074505806, 0.05000000074505806, 0.05000000074505806, 0.05000000074505806, 0.05000000074505806, 0.05000000074505806, 0.05000000074505806, 0.05000000074505806, 0.05000000074505806, 0.05000000074505806]"
16,0.6750000000000005,0.1789083480834961,"[0.10353062301874161, 0.06599368900060654, 0.17823220789432526, 0.39225709438323975, 0.5452303290367126, -0.3844526708126068, -2.157540798187256, 0.4332967698574066, 2.5932798385620117, -1.9529719352722168, -0.007963702082633972, 0.10006678104400635]","[0.0018190561095252633, 0.058898016810417175, -1.2287447452545166, -0.34143340587615967, 0.7379350066184998, 0.07762377709150314, 1.3700597286224365, -0.029932361096143723, -0.7676995396614075, -0.10210908204317093, 0.004169326741248369, 0.2614979147911072]","[0.0, 0.0, 0.0, -0.5062073889226231, 0.7258984634628557, -0.0006397705519065253, 1.3284142108759196, -0.03886415814047679, -0.6617672583227252, -0.20394144454471924, 0.0, 0.0]","[0.5152855515480042, 0.5342044830322266, 0.5347611904144287, 0.5355902314186096, 0.8627305030822754, 0.44449764490127563, 0.5347322225570679, 0.5344687700271606, 0.8546676635742188, 0.5312395095825195, 0.534761905670166, 0.5347439646720886, 0.5332628488540649, 0.5327275991439819, 0.5305995941162109, 0.5343157052993774, 0.5349792242050171, 0.525881826877594, 0.5352895259857178, 0.5335385203361511, 0.5332307815551758, 0.5331957936286926, 0.5353959202766418, 0.5271087288856506, 0.5339773297309875, 0.5333930253982544, 0.6345314979553223, 1.028791904449463, 0.43648794293403625, 0.5323348641395569, 0.5237855315208435, 0.4887703061103821, 0.5356577634811401, 0.5315578579902649, 0.6325887441635132, 1.3374488353729248, 0.5451462268829346, 0.5305440425872803, 0.6711082458496094, 0.478894978761673, 0.5488215088844299, 0.5158873796463013, 0.5274087190628052, 0.5335754156112671, 0.580364465713501, 0.5333549976348877, 0.5825486183166504, 0.6304272413253784, 0.5228202939033508, 0.5109682083129883, 2.4761064052581787, 0.5318834781646729, 0.5115368962287903, 0.5185422301292419, 0.4694722294807434, 0.5203900933265686, 0.5279120206832886, 0.5330828428268433, 0.5336304903030396, 0.5331630110740662, 0.5348708629608154, 0.5897125005722046, 0.5337116122245789, 0.5338373780250549, 0.5244350433349609, 0.5873448848724365, 0.5078147649765015, 0.5319823622703552, 0.5195462107658386, 0.4893721342086792, 0.6221423149108887, 0.5340985059738159, 0.5046062469482422, 0.5323137044906616, 0.6008492112159729, 0.5184021592140198, 0.5335409045219421, 0.5336845517158508, 0.7446076273918152, 0.5291782021522522, 0.5307173728942871, 0.5185266137123108, 0.5304480791091919, 0.5333845019340515, 0.5296420454978943, 0.5358920097351074, 0.5322862267494202, 0.5311014652252197, 0.7982475757598877, 0.5343320369720459, 0.5264824032783508, 0.5336230993270874, 1.1817004680633545, 0.5273098945617676, 0.5340107679367065, 0.4444270431995392, 0.5337736010551453, 0.71992427110672, 0.6079987287521362, 0.5166143178939819, 0.534048318862915, 0.46876421570777893, 0.5060579776763916, 0.47812628746032715, 0.5338879823684692, 0.9786391258239746, 0.5334070324897766, 0.7834982872009277, 0.6697381138801575, 0.5387446880340576, 0.5346372723579407, 1.4089041948318481, 0.5369143486022949, 0.5292868614196777, 0.4488101303577423, 0.5034973621368408, 0.6097350120544434, 0.5709898471832275, 0.5466406345367432, 0.5329508185386658, 0.7786293625831604, 0.5319322943687439, 0.6234620213508606, 0.5303094387054443, 0.5402113795280457, 0.5336204767227173, 0.6058535575866699, 0.5318027138710022]",0.01857958734035492,False,"[0.05000000074505806, 0.05000000074505806, 0.05000000074505806, 0.05000000074505806, 0.05000000074505806, 0.05000000074505806, 0.05000000074505806, 0.05000000074505806, 0.05000000074505806, 0.05000000074505806, 0.05000000074505806, 0.05000000074505806, 0.05000000074505806, 0.05000000074505806, 0.05000000074505806, 0.05000000074505806, 0.05000000074505806, 0.05000000074505806, 0.05000000074505806, 0.05000000074505806]"
17,0.7200000000000005,0.17913484573364258,"[0.10352344810962677, 0.06777101755142212, 0.13090161979198456, 0.37578457593917847, 0.5757282376289368, -0.38061073422431946, -2.0998404026031494, 0.4321156144142151, 2.562391757965088, -1.9620059728622437, -0.01078785490244627, 0.11562943458557129]","[0.01571493037045002, 0.03531953692436218, -0.9992318153381348, -0.37523964047431946, 0.6636626124382019, 0.0830870270729065, 1.2880882024765015, -0.024931788444519043, -0.6855324506759644, -0.1957395374774933, -0.02020091377198696, 0.25803881883621216]","[0.0, 0.0, 0.0, -0.17863932537906949, 0.4032368354820979, 0.01697750199528736, 0.7457518452452794, -0.028638594273650606, -0.3642449298115193, 0.01729175029902809, 0.0, 0.0]","[0.4524366855621338, 0.5318540930747986, 0.5344297885894775, 0.5329294800758362, 0.5357680320739746, 0.5159416794776917, 0.5321624279022217, 0.47921133041381836, 0.5162480473518372, 0.7144688367843628, 0.5321812033653259, 0.5330922603607178, 0.5326746702194214, 0.7008012533187866, 0.5324329137802124, 0.5318515300750732, 0.53260737657547, 0.5364952683448792, 0.5328003168106079, 0.53041011095047, 0.5353051424026489, 0.5213041305541992, 0.4937838017940521, 0.5329973697662354, 0.5314292907714844, 1.0464959144592285, 0.5318228006362915, 0.5316121578216553, 0.48000121116638184, 0.5257720947265625, 0.5314072370529175, 0.5318807363510132, 0.5324498414993286, 0.5065885186195374, 0.7381805777549744, 0.5164193511009216, 0.5249221324920654, 0.485078364610672, 0.4784734845161438, 0.4400089383125305, 0.5088450312614441, 0.5300896763801575, 0.5694290399551392, 0.5312550663948059, 0.4850517809391022, 0.5692093968391418, 0.45094621181488037, 0.4838745892047882, 0.508320689201355, 0.713230311870575, 0.40663260221481323, 0.4588584005832672, 0.4859752655029297, 1.0630781650543213, 0.5168374180793762, 0.5200492143630981, 0.6504611968994141, 0.4659090042114258, 0.513722836971283, 0.44991976022720337, 0.6271277666091919, 0.5827938914299011, 0.531745195388794, 0.5324504375457764, 0.532128095626831, 0.48654675483703613, 1.1969573497772217, 0.3690108060836792, 0.4813827872276306, 0.45477068424224854, 0.8756092190742493, 0.4988899827003479, 0.5937753915786743, 0.5320737361907959, 0.4977771043777466, 0.498418390750885, 0.4959491491317749, 0.5321969985961914, 0.42217564582824707, 0.5223807096481323, 1.030888319015503, 0.5324901342391968, 0.5316198468208313, 0.5318548679351807, 0.5317090749740601, 0.4640003442764282, 0.47992050647735596, 0.42835569381713867, 0.4867154359817505, 0.5314159393310547, 0.5268690586090088, 0.5316562652587891, 0.49376359581947327, 0.530824601650238, 0.4711971879005432, 0.5315644145011902, 0.5317021608352661, 0.5312644243240356, 0.5067759156227112, 0.5319485664367676, 0.5320903062820435, 0.5307860970497131, 0.5786854028701782, 0.532362699508667, 0.5316298604011536, 0.5668078660964966, 0.7585852742195129, 0.5015662312507629, 0.5327826142311096, 0.5236194729804993, 0.5314981341362, 0.5308527946472168, 0.4978298842906952, 0.5086266994476318, 0.6048989295959473, 0.5257775783538818, 0.533427357673645, 0.4991670846939087, 0.4357582926750183, 0.5295058488845825, 0.47756296396255493, 0.4732014536857605, 0.42745059728622437, 0.42201370000839233, 0.5318310856819153, 0.4899456799030304, 0.5190775990486145, 0.9796026945114136]",0.018487796187400818,False,"[0.05000000074505806, 0.05000000074505806, 0.05000000074505806, 0.05000000074505806, 0.05000000074505806, 0.05000000074505806, 0.05000000074505806, 0.05000000074505806, 0.05000000074505806, 0.05000000074505806, 0.05000000074505806, 0.05000000074505806, 0.05000000074505806, 0.05000000074505806, 0.05000000074505806, 0.05000000074505806, 0.05000000074505806, 0.05000000074505806, 0.05000000074505806, 0.05000000074505806]"
18,0.7650000000000006,0.17814111709594727,"[0.10334738343954086, 0.06779705733060837, 0.12602202594280243, 0.3659355640411377, 0.5951610207557678, -0.38033968210220337, -2.0615808963775635, 0.4312881529331207, 2.5446348190307617, -1.961868405342102, -0.01538411807268858, 0.12816449999809265]","[-0.0010593157494440675, -0.00011126347089884803, -0.020656855776906013, -0.19263611733913422, 0.37994301319122314, 0.003035574220120907, 0.7741891145706177, -0.01681225374341011, -0.34776732325553894, 0.012019647285342216, -0.018055710941553116, 0.17339563369750977]","[0.0, 0.0, 0.0, -0.8133924301174695, 0.8791690751079518, -0.02464983731517209, 1.6067753246751078, -0.03240266356681737, -0.8008848396619682, -0.4571202554148257, 0.0, 0.0]","[0.3740003705024719, 0.5292984247207642, 0.5289342403411865, 0.5286376476287842, 0.6027669906616211, 0.5333419442176819, 0.5288889408111572, 0.5312538146972656, 0.5292482376098633, 0.5291752815246582, 0.5088000297546387, 0.5281913876533508, 0.531796932220459, 0.44644442200660706, 0.5160101056098938, 0.5310230255126953, 0.5284374952316284, 0.528794527053833, 0.5281494855880737, 0.5280011892318726, 0.5281507968902588, 0.5314458608627319, 0.5284482836723328, 0.511814296245575, 0.4865359961986542, 0.5281638503074646, 0.4909250736236572, 0.46190598607063293, 0.527920126914978, 0.4434763193130493, 0.5016658902168274, 0.3803008198738098, 0.5093204975128174, 0.5284106731414795, 0.49985718727111816, 0.4453392028808594, 0.3974725604057312, 0.50755774974823, 0.41337281465530396, 0.528074324131012, 0.39882707595825195, 0.5261111259460449, 0.41225337982177734, 0.4530777931213379, 0.49868297576904297, 0.5280555486679077, 0.5351134538650513, 0.45766761898994446, 0.39046937227249146, 0.44929152727127075, 0.4976448714733124, 0.45667123794555664, 0.5118812322616577, 0.4126986265182495, 0.46427077054977417, 0.43357306718826294, 0.52789705991745, 0.4739440083503723, 0.5287033915519714, 0.47711825370788574, 0.706257164478302, 0.528396487236023, 0.41419100761413574, 0.49107882380485535, 0.46203523874282837, 0.5235227346420288, 0.5281680822372437, 0.5168492794036865, 0.395854651927948, 0.4299103617668152, 0.46250903606414795, 0.5664442181587219, 0.5283657312393188, 0.47435224056243896, 0.5431292653083801, 0.431218683719635, 0.5170242786407471, 0.5279473662376404, 0.5280449390411377, 0.4383974075317383, 0.4311148524284363, 0.4508748948574066, 0.44008684158325195, 0.43684855103492737, 0.47505515813827515, 0.8107214570045471, 0.5280728936195374, 0.5278425216674805, 1.6437026262283325, 0.5011029839515686, 0.4186650514602661, 0.44318172335624695, 0.43016862869262695, 0.5280414819717407, 0.4330231845378876, 0.5284957885742188, 0.527807891368866, 0.5125442743301392, 0.40275952219963074, 0.48971065878868103, 0.40694868564605713, 0.5128676891326904, 0.45323610305786133, 0.5546417832374573, 0.5137245655059814, 0.6106134057044983, 0.5043395757675171, 0.4594728946685791, 0.34142830967903137, 0.5838266611099243, 0.450584352016449, 0.4315679669380188, 0.564174473285675, 0.40895915031433105, 0.5150420665740967, 0.462149441242218, 0.4621341824531555, 0.42459744215011597, 0.4838806390762329, 0.4898449778556824, 0.5279775857925415, 0.4112054109573364, 0.4349827766418457, 0.4678863286972046, 0.43503689765930176, 0.47810491919517517, 0.5153914093971252, 0.5044264793395996]",0.018429195508360863,False,"[0.05000000074505806, 0.05000000074505806, 0.05000000074505806, 0.05000000074505806, 0.05000000074505806, 0.05000000074505806, 0.05000000074505806, 0.05000000074505806, 0.05000000074505806, 0.05000000074505806, 0.05000000074505806, 0.05000000074505806, 0.05000000074505806, 0.05000000074505806, 0.05000000074505806, 0.05000000074505806, 0.05000000074505806, 0.05000000074505806, 0.05000000074505806, 0.05000000074505806]"
19,0.8100000000000006,0.17893147468566895,"[0.10334035754203796, 0.06779620051383972, 0.12588775157928467, 0.34207800030708313, 0.6261273622512817, -0.3760303258895874, -1.9969481229782104, 0.4300743341445923, 2.513089418411255, -1.9778306484222412, -0.017327280715107918, 0.14113084971904755]","[-3.206834298907779e-05, -4.042908585688565e-06, -0.0006104420172050595, -0.6029700636863708, 0.7603899240493774, 0.08114195615053177, 1.5661487579345703, -0.024631531909108162, -0.7860433459281921, -0.4474083483219147, -0.20343612134456635, 0.44238755106925964]","[0.0, 0.0, 0.0, -0.10150792785023423, 0.5861888743575889, 0.05122051195649683, 1.0956045728250061, -0.051039917313249965, -0.5182796299720407, 0.23069386815123244, 0.0, 0.0]","[0.36803120374679565, 0.529844343662262, 0.5283288955688477, 0.5305999517440796, 0.5291008949279785, 0.5304229259490967, 0.5313988327980042, 0.528195321559906, 0.5284903049468994, 0.5296619534492493, 0.5284203290939331, 0.5295873880386353, 0.5320202112197876, 0.5322901606559753, 0.5315296053886414, 0.5293717980384827, 0.5299160480499268, 0.5283632278442383, 0.528634786605835, 0.5304889678955078, 0.5311176776885986, 0.5283907055854797, 0.5293577313423157, 0.4706072211265564, 0.41913002729415894, 0.5280370116233826, 0.6812111139297485, 0.5281491875648499, 0.5421199798583984, 0.4323440492153168, 0.5167526006698608, 0.41163772344589233, 0.36941003799438477, 0.6489877700805664, 0.48097050189971924, 0.41551682353019714, 0.48133543133735657, 0.49909812211990356, 0.5799283385276794, 0.7547407150268555, 0.49384814500808716, 0.52837073802948, 0.5346181392669678, 0.4026404619216919, 0.4769909083843231, 0.4408564269542694, 0.438340961933136, 0.38660886883735657, 0.40120530128479004, 0.4822026491165161, 0.48552483320236206, 0.39127489924430847, 0.3726996183395386, 0.5032758712768555, 0.5283083915710449, 0.4004512429237366, 0.5281103253364563, 0.5191556215286255, 0.4099619388580322, 1.1314764022827148, 0.49473610520362854, 0.44347912073135376, 0.547609806060791, 0.4098814129829407, 0.500087320804596, 0.3925198018550873, 0.37793898582458496, 0.5201237797737122, 0.43590718507766724, 0.46994340419769287, 0.5654172897338867, 0.4986833930015564, 0.43102970719337463, 0.6038211584091187, 0.45873817801475525, 0.5281131863594055, 0.4423862099647522, 0.4163939356803894, 0.4106471836566925, 0.3846365213394165, 0.38966691493988037, 0.4205499589443207, 0.46687206625938416, 0.3769128918647766, 0.41565123200416565, 0.4324835538864136, 0.5279412269592285, 0.5153587460517883, 0.4576663374900818, 0.5625036954879761, 0.4469701051712036, 0.47503888607025146, 0.4359229803085327, 0.5027686357498169, 0.515904426574707, 0.4687480926513672, 0.3957725763320923, 0.6537148952484131, 0.5562336444854736, 0.5284104943275452, 0.5096664428710938, 0.4017878770828247, 0.4157251715660095, 0.5280460119247437, 0.7334655523300171, 0.5099783539772034, 0.5284748673439026, 0.45494985580444336, 0.45246729254722595, 0.5281547904014587, 0.44060221314430237, 0.44103145599365234, 0.4098275899887085, 0.43525463342666626, 0.3885672688484192, 0.40259337425231934, 0.36640700697898865, 0.5282639265060425, 1.2641172409057617, 0.43205708265304565, 0.396187424659729, 0.5548806190490723, 0.39561715722084045, 0.4842959940433502, 0.43132275342941284, 0.5282373428344727, 0.4229567050933838, 0.5281060934066772]",0.018431581556797028,False,"[0.05000000074505806, 0.05000000074505806, 0.05000000074505806, 0.05000000074505806, 0.05000000074505806, 0.05000000074505806, 0.05000000074505806, 0.05000000074505806, 0.05000000074505806, 0.05000000074505806, 0.05000000074505806, 0.05000000074505806, 0.05000000074505806, 0.05000000074505806, 0.05000000074505806, 0.05000000074505806, 0.05000000074505806, 0.05000000074505806, 0.05000000074505806, 0.05000000074505806]"
20,0.8550000000000006,0.17731189727783203,"[0.10334014892578125, 0.06779617816209793, 0.1258837729692459, 0.3284890353679657, 0.6529735922813416, -0.37814077734947205, -1.9447447061538696, 0.42886480689048767, 2.4894320964813232, -1.978639006614685, -0.026268823072314262, 0.157384991645813]","[-9.535001481708605e-07, -1.2065784460446594e-07, -1.814506686059758e-05, -0.23492074012756348, 0.5654149055480957, -0.04415518790483475, 1.0938036441802979, -0.028735147789120674, -0.5025668144226074, 0.19576676189899445, -0.061723921447992325, 0.24660930037498474]","[0.0, 0.0, 0.0, -0.4411766352542299, 0.42600017676317176, -0.012532829015531051, 0.7807975986590354, -0.010209647193747808, -0.3858863992827354, -0.25944347121473127, 0.0, 0.0]","[0.700351357460022, 0.5319103002548218, 0.528264045715332, 0.5291697382926941, 0.5325964689254761, 0.5297497510910034, 0.5280224680900574, 0.529977560043335, 0.5285619497299194, 0.5742819905281067, 0.5290834903717041, 0.431805819272995, 0.5298032164573669, 0.5303449630737305, 0.5727658867835999, 0.5294358730316162, 0.5114385485649109, 0.44181281328201294, 0.5290234088897705, 0.5179799795150757, 0.5306357741355896, 0.5138012170791626, 0.5197930335998535, 0.4919755756855011, 0.4000591039657593, 0.5280924439430237, 0.4256356358528137, 0.3652661442756653, 0.5820642709732056, 0.4597627818584442, 0.5040904879570007, 0.4781314730644226, 0.4133622944355011, 0.5284067988395691, 0.4292219877243042, 0.5283474326133728, 0.5040112733840942, 0.41444146633148193, 0.5282729268074036, 0.5562719106674194, 0.40546321868896484, 0.48779577016830444, 0.4605560302734375, 0.46826863288879395, 0.4765257239341736, 0.41034170985221863, 0.39591145515441895, 0.36992424726486206, 0.4035753309726715, 0.542593777179718, 0.40290671586990356, 0.5282599329948425, 0.4659612476825714, 0.4402056634426117, 0.3756176233291626, 0.407238245010376, 0.48748838901519775, 0.36658474802970886, 0.3919439911842346, 0.4038994312286377, 0.39187633991241455, 0.5283544063568115, 0.44257110357284546, 0.5282458662986755, 0.33997517824172974, 0.5576047897338867, 0.4691329598426819, 0.404418408870697, 0.41583800315856934, 0.5647675395011902, 0.379494309425354, 0.5280226469039917, 0.44054004549980164, 0.43744713068008423, 0.9067462682723999, 0.3864724338054657, 0.36674341559410095, 0.3952521085739136, 0.4127862751483917, 0.5409688353538513, 0.523637592792511, 0.5286705493927002, 0.4678013324737549, 0.4758177399635315, 0.5214451551437378, 0.5281790494918823, 0.4383246600627899, 0.46759045124053955, 0.5020044445991516, 0.4963209629058838, 0.35755282640457153, 0.480025053024292, 0.4950605630874634, 0.4335125684738159, 0.5282366871833801, 0.4573739767074585, 0.5281504988670349, 0.4596862196922302, 0.35160717368125916, 0.3679337799549103, 3.3889100551605225, 0.5264263153076172, 0.528120219707489, 0.4811664819717407, 0.4057144522666931, 0.49321234226226807, 0.430059015750885, 0.4125085175037384, 0.5267360806465149, 0.41029393672943115, 0.5044686794281006, 0.3674725890159607, 0.4750005006790161, 0.4185570776462555, 0.3983822166919708, 0.4642026722431183, 0.45821720361709595, 0.7670866250991821, 0.46193408966064453, 0.4985831677913666, 0.5281919240951538, 0.5021372437477112, 0.37639427185058594, 0.4663054943084717, 0.4587443470954895, 0.4820796847343445, 0.5281859636306763, 0.3884272277355194]",0.018436353653669357,False,"[0.05000000074505806, 0.05000000074505806, 0.05000000074505806, 0.05000000074505806, 0.05000000074505806, 0.05000000074505806, 0.05000000074505806, 0.05000000074505806, 0.05000000074505806, 0.05000000074505806, 0.05000000074505806, 0.05000000074505806, 0.05000000074505806, 0.05000000074505806, 0.05000000074505806, 0.05000000074505806, 0.05000000074505806, 0.05000000074505806, 0.05000000074505806, 0.05000000074505806]"
21,0.9000000000000007,0.17841148376464844,"[0.10334014147520065, 0.06779617816209793, 0.12588365375995636, 0.31407836079597473, 0.672221839427948, -0.37740179896354675, -1.9071736335754395, 0.4280039966106415, 2.472368001937866, -1.9861478805541992, -0.031220776960253716, 0.16667374968528748]","[-2.8344626201715073e-08, -3.587085961598291e-09, -5.393951596488478e-07, -0.34202009439468384, 0.4048391878604889, 0.016352517530322075, 0.7896637916564941, -0.01586051844060421, -0.37377557158470154, -0.2514919936656952, -0.11567262560129166, 0.15370774269104004]","[0.0, 0.0, 0.0, -0.47498194212115985, -0.3126252581365676, -0.10155721870765734, -0.611423831571879, 0.0642149748269695, 0.25885140242391413, -0.7519037867267333, 0.0, 0.0]","[0.34752345085144043, 0.5167237520217896, 0.5306134223937988, 0.5099747776985168, 0.5280177593231201, 0.5293169617652893, 0.5293794870376587, 0.5289368629455566, 0.5319528579711914, 0.5098093152046204, 0.5295133590698242, 0.4948905110359192, 0.5290591716766357, 0.5302008986473083, 0.5283154845237732, 0.5299704670906067, 0.5321122407913208, 0.5284257531166077, 0.5282979607582092, 0.5285114645957947, 0.4924485683441162, 0.5232343673706055, 0.5100200772285461, 0.36906903982162476, 0.6699613332748413, 0.397971510887146, 0.5284778475761414, 0.3816720247268677, 0.5280921459197998, 0.5043622255325317, 0.7736840844154358, 0.4605242609977722, 0.38289302587509155, 0.39124056696891785, 0.34932833909988403, 0.3656805455684662, 0.4304296374320984, 0.36319199204444885, 0.41699934005737305, 0.42061370611190796, 0.45646634697914124, 0.548617422580719, 0.3786983788013458, 0.4677467346191406, 0.5132800340652466, 0.41901183128356934, 0.470952570438385, 0.3840276002883911, 0.3841966390609741, 0.36150097846984863, 0.45123934745788574, 0.36302292346954346, 0.39279845356941223, 0.49679383635520935, 0.4387165904045105, 0.47421497106552124, 0.38175493478775024, 0.3694644570350647, 0.3986894190311432, 0.4589758515357971, 0.3690934479236603, 0.4758235216140747, 0.3380446135997772, 0.32373103499412537, 0.33519846200942993, 0.5552781224250793, 0.43770670890808105, 0.370600163936615, 0.4413333535194397, 0.39342638850212097, 0.39405936002731323, 0.3443759083747864, 0.5285136699676514, 0.39863377809524536, 0.47178947925567627, 0.3699060082435608, 0.4720029830932617, 0.4897018074989319, 0.4140987694263458, 0.714260458946228, 0.4042623043060303, 0.6640917062759399, 0.514854907989502, 0.3313611149787903, 0.36828866600990295, 0.4209132790565491, 0.5283659100532532, 0.3899989426136017, 0.4477621912956238, 0.3759399354457855, 0.491939902305603, 0.33437734842300415, 0.37488096952438354, 0.5045332312583923, 0.433032363653183, 0.495050311088562, 0.4259459376335144, 0.38108596205711365, 0.40858522057533264, 0.5118789076805115, 0.4227721095085144, 0.44999805092811584, 0.37230777740478516, 0.46981656551361084, 0.3953859210014343, 0.3918210566043854, 0.4154970645904541, 0.3599849343299866, 0.46419256925582886, 0.5284243822097778, 0.38202059268951416, 0.5050415992736816, 0.31911924481391907, 0.32449325919151306, 0.5282055139541626, 0.4008433222770691, 0.4699057936668396, 0.3754962682723999, 0.40948915481567383, 0.3902854919433594, 0.41491636633872986, 0.4585225582122803, 0.5185827016830444, 0.43658751249313354, 0.45054715871810913, 0.6456316113471985, 0.43572181463241577, 0.4768824577331543]",0.018439756706357002,False,"[0.05000000074505806, 0.05000000074505806, 0.05000000074505806, 0.05000000074505806, 0.05000000074505806, 0.05000000074505806, 0.05000000074505806, 0.05000000074505806, 0.05000000074505806, 0.05000000074505806, 0.05000000074505806, 0.05000000074505806, 0.05000000074505806, 0.05000000074505806, 0.05000000074505806, 0.05000000074505806, 0.05000000074505806, 0.05000000074505806, 0.05000000074505806, 0.05000000074505806]"
22,0.9450000000000007,0.17884564399719238,"[0.10334014147520065, 0.06779617816209793, 0.12588363885879517, 0.3001643121242523, 0.6659137010574341, -0.37800657749176025, -1.9200013875961304, 0.4298197329044342, 2.4749696254730225, -2.0142769813537598, -0.04380900785326958, 0.16591660678386688]","[-8.425964925784513e-10, -1.0663298022350887e-10, -1.603451948994916e-08, -0.3248600363731384, -0.2371545135974884, -0.02671246975660324, -0.4871961176395416, 0.04308216646313667, 0.2329104095697403, -0.7376329302787781, -0.28727787733078003, -0.03403487429022789]","[0.0, 0.0, 0.0, -0.4102358238765439, 0.08714319523668904, -0.04812468226757191, 0.14425356747651508, 0.019901121315833856, -0.0887560940724219, -0.430037519433196, 0.0, 0.0]","[0.37185370922088623, 0.4787672162055969, 0.363595575094223, 0.7574513554573059, 0.5295060276985168, 0.5287382006645203, 0.3918156325817108, 0.43590015172958374, 0.5286505222320557, 0.757474958896637, 0.4731265902519226, 0.6331636309623718, 0.39005225896835327, 0.5282876491546631, 0.47040075063705444, 0.4382454752922058, 0.4300193786621094, 0.44052982330322266, 0.5318662524223328, 0.5179668664932251, 0.5285674929618835, 0.5301545858383179, 0.3871845304965973, 0.39410531520843506, 0.3797125518321991, 0.5280448198318481, 0.48863768577575684, 0.29235631227493286, 0.5611018538475037, 0.3401009440422058, 0.3646313548088074, 0.3425902724266052, 0.3896178603172302, 0.3706912398338318, 0.6755427122116089, 0.35162901878356934, 0.5000535249710083, 0.2675551176071167, 0.41405439376831055, 0.3990994095802307, 0.47411105036735535, 0.5598104000091553, 0.5872037410736084, 0.3055741488933563, 0.3637511134147644, 0.4956265985965729, 0.36264750361442566, 0.594971776008606, 0.4788365960121155, 0.528488278388977, 0.38897645473480225, 0.3332417607307434, 0.43211060762405396, 0.37656256556510925, 0.43771928548812866, 0.30956530570983887, 0.8705067038536072, 0.42393237352371216, 0.5064818263053894, 0.37701216340065, 0.36303579807281494, 0.3673599362373352, 0.37536463141441345, 0.3353383541107178, 0.3092222213745117, 1.3167980909347534, 0.36142873764038086, 0.3777815103530884, 0.498441606760025, 0.3541848659515381, 0.46198925375938416, 0.41010773181915283, 0.299161821603775, 0.41052860021591187, 0.3971055746078491, 0.44153091311454773, 0.46668604016304016, 0.40440040826797485, 0.3395004868507385, 0.46119439601898193, 0.4883200228214264, 0.4232732057571411, 0.47427821159362793, 0.42377692461013794, 0.8771532773971558, 0.3836439251899719, 0.45943641662597656, 0.46371912956237793, 0.4264255166053772, 1.299940824508667, 0.5282009840011597, 0.523358166217804, 0.42656683921813965, 0.4389728903770447, 0.40266838669776917, 0.4315239191055298, 0.4697985053062439, 0.36421576142311096, 0.3911283612251282, 0.354666531085968, 1.5424175262451172, 0.3374258875846863, 0.4652760624885559, 0.35247576236724854, 0.39758139848709106, 0.46543416380882263, 0.5283797979354858, 1.347582459449768, 0.4088869094848633, 0.4315793514251709, 0.4749835729598999, 0.5386652946472168, 0.4292529821395874, 0.512390673160553, 1.389334797859192, 0.621943473815918, 0.38941437005996704, 0.6570309996604919, 0.35506853461265564, 0.3900205194950104, 0.6755099296569824, 0.36852046847343445, 0.36369001865386963, 0.3298834562301636, 0.4775061011314392, 0.4076293408870697, 0.3641323447227478, 0.45460182428359985]",0.018433308228850365,False,"[0.05000000074505806, 0.05000000074505806, 0.05000000074505806, 0.05000000074505806, 0.05000000074505806, 0.05000000074505806, 0.05000000074505806, 0.05000000074505806, 0.05000000074505806, 0.05000000074505806, 0.05000000074505806, 0.05000000074505806, 0.05000000074505806, 0.05000000074505806, 0.05000000074505806, 0.05000000074505806, 0.05000000074505806, 0.05000000074505806, 0.05000000074505806, 0.05000000074505806]"
23,0.9900000000000008,0.17858576774597168,"[0.10334014147520065, 0.06779617816209793, 0.12588363885879517, 0.283051460981369, 0.6652118563652039, -0.37932509183883667, -1.9201960563659668, 0.4311707615852356, 2.4730231761932373, -2.03511381149292, -0.05085411295294762, 0.1601140946149826]","[-2.5047746862738585e-11, -3.1698654118228475e-12, -4.766558814317534e-10, -0.38870054483413696, 0.03218492493033409, -0.029088104143738747, 0.0841449424624443, 0.025320762768387794, -0.08065112680196762, -0.4250148832798004, -0.23507490754127502, -0.0011441463138908148]","[0.0, 0.0, 0.0, -0.585239737173219, 0.049791535777709374, -0.07814895000494158, 0.06508414076112796, 0.035355068106679134, -0.061847649750563505, -0.6597991020739107, 0.0, 0.0]","[0.36898738145828247, 0.5281102657318115, 0.5555797815322876, 0.5429476499557495, 0.5282758474349976, 0.6914025545120239, 0.712898313999176, 0.5295794606208801, 0.6443802118301392, 0.5400913953781128, 0.5239591598510742, 0.49473732709884644, 0.529437243938446, 0.5070087313652039, 0.5385528206825256, 0.47481998801231384, 0.5291905403137207, 0.6568208932876587, 0.4062826633453369, 0.5283132195472717, 0.5315675139427185, 0.468284547328949, 0.3288545608520508, 0.4204440116882324, 0.3669854402542114, 0.42243093252182007, 0.3376123011112213, 0.3206779360771179, 0.4202902317047119, 0.5188673734664917, 7.468834400177002, 0.4288165867328644, 0.4163452982902527, 0.390250563621521, 0.4289599657058716, 0.5417643785476685, 0.4109068512916565, 0.4052804410457611, 0.42963263392448425, 0.41677019000053406, 0.6087904572486877, 0.398599237203598, 0.4600929021835327, 0.5934773683547974, 0.3292505145072937, 0.9028512239456177, 0.8664312362670898, 0.878147542476654, 0.40922093391418457, 0.3670007884502411, 0.5819053649902344, 0.38867563009262085, 0.34970614314079285, 0.8918744921684265, 0.36050164699554443, 0.34110939502716064, 0.38288140296936035, 0.3586745262145996, 0.37880706787109375, 0.3693287968635559, 0.38129353523254395, 0.4288225471973419, 0.38757026195526123, 0.35529953241348267, 0.3070555627346039, 0.44998499751091003, 0.4074993431568146, 0.44839537143707275, 0.46943414211273193, 0.30155694484710693, 0.506239652633667, 0.3033672869205475, 0.43371397256851196, 0.5280329585075378, 0.29898566007614136, 0.5166406035423279, 0.2638636827468872, 0.4503314793109894, 0.3971154987812042, 0.3918290436267853, 0.4152320623397827, 0.5096416473388672, 0.6415554881095886, 1.9122307300567627, 0.5088088512420654, 0.5554366707801819, 0.3292430341243744, 0.43228858709335327, 0.4214966297149658, 0.3950524628162384, 0.34712064266204834, 0.4097159504890442, 0.5321155786514282, 0.3684573173522949, 0.4183242917060852, 0.3669782876968384, 0.4489020109176636, 0.36161765456199646, 0.41122305393218994, 0.3675082325935364, 0.33210131525993347, 0.42890918254852295, 1.3308767080307007, 0.47633957862854004, 0.3882272243499756, 0.38713955879211426, 0.3970477283000946, 0.6184609532356262, 0.33270642161369324, 0.4298752546310425, 0.3415297269821167, 0.37044864892959595, 0.8472297191619873, 0.5422573685646057, 0.5106117725372314, 0.47858691215515137, 0.8600924015045166, 1.163684606552124, 0.4317348003387451, 0.31834232807159424, 0.5534630417823792, 0.4103088974952698, 0.3650569021701813, 1.0511530637741089, 0.23133516311645508, 0.34204280376434326, 0.4973170757293701, 0.33948636054992676]",0.018429188057780266,False,"[0.05000000074505806, 0.05000000074505806, 0.05000000074505806, 0.05000000074505806, 0.05000000074505806, 0.05000000074505806, 0.05000000074505806, 0.05000000074505806, 0.05000000074505806, 0.05000000074505806, 0.05000000074505806, 0.05000000074505806, 0.05000000074505806, 0.05000000074505806, 0.05000000074505806, 0.05000000074505806, 0.05000000074505806, 0.05000000074505806, 0.05000000074505806, 0.05000000074505806]"
24,1.0350000000000006,0.17817139625549316,"[0.10334014147520065, 0.06779617816209793, 0.12588363885879517, 0.2623193860054016, 0.6660922169685364, -0.38044604659080505, -1.9177640676498413, 0.4321780800819397, 2.470268964767456, -2.0642056465148926, -0.06417270004749298, 0.1596640646457672]","[1.1955905016014512e-11, 1.5130583418121457e-12, 2.3360288703422327e-10, -0.4867455065250397, 0.02076089009642601, -0.026792053133249283, 0.05324774235486984, 0.02126624993979931, -0.05728962644934654, -0.6521980166435242, -0.30611345171928406, -0.012300949543714523]","[0.0, 0.0, 0.0, -0.7847555884675927, 0.8001610929996852, -0.016538605965236264, 1.4687516079483676, -0.02301996980833046, -0.7220293604661732, -0.4254385582700895, 0.0, 0.0]","[0.3114064335823059, 0.6057482957839966, 0.4502294063568115, 0.528630793094635, 0.6887555122375488, 0.5281989574432373, 0.5297778844833374, 0.5162628889083862, 0.5292298197746277, 0.5286341309547424, 0.5218827724456787, 0.3945072889328003, 0.5280747413635254, 0.5285351276397705, 0.529033899307251, 0.9000433087348938, 0.5407254099845886, 0.49833038449287415, 0.5321468710899353, 0.4990246593952179, 0.4798223078250885, 0.3994273543357849, 0.5279245972633362, 0.3757781982421875, 0.33332353830337524, 0.42925113439559937, 0.4455716013908386, 0.5934800505638123, 0.31778281927108765, 0.2941913902759552, 0.3504428267478943, 0.6323449611663818, 0.44795721769332886, 0.5001524686813354, 0.38299840688705444, 0.3541964888572693, 0.7197942733764648, 0.528572142124176, 0.462829053401947, 0.4100838303565979, 0.4855530261993408, 0.46645867824554443, 0.3149372935295105, 0.556284487247467, 0.5331932306289673, 0.3502727746963501, 0.335204541683197, 0.38620811700820923, 0.4308859407901764, 1.2801114320755005, 0.49273836612701416, 0.26942041516304016, 0.40845274925231934, 0.4207878112792969, 0.7908451557159424, 0.33792588114738464, 0.3836212158203125, 0.5281944870948792, 0.3589248061180115, 0.29028934240341187, 0.36373621225357056, 0.5140823125839233, 0.4948006272315979, 0.3411500155925751, 0.5282851457595825, 0.39562511444091797, 0.44158732891082764, 0.4366028904914856, 0.4975605010986328, 0.4686014950275421, 0.4217480421066284, 0.32310810685157776, 0.3908647894859314, 0.42172327637672424, 0.49071329832077026, 0.31434735655784607, 0.3067152500152588, 0.26591670513153076, 0.2558581233024597, 0.4996505379676819, 0.43560078740119934, 0.3916488587856293, 0.5058591365814209, 0.24784234166145325, 0.3656153678894043, 0.3259779214859009, 0.3676010072231293, 0.4716751277446747, 0.3413383662700653, 0.31328660249710083, 0.34890300035476685, 0.37427496910095215, 0.371935099363327, 0.3647087812423706, 0.3247954845428467, 0.47873997688293457, 0.39380019903182983, 0.3419651985168457, 0.39707791805267334, 0.3699527084827423, 0.3389003872871399, 0.3198383152484894, 0.39867568016052246, 0.3711259961128235, 0.38035234808921814, 0.4536583125591278, 0.4374355375766754, 0.2983142137527466, 0.4482288360595703, 0.44054311513900757, 0.3098621666431427, 0.345639169216156, 0.45595699548721313, 0.36135199666023254, 0.5424501895904541, 0.323177307844162, 0.4589531123638153, 0.28776559233665466, 0.3312264680862427, 0.43305662274360657, 0.45782023668289185, 0.32451874017715454, 0.28840553760528564, 0.4709778428077698, 0.33719396591186523, 0.4463386833667755, 0.3334355354309082, 0.46447959542274475]",0.018425550311803818,False,"[0.05000000074505806, 0.05000000074505806, 0.05000000074505806, 0.05000000074505806, 0.05000000074505806, 0.05000000074505806, 0.05000000074505806, 0.05000000074505806, 0.05000000074505806, 0.05000000074505806, 0.05000000074505806, 0.05000000074505806, 0.05000000074505806, 0.05000000074505806, 0.05000000074505806, 0.05000000074505806, 0.05000000074505806, 0.05000000074505806, 0.05000000074505806, 0.05000000074505806]"
25,1.0800000000000003,0.1784515380859375,"[0.10334014147520065, 0.06779617816209793, 0.12588363885879517, 0.23170876502990723, 0.6924647092819214, -0.380048006772995, -1.866142988204956, 0.43182915449142456, 2.4479198455810547, -2.083982467651367, -0.0751185417175293, 0.166752427816391]","[3.626935177972884e-13, 4.590660398475985e-14, 6.904534669699425e-12, -0.7169378995895386, 0.6951908469200134, 0.01100138109177351, 1.36708664894104, -0.009809266775846481, -0.6899988055229187, -0.4202173352241516, -0.28381577134132385, 0.14191704988479614]","[0.0, 0.0, 0.0, -0.45304235717102875, 0.09840529112083193, -0.050936768793956186, 0.16411544405316106, 0.021718892776152434, -0.10016025767786085, -0.4683727825790793, 0.0, 0.0]","[0.42142847180366516, 0.528954267501831, 0.5325972437858582, 0.5284472107887268, 0.5285193920135498, 0.5294880867004395, 0.5303459167480469, 0.5293341279029846, 0.43177276849746704, 0.5293494462966919, 0.5290255546569824, 0.5305927395820618, 0.5299031734466553, 0.5324732065200806, 0.47489601373672485, 0.5288942456245422, 0.5299029350280762, 0.5300313234329224, 0.5288424491882324, 0.5290635824203491, 0.5297946333885193, 0.49398019909858704, 0.29533398151397705, 0.5282734632492065, 0.3684729039669037, 0.5364071130752563, 0.384242981672287, 0.4317120909690857, 0.34793993830680847, 0.34501320123672485, 0.3966689109802246, 0.4372638463973999, 0.3374447822570801, 0.5282474756240845, 0.33872905373573303, 0.3341418504714966, 0.24106383323669434, 0.41148465871810913, 0.528113603591919, 0.5231701731681824, 0.5280836224555969, 0.3689354956150055, 0.25472182035446167, 0.42574623227119446, 0.46815183758735657, 0.4097210168838501, 0.5874244570732117, 0.43731486797332764, 0.3647605776786804, 0.5265412330627441, 0.3953942060470581, 0.4672701954841614, 0.38407066464424133, 0.38304343819618225, 0.2987183928489685, 0.4621431529521942, 0.381910115480423, 0.42737841606140137, 0.41349196434020996, 0.43171411752700806, 0.31966012716293335, 0.3044377565383911, 0.41828134655952454, 0.359127402305603, 0.28401243686676025, 0.37912046909332275, 0.30930888652801514, 0.3850021958351135, 0.34454846382141113, 0.31340375542640686, 0.3812405467033386, 0.38523128628730774, 0.34668079018592834, 0.30446046590805054, 0.37881070375442505, 0.3247230648994446, 0.38123035430908203, 0.26945924758911133, 0.36830639839172363, 0.45242613554000854, 0.44920989871025085, 0.345492959022522, 0.2932240962982178, 0.44527751207351685, 0.4120994806289673, 0.5053738355636597, 0.402302622795105, 0.46128401160240173, 0.3534849286079407, 0.4452502727508545, 0.2828395962715149, 0.4437296390533447, 0.34356459975242615, 0.23164956271648407, 0.47301623225212097, 0.4597419500350952, 0.36914902925491333, 0.36139553785324097, 0.5284423232078552, 0.37879204750061035, 0.35605648159980774, 0.3837839365005493, 0.3319411873817444, 0.35168129205703735, 0.3147507309913635, 0.3492957353591919, 0.476169228553772, 0.26449424028396606, 0.2867007851600647, 0.318372517824173, 0.3946739733219147, 0.40021753311157227, 0.44331127405166626, 0.4564628601074219, 0.4689112901687622, 0.531650960445404, 0.3645464777946472, 0.33958667516708374, 0.5093004703521729, 0.490840345621109, 0.4481296241283417, 0.5282257795333862, 0.5310826301574707, 0.3128845691680908, 0.48131799697875977, 0.33147096633911133, 0.32285845279693604, 0.39112168550491333]",0.018430417403578758,False,"[0.05000000074505806, 0.05000000074505806, 0.05000000074505806, 0.05000000074505806, 0.05000000074505806, 0.05000000074505806, 0.05000000074505806, 0.05000000074505806, 0.05000000074505806, 0.05000000074505806, 0.05000000074505806, 0.05000000074505806, 0.05000000074505806, 0.05000000074505806, 0.05000000074505806, 0.05000000074505806, 0.05000000074505806, 0.05000000074505806, 0.05000000074505806, 0.05000000074505806]"
26,1.125,0.17894387245178223,"[0.10334014147520065, 0.06779617816209793, 0.12588363885879517, 0.20900197327136993, 0.7028775811195374, -0.38256195187568665, -1.8477095365524292, 0.4323112964630127, 2.435600757598877, -2.104875326156616, -0.09602832794189453, 0.17450304329395294]","[1.0807954906749424e-14, 1.3575043409389193e-15, 2.0552807231729447e-13, -0.4699912965297699, 0.13941849768161774, -0.05243395268917084, 0.2324472814798355, 0.011739608831703663, -0.11974815279245377, -0.46161550283432007, -0.373685359954834, 0.1256578415632248]","[0.0, 0.0, 0.0, -0.28401320770732963, 0.4902957772172951, 0.02052873594383611, 0.91359724205993, -0.027463177042869664, -0.434215577986851, -0.01628232966971707, 0.0, 0.0]","[1.0379981994628906, 0.3674977421760559, 0.532685399055481, 0.5304383635520935, 0.5290805101394653, 0.4570634365081787, 0.5303654074668884, 0.5301074385643005, 0.5285448431968689, 0.3988485336303711, 0.5311629176139832, 0.5316125154495239, 0.5302866697311401, 0.5284093618392944, 0.5309369564056396, 0.5316118001937866, 0.5294653177261353, 0.5293330550193787, 0.5025206804275513, 0.4251863360404968, 0.5002741813659668, 0.3297489285469055, 0.43629223108291626, 0.24293778836727142, 0.4854687452316284, 0.424868106842041, 0.3526671528816223, 0.3634352385997772, 0.3587031364440918, 0.41574615240097046, 0.38929063081741333, 0.37787726521492004, 0.42003896832466125, 0.29814836382865906, 0.35246753692626953, 0.4565046429634094, 0.4476940631866455, 0.4111610949039459, 0.5060482621192932, 0.3335418701171875, 0.37093788385391235, 0.38785481452941895, 0.4417097866535187, 0.39466041326522827, 1.708664894104004, 0.36073625087738037, 0.3090752065181732, 0.46472492814064026, 0.46613574028015137, 0.6485357284545898, 0.49852538108825684, 0.459963858127594, 0.3398338854312897, 0.37445080280303955, 0.41277700662612915, 0.38316822052001953, 0.3289494514465332, 0.3506472408771515, 0.40225160121917725, 0.2552725076675415, 0.38924044370651245, 0.3848245143890381, 0.5984796285629272, 0.3900119364261627, 0.33898597955703735, 0.360965371131897, 0.4619828164577484, 0.2993184030056, 0.8076609373092651, 0.32114842534065247, 0.333457887172699, 0.4411312937736511, 0.2856743037700653, 0.34355369210243225, 0.4978354573249817, 0.528157651424408, 0.27672985196113586, 0.5307399034500122, 0.43770596385002136, 0.5284515619277954, 0.24408401548862457, 0.4918859601020813, 0.4457516074180603, 0.3332114517688751, 0.5282460451126099, 0.37485256791114807, 0.3745589256286621, 0.41506433486938477, 0.46682703495025635, 0.33081358671188354, 0.5112780332565308, 0.5360124111175537, 0.5083929300308228, 0.40586918592453003, 0.3793637156486511, 0.4090087413787842, 0.30037468671798706, 0.42640990018844604, 0.31521713733673096, 0.295989990234375, 0.5070367455482483, 0.2615501582622528, 0.5355449318885803, 0.3376229703426361, 1.357978105545044, 0.527829647064209, 0.3582751750946045, 0.416210412979126, 0.3611229658126831, 0.5097033977508545, 0.3446694016456604, 0.3469199538230896, 0.37998050451278687, 0.4039052128791809, 0.4504280686378479, 0.37008944153785706, 0.45806533098220825, 0.28408145904541016, 0.49395424127578735, 0.48300832509994507, 0.31125175952911377, 0.36658602952957153, 0.3219093680381775, 0.2714298665523529, 0.5129038095474243, 0.3752293586730957, 0.3047146499156952, 0.40988993644714355]",0.018430499359965324,False,"[0.05000000074505806, 0.05000000074505806, 0.05000000074505806, 0.05000000074505806, 0.05000000074505806, 0.05000000074505806, 0.05000000074505806, 0.05000000074505806, 0.05000000074505806, 0.05000000074505806, 0.05000000074505806, 0.05000000074505806, 0.05000000074505806, 0.05000000074505806, 0.05000000074505806, 0.05000000074505806, 0.05000000074505806, 0.05000000074505806, 0.05000000074505806, 0.05000000074505806]"
27,1.1699999999999997,0.17853093147277832,"[0.10334014147520065, 0.06779617816209793, 0.12588363885879517, 0.19047383964061737, 0.7205052375793457, -0.3853514790534973, -1.8145077228546143, 0.43207597732543945, 2.4179787635803223, -2.109598159790039, -0.10429396480321884, 0.1773565262556076]","[3.283643128132891e-16, 4.599720768452607e-17, 6.382315754046479e-15, -0.385540246963501, 0.44024738669395447, -0.0487237311899662, 0.8334828615188599, -0.0073187947273254395, -0.4242914021015167, -0.02316027320921421, -0.22285470366477966, 0.18138694763183594]","[0.0, 0.0, 0.0, -0.6216847433638076, 0.23703730629036046, -0.0549296027481316, 0.4190024554833789, 0.019617619912677544, -0.22356773694013812, -0.5699007039831406, 0.0, 0.0]","[0.3574548363685608, 0.5312318801879883, 0.42269909381866455, 0.4641076922416687, 0.5291328430175781, 0.5287437438964844, 0.5294797420501709, 0.5319944620132446, 0.5283830165863037, 0.43231475353240967, 0.5289050340652466, 0.5293797850608826, 0.5290012359619141, 0.5289132595062256, 0.530832052230835, 0.4863172471523285, 0.5280612707138062, 0.5282109379768372, 0.5290715098381042, 0.5286290049552917, 0.5289963483810425, 0.39880993962287903, 0.3083333373069763, 0.49345725774765015, 0.38303273916244507, 0.360908180475235, 0.48105156421661377, 0.32896822690963745, 0.40383434295654297, 0.3869172930717468, 0.36930325627326965, 0.490683913230896, 0.44660693407058716, 0.42517077922821045, 0.3208462595939636, 0.3936973512172699, 0.9110937118530273, 0.36348506808280945, 0.33684295415878296, 0.2747645378112793, 0.4274587631225586, 0.3417972922325134, 0.4237748384475708, 0.5283277034759521, 0.4771776497364044, 0.4086177349090576, 0.37886887788772583, 0.3255695700645447, 0.5195204615592957, 0.47306713461875916, 0.3096834719181061, 0.3321376442909241, 0.37371018528938293, 0.45149946212768555, 0.37316662073135376, 0.46468585729599, 0.4003221392631531, 0.3894995450973511, 0.3426794409751892, 0.3856329321861267, 0.41280490159988403, 0.5928585529327393, 0.3597799241542816, 0.38135290145874023, 0.4420814514160156, 0.4105997681617737, 0.5283265709877014, 0.27986055612564087, 0.37318554520606995, 0.3552791476249695, 0.24434249103069305, 0.463500440120697, 0.41168898344039917, 0.3841328024864197, 0.4837167263031006, 0.29109856486320496, 0.4522739350795746, 0.5119794011116028, 0.3416691720485687, 0.48716220259666443, 0.3439547121524811, 0.4183301627635956, 0.5077091455459595, 0.7344161868095398, 0.5548163652420044, 0.2726436257362366, 0.4829690456390381, 0.49371272325515747, 0.36566680669784546, 0.3774040639400482, 0.4562339186668396, 0.40352410078048706, 0.52616286277771, 0.4338221549987793, 0.3734021484851837, 0.3129247725009918, 0.5287031531333923, 0.5030337572097778, 0.27061426639556885, 0.44723403453826904, 0.4483779966831207, 0.5280632972717285, 0.31384801864624023, 0.4397544264793396, 0.30181607604026794, 0.3473963737487793, 0.3027271032333374, 0.34171047806739807, 0.41982072591781616, 0.325661838054657, 0.31266313791275024, 0.28735217452049255, 0.3216933310031891, 0.5135523080825806, 0.33456945419311523, 0.4696652293205261, 0.410500168800354, 0.4837101101875305, 0.36787134408950806, 2.4063620567321777, 0.43591970205307007, 0.43884769082069397, 0.5084790587425232, 0.4310128688812256, 0.42098504304885864, 0.5279560089111328, 0.5292577147483826, 0.46320000290870667]",0.01843460276722908,False,"[0.05000000074505806, 0.05000000074505806, 0.05000000074505806, 0.05000000074505806, 0.05000000074505806, 0.05000000074505806, 0.05000000074505806, 0.05000000074505806, 0.05000000074505806, 0.05000000074505806, 0.05000000074505806, 0.05000000074505806, 0.05000000074505806, 0.05000000074505806, 0.05000000074505806, 0.05000000074505806, 0.05000000074505806, 0.05000000074505806, 0.05000000074505806, 0.05000000074505806]"
28,1.2149999999999994,0.1784985065460205,"[0.10334014147520065, 0.06779617816209793, 0.12588363885879517, 0.16955046355724335, 0.7321449518203735, -0.38532641530036926, -1.7926048040390015, 0.4321063160896301, 2.4080286026000977, -2.1281490325927734, -0.11743699014186859, 0.18208526074886322]","[1.9388326082299818e-17, 4.303601937841383e-18, 1.9766577909319087e-16, -0.4906612038612366, 0.2287471890449524, -0.00356355682015419, 0.430799663066864, 0.0024531495291739702, -0.2133377641439438, -0.5524222254753113, -0.27412980794906616, 0.01646978035569191]","[0.0, 0.0, 0.0, -0.44321499385969665, -0.47717236901856075, -0.12028596297560282, -0.9279567490792221, 0.07422350530670457, 0.40070995436484247, -0.8310894109779776, 0.0, 0.0]","[0.3586826026439667, 0.5292004942893982, 0.529107391834259, 0.5288353562355042, 0.5281002521514893, 0.531097412109375, 0.5434458255767822, 0.5314943790435791, 0.5322166085243225, 0.46424806118011475, 0.5311154127120972, 0.5326299667358398, 0.5295295715332031, 0.5294008851051331, 0.5328167080879211, 0.5288535356521606, 0.529183030128479, 0.5341730713844299, 0.5327054262161255, 0.5300039052963257, 0.5306246876716614, 0.44123971462249756, 0.4496092200279236, 0.3728213608264923, 0.30316752195358276, 0.34187936782836914, 0.33954888582229614, 0.4338875114917755, 0.43506374955177307, 0.3884042501449585, 12.543025970458984, 0.44604426622390747, 0.5181292295455933, 0.5696291327476501, 0.35818707942962646, 0.44564366340637207, 0.46137088537216187, 0.395086407661438, 0.34223154187202454, 0.5197461247444153, 0.3211265206336975, 0.4930031895637512, 0.3649100661277771, 0.5271183252334595, 0.3366732597351074, 0.37693458795547485, 0.27284565567970276, 0.4477793574333191, 0.5201849937438965, 0.376677930355072, 0.4235539436340332, 0.336830735206604, 0.39237236976623535, 0.4306284785270691, 0.6581414937973022, 0.42383459210395813, 0.46357738971710205, 0.3859800696372986, 0.4870204031467438, 0.30776843428611755, 0.41988062858581543, 0.358979731798172, 0.5091527700424194, 0.43223845958709717, 0.46197599172592163, 0.5279428958892822, 0.5066849589347839, 0.37641197443008423, 0.38346368074417114, 0.4085868000984192, 0.37735867500305176, 0.45791125297546387, 0.3644099831581116, 0.3962010145187378, 1.2431761026382446, 0.37239396572113037, 0.5285019874572754, 0.487247109413147, 0.30233991146087646, 0.48175156116485596, 0.5280989408493042, 0.45922771096229553, 0.45706707239151, 0.48719167709350586, 0.44796061515808105, 0.29580235481262207, 0.3126610815525055, 0.3538042902946472, 0.3603017330169678, 0.2267175316810608, 0.3506663739681244, 1.5336443185806274, 0.38592445850372314, 0.358892560005188, 0.288705050945282, 0.46598657965660095, 0.32480722665786743, 0.46307048201560974, 0.24308255314826965, 0.39174512028694153, 0.3381631672382355, 0.4433457851409912, 0.500049352645874, 0.31888192892074585, 0.25297361612319946, 0.5030187964439392, 0.3597060441970825, 0.5284907221794128, 0.43104955554008484, 0.48857298493385315, 0.4311024248600006, 0.2891814112663269, 0.39915093779563904, 0.32743799686431885, 0.27792590856552124, 0.47540825605392456, 0.4225027561187744, 0.38692203164100647, 0.3099576234817505, 0.4182090163230896, 0.3382036089897156, 0.4179154336452484, 0.4786655902862549, 0.33847886323928833, 0.4019918441772461, 0.27572810649871826, 0.44112008810043335, 0.40982750058174133]",0.018437733873724937,False,"[0.05000000074505806, 0.05000000074505806, 0.05000000074505806, 0.05000000074505806, 0.05000000074505806, 0.05000000074505806, 0.05000000074505806, 0.05000000074505806, 0.05000000074505806, 0.05000000074505806, 0.05000000074505806, 0.05000000074505806, 0.05000000074505806, 0.05000000074505806, 0.05000000074505806, 0.05000000074505806, 0.05000000074505806, 0.05000000074505806, 0.05000000074505806, 0.05000000074505806]"
29,1.2599999999999991,0.17867708206176758,"[0.10334014147520065, 0.06779617816209793, 0.12588363885879517, 0.15294325351715088, 0.7182773947715759, -0.3875119984149933, -1.8214795589447021, 0.43457525968551636, 2.417567491531372, -2.164167881011963, -0.13393200933933258, 0.17492136359214783]","[-1.4496677724681732e-17, 3.5495436778477364e-19, -4.632567713530394e-16, -0.3644730746746063, -0.3985890746116638, -0.05399263650178909, -0.827025830745697, 0.05631790682673454, 0.3758699893951416, -0.8220281600952148, -0.3382297456264496, -0.17828504741191864]","[0.0, 0.0, 0.0, -0.3942791056826134, -0.29241305943469725, -0.09322271703222072, -0.5751231240734482, 0.05267915356578901, 0.24328588319810052, -0.6534383532609847, 0.0, 0.0]","[0.302276074886322, 0.5294662117958069, 0.528666079044342, 0.4308711886405945, 0.5290455222129822, 0.3757525682449341, 0.5280261039733887, 0.5287047028541565, 0.45518195629119873, 0.5287488698959351, 0.5327244997024536, 0.5286160707473755, 0.4977220892906189, 0.46985700726509094, 0.529868483543396, 0.5308438539505005, 0.5286424160003662, 0.5287579298019409, 0.5321545004844666, 0.7036573886871338, 0.5296068787574768, 0.37711822986602783, 0.28190118074417114, 0.4214510917663574, 0.45168811082839966, 0.34412503242492676, 0.3660506010055542, 0.3126852512359619, 0.4813039302825928, 0.4041029214859009, 0.3231678605079651, 0.3273184597492218, 0.2508201599121094, 0.5303676128387451, 0.2858203947544098, 0.30711477994918823, 0.6098414063453674, 0.28629085421562195, 0.5109745264053345, 0.4933115243911743, 0.47107261419296265, 0.4180977940559387, 0.4030625522136688, 0.34402453899383545, 0.5279318690299988, 0.2954917848110199, 0.3154083788394928, 0.4525294899940491, 0.37964195013046265, 0.25481414794921875, 0.32763344049453735, 0.9406970143318176, 0.5005785226821899, 0.5280517935752869, 0.3720708191394806, 0.40246546268463135, 0.32385873794555664, 0.4740256071090698, 0.29617077112197876, 0.5216951966285706, 0.23301252722740173, 0.3782042860984802, 0.5278187990188599, 0.3981093168258667, 0.27704140543937683, 0.4074981212615967, 0.48182451725006104, 0.3680272102355957, 0.47945448756217957, 0.3844708800315857, 0.3074355125427246, 0.5047962665557861, 0.3519638180732727, 0.292859822511673, 0.4114370346069336, 0.3888769745826721, 0.6192775964736938, 0.2525661587715149, 0.3414016664028168, 0.328155517578125, 0.22663229703903198, 0.49885809421539307, 0.2413170039653778, 0.28645825386047363, 0.5211616158485413, 0.4700896739959717, 0.3818081021308899, 0.4679792821407318, 0.5284938812255859, 0.33902308344841003, 0.4842923879623413, 0.3975846767425537, 0.34619593620300293, 0.4435034692287445, 0.3143776059150696, 0.4376610815525055, 0.4848780333995819, 0.3825420141220093, 0.30591344833374023, 0.32424384355545044, 0.49473869800567627, 0.6874885559082031, 0.46331551671028137, 0.4944949150085449, 0.3244357109069824, 0.5277712345123291, 0.39880627393722534, 0.242680162191391, 0.41510719060897827, 0.48921698331832886, 0.44839316606521606, 0.4927898347377777, 0.5279618501663208, 0.3939308524131775, 0.2575829327106476, 0.7045985460281372, 0.4419865608215332, 0.33529984951019287, 0.35077932476997375, 0.4257686734199524, 0.2972469627857208, 0.45466020703315735, 0.2972520887851715, 0.30721431970596313, 0.3558788597583771, 0.3071415424346924, 0.3267490863800049, 0.37834101915359497]",0.018432362005114555,False,"[0.05000000074505806, 0.05000000074505806, 0.05000000074505806, 0.05000000074505806, 0.05000000074505806, 0.05000000074505806, 0.05000000074505806, 0.05000000074505806, 0.05000000074505806, 0.05000000074505806, 0.05000000074505806, 0.05000000074505806, 0.05000000074505806, 0.05000000074505806, 0.05000000074505806, 0.05000000074505806, 0.05000000074505806, 0.05000000074505806, 0.05000000074505806, 0.05000000074505806]"
30,1.3049999999999988,0.17927050590515137,"[0.10334014147520065, 0.06779617816209793, 0.12588363885879517, 0.13611149787902832, 0.7044645547866821, -0.390951544046402, -1.8491904735565186, 0.4365637004375458, 2.4289510250091553, -2.1935737133026123, -0.14442011713981628, 0.161799818277359]","[-6.075508423123367e-18, 2.558006620278638e-18, 9.617509868145845e-17, -0.3783324658870697, -0.28389811515808105, -0.0777849480509758, -0.5689383149147034, 0.03956029936671257, 0.23436526954174042, -0.6458466649055481, -0.2703016996383667, -0.23762351274490356]","[0.0, 0.0, 0.0, -0.00951601301550406, -0.672494075303471, -0.08895071363885088, -1.2737497100163295, 0.0625360389423276, 0.586501695802663, -0.4498910847836986, 0.0, 0.0]","[0.30649521946907043, 0.528894305229187, 0.4717947244644165, 0.531234622001648, 0.5288375616073608, 0.5302282571792603, 0.5281475782394409, 0.5290276408195496, 0.5280740261077881, 0.5295696258544922, 0.5303006768226624, 0.5285148620605469, 0.5328544974327087, 0.5298711061477661, 0.5299901366233826, 0.5286301374435425, 0.2942943274974823, 0.528252363204956, 0.5304926633834839, 0.52794349193573, 0.5288148522377014, 0.4574851095676422, 0.3980790376663208, 0.18919792771339417, 0.6766301393508911, 0.5102511644363403, 0.2873472571372986, 0.3317384719848633, 1.0434291362762451, 0.4268316328525543, 0.4208068251609802, 0.2866485118865967, 14.99559211730957, 0.3848065733909607, 0.4955132007598877, 0.5182491540908813, 0.5980367660522461, 0.4453917145729065, 0.29290106892585754, 0.2623850703239441, 0.3223646879196167, 0.2867661118507385, 0.38633376359939575, 0.390664279460907, 0.3201056718826294, 0.3606915771961212, 0.4028300344944, 0.33132433891296387, 0.4239819049835205, 0.2899838089942932, 0.4758913815021515, 1.4766347408294678, 0.45265358686447144, 0.4309224486351013, 0.2598106861114502, 0.44943296909332275, 0.22637644410133362, 0.44325363636016846, 0.26915886998176575, 0.3881656527519226, 0.37382441759109497, 0.484774649143219, 0.3607485294342041, 0.3485478460788727, 0.30107414722442627, 0.528077244758606, 0.27213403582572937, 0.40107107162475586, 0.32075363397598267, 0.3776218295097351, 0.43007004261016846, 0.4079132676124573, 0.3729638457298279, 0.4198583960533142, 0.2798616886138916, 0.7840982675552368, 0.23589928448200226, 0.37559181451797485, 0.4593812823295593, 0.2539156675338745, 0.38031256198883057, 0.375241219997406, 0.23941123485565186, 0.5279154181480408, 0.5278173685073853, 0.5677145719528198, 0.33385276794433594, 0.30405402183532715, 0.5278778672218323, 0.24159449338912964, 0.3724699914455414, 0.43514230847358704, 0.27212220430374146, 0.30001839995384216, 0.19816948473453522, 1.7679014205932617, 0.30299773812294006, 0.36152008175849915, 0.2921876907348633, 0.4375389516353607, 0.2696143388748169, 0.3469715714454651, 0.3468385338783264, 0.4153093099594116, 0.3055102229118347, 0.3835555911064148, 0.44765299558639526, 0.5493993759155273, 0.37254929542541504, 0.3132023811340332, 0.3678079843521118, 0.3802174925804138, 0.676841676235199, 0.520396888256073, 0.3185446858406067, 0.5427822470664978, 0.35010582208633423, 2.408783197402954, 0.3949504792690277, 0.3923763036727905, 0.30276232957839966, 0.2910696268081665, 0.31876668334007263, 0.37503403425216675, 0.23506107926368713, 0.36934107542037964, 0.5306833982467651, 0.18514057993888855]",0.018429065123200417,False,"[0.05000000074505806, 0.05000000074505806, 0.05000000074505806, 0.05000000074505806, 0.05000000074505806, 0.05000000074505806, 0.05000000074505806, 0.05000000074505806, 0.05000000074505806, 0.05000000074505806, 0.05000000074505806, 0.05000000074505806, 0.05000000074505806, 0.05000000074505806, 0.05000000074505806, 0.05000000074505806, 0.05000000074505806, 0.05000000074505806, 0.05000000074505806, 0.05000000074505806]"
31,1.3499999999999985,0.1792614459991455,"[0.10334014147520065, 0.06779617816209793, 0.12588363885879517, 0.1290130764245987, 0.6790261268615723, -0.3978753387928009, -1.9002385139465332, 0.43891337513923645, 2.4530861377716064, -2.213857650756836, -0.15675269067287445, 0.14770647883415222]","[-3.4822732145318614e-18, 3.542185079118465e-18, 1.7084508962331429e-16, -0.10831847041845322, -0.6178731322288513, -0.1539819836616516, -1.2194325923919678, 0.05127294734120369, 0.5804557800292969, -0.44288280606269836, -0.13899701833724976, -0.409404456615448]","[0.0, 0.0, 0.0, -0.08079618710987552, -0.3723167133696812, -0.06218807360844618, -0.707428825936578, 0.038415185874002854, 0.32464339589686114, -0.336083884005039, 0.0, 0.0]","[0.23252639174461365, 0.42892926931381226, 0.48868727684020996, 0.42596930265426636, 0.5041001439094543, 0.3555169999599457, 0.5065532922744751, 0.5256764888763428, 0.427912175655365, 0.48209068179130554, 0.3050443232059479, 0.45715799927711487, 0.29632073640823364, 0.5078036785125732, 0.18015830218791962, 0.4670450687408447, 0.4056389331817627, 0.411660760641098, 0.5093979835510254, 0.5041671991348267, 1.6253979206085205, 0.36217445135116577, 0.2984829545021057, 0.313840389251709, 0.15593084692955017, 0.3246821463108063, 0.26001572608947754, 0.639347493648529, 0.2165103554725647, 0.5916000604629517, 0.2769748270511627, 0.32416996359825134, 0.3473352789878845, 0.2857360243797302, 0.6851014494895935, 0.3424472510814667, 0.20947995781898499, 0.518470048904419, 0.4368465840816498, 0.5824689865112305, 0.28098881244659424, 0.2435256540775299, 0.3290002644062042, 0.25955867767333984, 0.4029739499092102, 0.40233951807022095, 7.986565589904785, 0.3520594835281372, 0.9260687828063965, 0.3899298906326294, 0.20914527773857117, 0.35968878865242004, 0.2785470485687256, 0.26031893491744995, 0.2648376524448395, 0.31404227018356323, 0.27181342244148254, 0.23486188054084778, 0.34000271558761597, 0.2401733696460724, 0.28782814741134644, 0.19378036260604858, 0.3384617865085602, 0.42073702812194824, 0.3476911783218384, 0.29285725951194763, 0.22649645805358887, 0.3677453100681305, 0.3787126839160919, 0.33803972601890564, 0.3956407904624939, 0.9776328206062317, 0.3365744948387146, 0.5089277029037476, 0.2256624549627304, 0.19601717591285706, 0.5552849769592285, 1.152422308921814, 0.32614636421203613, 0.649328887462616, 0.3229057788848877, 0.25639569759368896, 0.3726174235343933, 0.22848619520664215, 0.3056873083114624, 0.1845163106918335, 0.60553377866745, 0.35502684116363525, 0.46435749530792236, 0.23519381880760193, 5.476762771606445, 0.2746431231498718, 0.3583468198776245, 0.23260951042175293, 0.40793949365615845, 0.27441978454589844, 0.3612709045410156, 0.42485904693603516, 0.25896987318992615, 0.43625277280807495, 0.18618908524513245, 0.416265606880188, 0.1967952847480774, 0.5277361869812012, 0.37316974997520447, 2.7716407775878906, 0.4179399311542511, 2.703253746032715, 0.3067038059234619, 0.25115564465522766, 0.35450083017349243, 0.3417186141014099, 0.20352090895175934, 0.20872922241687775, 0.18811875581741333, 0.32481229305267334, 1.4517524242401123, 0.49308091402053833, 0.18674401938915253, 0.30351388454437256, 0.39041969180107117, 0.2754684090614319, 0.23554661870002747, 0.40923163294792175, 0.5062931180000305, 0.8612441420555115, 0.39327389001846313, 0.46643784642219543]",0.01842368394136429,False,"[0.05000000074505806, 0.05000000074505806, 0.05000000074505806, 0.05000000074505806, 0.05000000074505806, 0.05000000074505806, 0.05000000074505806, 0.05000000074505806, 0.05000000074505806, 0.05000000074505806, 0.05000000074505806, 0.05000000074505806, 0.05000000074505806, 0.05000000074505806, 0.05000000074505806, 0.05000000074505806, 0.05000000074505806, 0.05000000074505806, 0.05000000074505806, 0.05000000074505806]"
32,1.3949999999999982,0.17987799644470215,"[0.10262805968523026, 0.06506381183862686, 0.09884825348854065, 0.12327509373426437, 0.660346269607544, -0.4019026458263397, -1.934125542640686, 0.4410184621810913, 2.469609260559082, -2.228891134262085, -0.16029775142669678, 0.13680467009544373]","[-0.03261566907167435, -0.09946657717227936, -0.9966942667961121, -0.11408089846372604, -0.3684745132923126, -0.06032058224081993, -0.6321665644645691, 0.047431860119104385, 0.3711387813091278, -0.3269176483154297, -0.1383918672800064, -0.126225084066391]","[0.0, 0.0, 0.0, 0.5012382450190505, -0.18851240123332993, 0.04749471917770232, -0.32645030242409406, -0.017789632244629816, 0.1747069928200552, 0.47319525294275544, 0.0, 0.0]","[0.33206844329833984, 0.3449315130710602, 0.48563581705093384, 0.4414704442024231, 0.47783762216567993, 0.45033448934555054, 0.4838428497314453, 0.4113883674144745, 0.4790373742580414, 0.4864009618759155, 0.44261589646339417, 0.45152413845062256, 0.4861699938774109, 0.44786569476127625, 0.4538167715072632, 0.42978474497795105, 0.47168654203414917, 0.47045421600341797, 0.47184067964553833, 0.5251777172088623, 0.4707292318344116, 0.4214223027229309, 0.41299760341644287, 1.323722004890442, 0.42630481719970703, 0.35778841376304626, 0.4261133074760437, 0.48382729291915894, 0.38399118185043335, 0.6482040286064148, 0.4374101758003235, 0.3980712294578552, 0.21459583938121796, 0.2576717138290405, 0.40772804617881775, 0.2741931974887848, 0.6069629192352295, 3.802219867706299, 0.278012216091156, 0.28746315836906433, 0.2872612476348877, 0.2204970419406891, 0.45996636152267456, 1.2276170253753662, 0.5638905763626099, 0.28175798058509827, 0.7162325382232666, 0.2894030809402466, 0.22006455063819885, 0.7730708122253418, 0.40282532572746277, 0.3175564408302307, 0.8464149236679077, 0.37990254163742065, 0.4332748353481293, 0.7328923344612122, 0.24773526191711426, 0.45321276783943176, 0.23046879470348358, 1.3287861347198486, 0.43705666065216064, 0.4511685073375702, 0.2550007104873657, 0.4825100004673004, 0.6456184387207031, 0.2677794396877289, 0.3981211483478546, 0.4751029908657074, 0.2662876844406128, 0.288867712020874, 0.5943859219551086, 0.20709428191184998, 0.6872859001159668, 0.41968607902526855, 0.7478077411651611, 0.26253676414489746, 0.39511221647262573, 0.3361245393753052, 0.7874253988265991, 0.3875083029270172, 0.5065656304359436, 0.4665054976940155, 0.2523925006389618, 0.26348453760147095, 0.7332519292831421, 0.3724321126937866, 0.39511996507644653, 0.35641902685165405, 1.6151869297027588, 0.7482422590255737, 0.9804648756980896, 0.4100392162799835, 0.21966418623924255, 0.21026505529880524, 0.5773769617080688, 0.26488810777664185, 0.35776346921920776, 0.5444179773330688, 0.5497905015945435, 0.23373231291770935, 0.39241039752960205, 0.16233602166175842, 0.4892939031124115, 0.21048679947853088, 0.29593369364738464, 0.6113846302032471, 0.5762270092964172, 0.21487969160079956, 0.31103724241256714, 0.595160186290741, 0.2339898943901062, 6.7347798347473145, 0.36461207270622253, 0.17089548707008362, 0.4397975504398346, 0.28048983216285706, 0.3823496103286743, 0.7246158123016357, 0.3376650810241699, 0.3611234426498413, 0.3232540786266327, 0.3435344994068146, 0.28043922781944275, 0.7511616349220276, 0.31615620851516724, 0.22896382212638855, 0.3232402801513672, 0.1490291804075241]",0.017735179513692856,False,"[0.05000000074505806, 0.05000000074505806, 0.05000000074505806, 0.05000000074505806, 0.05000000074505806, 0.05000000074505806, 0.05000000074505806, 0.05000000074505806, 0.05000000074505806, 0.05000000074505806, 0.05000000074505806, 0.05000000074505806, 0.05000000074505806, 0.05000000074505806, 0.05000000074505806, 0.05000000074505806, 0.05000000074505806, 0.05000000074505806, 0.05000000074505806, 0.05000000074505806]"
33,1.439999999999998,0.1800401210784912,"[0.10048378258943558, 0.061758313328027725, 0.08092134445905685, 0.12960724532604218, 0.6520418524742126, -0.4086596369743347, -1.9489141702651978, 0.44167226552963257, 2.480426549911499, -2.2243106365203857, -0.1617678552865982, 0.132576122879982]","[-0.042296621948480606, -0.04480757564306259, -0.030149610713124275, 0.20985405147075653, -0.1571163684129715, -0.1440603882074356, -0.28625860810279846, 0.0022149458527565002, 0.2179575264453888, 0.3142167329788208, 0.014189213514328003, -0.04905976727604866]","[0.0, 0.0, 0.0, 0.5828982109815894, -0.7559574649177612, -0.023146450572779226, -1.3854002370637337, 0.021515574704363306, 0.6711839423510055, 0.2084864564429563, 0.0, 0.0]","[0.3346307873725891, 0.35701102018356323, 0.47491809725761414, 0.45651018619537354, 0.3076663017272949, 0.45802873373031616, 0.3630981743335724, 0.3811025321483612, 0.47512561082839966, 0.3343941569328308, 0.20834176242351532, 0.38450437784194946, 0.47389769554138184, 0.4741475582122803, 0.34025323390960693, 0.46610379219055176, 0.47355884313583374, 0.3678991198539734, 0.4736141562461853, 0.4157922565937042, 0.6760138273239136, 0.28352975845336914, 0.1929120421409607, 0.26572948694229126, 0.32938265800476074, 0.16869772970676422, 0.22361639142036438, 0.21441161632537842, 0.34075748920440674, 0.7574034929275513, 0.2990177273750305, 0.4481659531593323, 0.4082917273044586, 0.24727250635623932, 0.3262929916381836, 0.3018885850906372, 0.22209638357162476, 0.32602164149284363, 0.20319297909736633, 0.24540254473686218, 0.3432612717151642, 0.38552871346473694, 0.25365227460861206, 0.23672011494636536, 0.3667793869972229, 0.3366651237010956, 0.29959002137184143, 0.4165189862251282, 0.5393229722976685, 0.18885770440101624, 0.24156352877616882, 0.42208293080329895, 0.5570464730262756, 0.48833906650543213, 0.41149359941482544, 0.27625522017478943, 0.24777530133724213, 0.5136672854423523, 0.25008904933929443, 0.26891300082206726, 0.18093137443065643, 0.23737257719039917, 0.3326423764228821, 0.3910064101219177, 0.9624654054641724, 0.27423858642578125, 0.37819504737854004, 0.18638424575328827, 0.5262318253517151, 0.18004028499126434, 0.15954411029815674, 0.31775200366973877, 0.45775723457336426, 0.5328974723815918, 0.23002007603645325, 0.45225873589515686, 0.40047162771224976, 0.45840829610824585, 0.23539143800735474, 0.28387677669525146, 0.3872245252132416, 0.2788981795310974, 0.2678542137145996, 0.16110676527023315, 0.1822422742843628, 0.21815292537212372, 0.2790117561817169, 0.27669817209243774, 0.1911218911409378, 0.55544513463974, 0.20195627212524414, 0.16610047221183777, 0.2847796380519867, 0.2597607374191284, 0.15231868624687195, 0.36255475878715515, 0.18701735138893127, 0.2188216596841812, 0.4297718107700348, 0.1845473051071167, 0.4155956506729126, 0.1655983030796051, 0.45240509510040283, 0.6006636619567871, 0.4409380555152893, 0.40692222118377686, 0.23084333539009094, 0.6629994511604309, 0.27774524688720703, 0.26723259687423706, 0.26911428570747375, 0.3090783953666687, 0.3582131266593933, 0.23813989758491516, 0.2274690866470337, 0.292317271232605, 0.2904510498046875, 0.3437573313713074, 0.2818072438240051, 0.30557698011398315, 0.31664252281188965, 0.22566963732242584, 4.630110263824463, 0.5194113254547119, 0.2942228317260742, 0.21291381120681763, 0.32063907384872437, 0.35115039348602295]",0.016717933118343353,False,"[0.05000000074505806, 0.05000000074505806, 0.05000000074505806, 0.05000000074505806, 0.05000000074505806, 0.05000000074505806, 0.05000000074505806, 0.05000000074505806, 0.05000000074505806, 0.05000000074505806, 0.05000000074505806, 0.05000000074505806, 0.05000000074505806, 0.05000000074505806, 0.05000000074505806, 0.05000000074505806, 0.05000000074505806, 0.05000000074505806, 0.05000000074505806, 0.05000000074505806]"
34,1.4849999999999977,0.17963671684265137,"[0.09776246547698975, 0.05721452087163925, 0.06189185753464699, 0.14712193608283997, 0.6271174550056458, -0.413778692483902, -1.9971725940704346, 0.4426839351654053, 2.510105848312378, -2.215088129043579, -0.1610736846923828, 0.12750372290611267]","[-0.11546146124601364, -0.1699322909116745, -0.4018014073371887, 0.4178626835346222, -0.586617112159729, -0.11075512319803238, -1.1775177717208862, 0.020770322531461716, 0.7923831939697266, 0.20080986618995667, 0.1036953553557396, -0.1834888905286789]","[0.0, 0.0, 0.0, 0.6059305156177017, -0.734427680244583, -0.021108375938341098, -1.3394189053075642, 0.013764670445747439, 0.6532790617928171, 0.25967337408873664, 0.0, 0.0]","[0.14259512722492218, 0.3017262816429138, 0.10623633861541748, 0.21455690264701843, 0.6750941276550293, 0.34627848863601685, 0.2811710834503174, 0.8212280869483948, 0.6110297441482544, 0.25296539068222046, 0.2956524193286896, 0.19043193757534027, 0.28468987345695496, 0.6361440420150757, 0.25819841027259827, 0.33165907859802246, 0.2396395057439804, 0.21219635009765625, 0.34152525663375854, 0.8272299766540527, 0.40418145060539246, 0.6389200091362, 0.21265438199043274, 0.20357483625411987, 0.14470593631267548, 0.1421445608139038, 0.17040756344795227, 0.5380864143371582, 0.30014216899871826, 0.1656644344329834, 0.19905105233192444, 0.18408414721488953, 0.35641974210739136, 11.380877494812012, 0.17914077639579773, 0.2807096242904663, 0.18439774215221405, 0.31873682141304016, 0.39731377363204956, 0.41741499304771423, 0.3032330274581909, 0.25257906317710876, 0.4724581241607666, 0.4089740812778473, 0.4600551426410675, 0.168028324842453, 0.5934387445449829, 0.398830384016037, 0.24834275245666504, 0.3916291892528534, 0.963511049747467, 0.2660473585128784, 0.1746731996536255, 0.13184106349945068, 0.19477078318595886, 0.9049721956253052, 0.3225245475769043, 0.2431628704071045, 0.18227225542068481, 0.18610171973705292, 0.2560824155807495, 0.23840737342834473, 0.1978301703929901, 0.21733063459396362, 0.21303921937942505, 0.24779343605041504, 0.3048320710659027, 0.4332273602485657, 0.7579243779182434, 0.1880631446838379, 0.2896127700805664, 0.4846215844154358, 0.2600439488887787, 0.2051132470369339, 0.15645717084407806, 0.19986391067504883, 0.1956903636455536, 0.20557132363319397, 0.44052422046661377, 0.233897864818573, 0.3179933726787567, 0.20362915098667145, 0.19154813885688782, 0.17145922780036926, 0.7630223035812378, 0.2442319691181183, 0.25660908222198486, 0.18383526802062988, 0.6515971422195435, 0.20870548486709595, 0.18421339988708496, 0.2059749811887741, 0.5515322089195251, 0.18743115663528442, 0.325947105884552, 0.28687793016433716, 0.3193374276161194, 0.2215508073568344, 0.10938573628664017, 0.2480255663394928, 0.2367141991853714, 11.97858715057373, 0.6531579494476318, 0.19009116291999817, 0.13047707080841064, 0.14239339530467987, 0.30058586597442627, 0.3086957633495331, 0.6068344116210938, 0.2487320601940155, 0.32044512033462524, 0.14635875821113586, 0.2162247896194458, 0.15950709581375122, 0.1952638328075409, 0.16506046056747437, 0.815241813659668, 0.16711610555648804, 0.2039870023727417, 0.17817316949367523, 0.23955756425857544, 0.24948987364768982, 0.2479795664548874, 0.24371227622032166, 0.28707605600357056, 0.193406879901886, 0.253645122051239, 0.15232431888580322]",0.015460047870874405,False,"[0.05000000074505806, 0.05000000074505806, 0.05000000074505806, 0.05000000074505806, 0.05000000074505806, 0.05000000074505806, 0.05000000074505806, 0.05000000074505806, 0.05000000074505806, 0.05000000074505806, 0.05000000074505806, 0.05000000074505806, 0.05000000074505806, 0.05000000074505806, 0.05000000074505806, 0.05000000074505806, 0.05000000074505806, 0.05000000074505806, 0.05000000074505806, 0.05000000074505806]"
35,1.5299999999999974,0.1801609992980957,"[0.09023065119981766, 0.04694944620132446, 0.03687765821814537, 0.16603653132915497, 0.6019666790962219, -0.4201679825782776, -2.047631025314331, 0.44340693950653076, 2.5475213527679443, -2.2042763233184814, -0.1550300419330597, 0.1165415346622467]","[-0.1751251369714737, -0.2335636466741562, -0.6145716309547424, 0.41711586713790894, -0.5507159233093262, -0.1521414965391159, -1.0962597131729126, 0.013834042474627495, 0.8311276435852051, 0.24952593445777893, 0.1324007511138916, -0.2520309090614319]","[0.0, 0.0, 0.0, -0.04773262272324206, -0.29782691223638436, -0.04458234979839504, -0.5550138692989681, 0.030803165182013027, 0.263143918803112, -0.23885319274131556, 0.0, 0.0]","[0.1139335036277771, 0.26873868703842163, 0.2657740116119385, 0.19382920861244202, 0.18229222297668457, 0.27069002389907837, 0.29364269971847534, 0.28326934576034546, 0.6031737327575684, 0.20678380131721497, 0.4237426519393921, 0.2868548631668091, 0.27546337246894836, 0.22581815719604492, 0.21322262287139893, 0.2952880263328552, 0.2496030479669571, 0.30061328411102295, 0.19514170289039612, 0.2505929172039032, 0.18836268782615662, 0.1247248500585556, 0.12197236716747284, 0.3504517078399658, 0.6600918769836426, 0.1536872684955597, 0.42907941341400146, 0.47512343525886536, 0.20108048617839813, 0.10415385663509369, 0.11052819341421127, 0.4493018090724945, 0.2902024984359741, 0.2786576747894287, 0.1252543032169342, 0.17687055468559265, 0.48818063735961914, 0.42010563611984253, 0.15140467882156372, 0.33660876750946045, 0.1800970733165741, 0.10226794332265854, 0.24688196182250977, 0.1940118372440338, 0.14302131533622742, 0.25651615858078003, 0.1925375610589981, 0.13126111030578613, 0.18685749173164368, 0.2764889597892761, 0.1811065673828125, 0.6349076628684998, 0.2616038918495178, 0.1297752857208252, 0.2057153284549713, 0.3387361168861389, 0.2620897889137268, 0.16739532351493835, 0.3799772262573242, 0.6204211115837097, 0.13286596536636353, 0.6751530170440674, 0.3217119872570038, 0.19371727108955383, 0.3524716794490814, 0.786392331123352, 0.14687593281269073, 0.2176131010055542, 0.1824859082698822, 0.19295631349086761, 0.19702382385730743, 0.28496962785720825, 0.1680261194705963, 0.17498868703842163, 0.1146145761013031, 0.16758012771606445, 0.19795791804790497, 0.20952308177947998, 0.19929377734661102, 0.6826255321502686, 0.10005272924900055, 0.2706752419471741, 0.1697590947151184, 0.12996980547904968, 0.1715189665555954, 0.38142552971839905, 2.3475260734558105, 0.22544658184051514, 0.1273041069507599, 0.21983084082603455, 0.16807661950588226, 0.11653043329715729, 0.13768112659454346, 0.22497378289699554, 0.13484716415405273, 0.4190770387649536, 0.20737822353839874, 0.783591091632843, 0.28637000918388367, 0.1309424340724945, 0.17466174066066742, 0.2314099371433258, 0.2735059857368469, 0.18970096111297607, 0.2979544997215271, 0.28178369998931885, 0.3603634238243103, 0.14863592386245728, 1.110365390777588, 0.7999962568283081, 0.33235806226730347, 0.24368032813072205, 0.5482058525085449, 0.17945635318756104, 0.2843458354473114, 0.42377567291259766, 0.14764411747455597, 0.9121115207672119, 0.21678629517555237, 0.16247081756591797, 0.22535307705402374, 0.17064978182315826, 0.2309194654226303, 0.20349887013435364, 0.22523218393325806, 0.46094968914985657, 0.37545064091682434, 0.2164839208126068]",0.012592550367116928,False,"[0.05000000074505806, 0.05000000074505806, 0.05000000074505806, 0.05000000074505806, 0.05000000074505806, 0.05000000074505806, 0.05000000074505806, 0.05000000074505806, 0.05000000074505806, 0.05000000074505806, 0.05000000074505806, 0.05000000074505806, 0.05000000074505806, 0.05000000074505806, 0.05000000074505806, 0.05000000074505806, 0.05000000074505806, 0.05000000074505806, 0.05000000074505806, 0.05000000074505806]"
36,1.574999999999997,0.18000030517578125,"[0.08594252169132233, 0.04155167192220688, 0.019835995510220528, 0.17022395133972168, 0.5877271890640259, -0.4222150444984436, -2.0711770057678223, 0.44397103786468506, 2.5739247798919678, -2.2099761962890625, -0.15115025639533997, 0.11043672263622284]","[-0.08124847710132599, -0.11482950299978256, -0.4972458779811859, 0.02285819873213768, -0.2781302034854889, -0.038811955600976944, -0.412026971578598, 0.0120968297123909, 0.46536150574684143, -0.229135200381279, 0.0283823162317276, -0.16997599601745605]","[0.0, 0.0, 0.0, 0.11762791289659565, -0.31324691770182567, -0.028387752898289167, -0.5737948005621841, 0.015696243234933627, 0.2768956499958179, -0.050231166488407766, 0.0, 0.0]","[0.11098864674568176, 0.20900699496269226, 0.3274015784263611, 0.2837115526199341, 0.10267883539199829, 0.31377285718917847, 0.2234995812177658, 0.3130802810192108, 0.11010438948869705, 0.31351184844970703, 0.1729259490966797, 0.4322974681854248, 0.3032533824443817, 0.299882173538208, 0.3132367432117462, 0.31422924995422363, 0.21479713916778564, 0.30299896001815796, 0.3123202323913574, 0.22936893999576569, 0.18583790957927704, 0.23108553886413574, 0.15767088532447815, 0.16579636931419373, 0.892145037651062, 0.19196844100952148, 0.43558627367019653, 0.28767484426498413, 0.3044087886810303, 0.7965090274810791, 0.22780761122703552, 0.21792563796043396, 0.16638655960559845, 0.4676778316497803, 0.2478092908859253, 0.18191424012184143, 0.2214653342962265, 0.17544224858283997, 0.26905357837677, 0.4032652974128723, 0.17543068528175354, 0.15739911794662476, 0.19878797233104706, 0.34705376625061035, 0.13650920987129211, 0.2741338610649109, 0.13964566588401794, 0.41752123832702637, 0.8000715970993042, 0.21739494800567627, 0.4528912901878357, 0.1557336449623108, 0.13148654997348785, 0.3646717071533203, 0.2330218255519867, 0.14099644124507904, 0.11601653695106506, 0.3982025384902954, 0.19848555326461792, 0.21750661730766296, 0.26518329977989197, 0.20734909176826477, 0.20947688817977905, 0.1330288052558899, 0.20192250609397888, 0.8035749793052673, 0.20880970358848572, 0.14290304481983185, 0.1453164517879486, 0.20143404603004456, 0.136249840259552, 0.1278645247220993, 0.1947888433933258, 0.1686025857925415, 0.4159639775753021, 0.16205120086669922, 0.24757960438728333, 0.32309308648109436, 0.8051642179489136, 0.19409453868865967, 0.11153332889080048, 0.190601646900177, 0.21925801038742065, 0.1124250665307045, 0.1224658265709877, 0.13040362298488617, 0.12045447528362274, 0.14401301741600037, 0.3016431927680969, 0.2999090850353241, 0.5614566802978516, 0.21759295463562012, 0.29642415046691895, 0.15695181488990784, 0.25332438945770264, 0.10324162989854813, 0.17337098717689514, 0.18180039525032043, 0.1895286738872528, 0.27792227268218994, 0.15980759263038635, 0.1743887960910797, 0.6399866342544556, 0.22905927896499634, 0.24426352977752686, 0.1890665888786316, 0.20826920866966248, 0.7129349112510681, 0.12801937758922577, 0.2192314863204956, 0.16052567958831787, 0.1787388026714325, 0.18540264666080475, 0.3752897083759308, 0.12987291812896729, 0.1696898341178894, 0.13615795969963074, 0.21619626879692078, 0.2231810837984085, 0.15794408321380615, 0.22284889221191406, 0.18984070420265198, 0.12050032615661621, 0.1676005870103836, 0.17726674675941467, 0.1903192698955536, 0.21795600652694702, 3.62343692779541]",0.011213501915335655,False,"[0.05000000074505806, 0.05000000074505806, 0.05000000074505806, 0.05000000074505806, 0.05000000074505806, 0.05000000074505806, 0.05000000074505806, 0.05000000074505806, 0.05000000074505806, 0.05000000074505806, 0.05000000074505806, 0.05000000074505806, 0.05000000074505806, 0.05000000074505806, 0.05000000074505806, 0.05000000074505806, 0.05000000074505806, 0.05000000074505806, 0.05000000074505806, 0.05000000074505806]"
37,1.6199999999999968,0.17996573448181152,"[0.08523759990930557, 0.04059397429227829, 0.01105665136128664, 0.17277030646800995, 0.574682891368866, -0.4237200617790222, -2.093822479248047, 0.44438305497169495, 2.5871410369873047, -2.2126715183258057, -0.1515594720840454, 0.10391122102737427]","[-0.027828792110085487, -0.05249287933111191, -0.30476152896881104, 0.06172053515911102, -0.2722442150115967, -0.026069998741149902, -0.5042979717254639, 0.008739872835576534, 0.300759881734848, -0.05140922591090202, -0.07808936387300491, -0.014047268778085709]","[0.0, 0.0, 0.0, 0.11576469963025815, -0.3107491018005174, -0.028522166598337943, -0.5678713377411733, 0.015025705978058346, 0.2747223766288672, -0.048469984960389165, 0.0, 0.0]","[0.10783211141824722, 0.2711552381515503, 0.2739013731479645, 0.28280213475227356, 0.3382701277732849, 0.40008974075317383, 0.5210820436477661, 0.27573323249816895, 0.27183109521865845, 0.2876839339733124, 0.261095255613327, 0.31781524419784546, 0.24194246530532837, 0.5640321373939514, 1.2081302404403687, 0.2056209146976471, 0.5147924423217773, 0.2613493800163269, 0.2903444766998291, 0.2863495349884033, 0.6944785118103027, 0.2642907500267029, 0.27778708934783936, 0.27180999517440796, 0.5172517895698547, 0.2371397167444229, 0.4832202196121216, 0.31407666206359863, 0.646638810634613, 0.11182855814695358, 0.15071839094161987, 68.8835220336914, 0.8069325685501099, 0.17956414818763733, 0.35074281692504883, 0.19228263199329376, 0.16988815367221832, 0.7440745830535889, 0.1560710370540619, 0.19704559445381165, 0.20169323682785034, 0.33835136890411377, 0.5607413053512573, 0.5367993712425232, 0.14299455285072327, 0.2684592306613922, 0.14175130426883698, 0.7980567812919617, 0.5755935907363892, 0.7202636003494263, 0.34942394495010376, 0.21584436297416687, 0.20150023698806763, 0.3278753459453583, 0.20082035660743713, 0.2772373557090759, 0.33320093154907227, 0.7051613330841064, 0.3066365718841553, 0.5783611536026001, 0.7272372841835022, 0.1893545687198639, 0.14366428554058075, 0.17735137045383453, 0.17625559866428375, 0.15909716486930847, 0.6936111450195312, 0.7123505473136902, 0.1728929579257965, 1.2820566892623901, 0.292127400636673, 0.582423746585846, 1.5028834342956543, 0.23761066794395447, 0.40358614921569824, 0.13391420245170593, 0.20760804414749146, 0.31686151027679443, 0.5642203092575073, 0.5501311421394348, 1.1574876308441162, 0.31714242696762085, 0.21348072588443756, 0.22925186157226562, 0.3970164656639099, 0.31388407945632935, 0.35531723499298096, 0.29591813683509827, 0.16201883554458618, 0.24003908038139343, 0.14519616961479187, 0.2459198236465454, 0.22307991981506348, 0.5483638048171997, 0.27826863527297974, 0.34043556451797485, 1.4823232889175415, 0.22945258021354675, 0.10958880186080933, 0.23131048679351807, 0.2158242166042328, 0.3215446472167969, 0.2720017433166504, 0.2168758362531662, 2.6383659839630127, 0.5159419775009155, 0.39322414994239807, 0.24023835361003876, 0.20677542686462402, 0.42604267597198486, 0.2824186682701111, 0.20784781873226166, 0.18066032230854034, 0.20142918825149536, 0.9463318586349487, 0.27014702558517456, 0.32969772815704346, 0.3313632905483246, 0.49305540323257446, 0.2002752125263214, 0.24205338954925537, 0.6036874651908875, 0.19609832763671875, 1.453890323638916, 0.384878933429718, 0.23081624507904053, 0.2512158453464508, 0.6104214191436768]",0.011030765250325203,False,"[0.05000000074505806, 0.05000000074505806, 0.05000000074505806, 0.05000000074505806, 0.05000000074505806, 0.05000000074505806, 0.05000000074505806, 0.05000000074505806, 0.05000000074505806, 0.05000000074505806, 0.05000000074505806, 0.05000000074505806, 0.05000000074505806, 0.05000000074505806, 0.05000000074505806, 0.05000000074505806, 0.05000000074505806, 0.05000000074505806, 0.05000000074505806, 0.05000000074505806]"
38,1.6649999999999965,0.18001461029052734,"[0.08291653543710709, 0.0370401106774807, -0.009423969313502312, 0.1754785180091858, 0.5634884834289551, -0.4251696765422821, -2.114875078201294, 0.44476479291915894, 2.601688861846924, -2.2146663665771484, -0.1532701700925827, 0.10082053393125534]","[-0.05668872594833374, -0.08334144204854965, -0.4939879775047302, 0.058357130736112595, -0.24338074028491974, -0.03551223501563072, -0.4553404152393341, 0.008324621245265007, 0.32731935381889343, -0.04269658029079437, -0.025397365912795067, -0.0855710580945015]","[0.0, 0.0, 0.0, -0.22040935009839174, 0.7009728493935629, 0.06732110110948286, 1.2814591523834387, -0.03896360270525945, -0.6197404368145646, 0.15590828881497137, 0.0, 0.0]","[0.1053769439458847, 0.2838808000087738, 0.45476606488227844, 0.26362454891204834, 0.2606825828552246, 0.3199915289878845, 0.26314470171928406, 0.20770364999771118, 0.17319920659065247, 0.5960020422935486, 0.27595457434654236, 0.2613127529621124, 0.4358729124069214, 0.13366983830928802, 0.31750714778900146, 0.22756938636302948, 0.7114968299865723, 0.2761322855949402, 0.27365732192993164, 0.2752287983894348, 0.27431780099868774, 0.25406110286712646, 0.1712009608745575, 0.4480767250061035, 0.20450618863105774, 0.18023674190044403, 0.14795972406864166, 0.18263490498065948, 0.4831112027168274, 0.2259339988231659, 0.2905622720718384, 0.11665959656238556, 0.3158668875694275, 0.22030022740364075, 0.11187691986560822, 0.15173281729221344, 0.1510429084300995, 0.48129379749298096, 0.13429699838161469, 0.11093906313180923, 0.21066725254058838, 0.17099815607070923, 0.24405333399772644, 0.14386703073978424, 0.33422017097473145, 0.21465255320072174, 0.7703967094421387, 0.17377670109272003, 0.5541182160377502, 0.29263800382614136, 0.14573532342910767, 0.2573572099208832, 0.20142251253128052, 0.1310269981622696, 0.20691367983818054, 0.16594231128692627, 0.5226970911026001, 0.5555524826049805, 0.17813125252723694, 0.4132281541824341, 0.3389790654182434, 0.15031906962394714, 0.30508047342300415, 0.47388264536857605, 0.19906848669052124, 0.10927166789770126, 0.2885153889656067, 0.1760665774345398, 0.13619203865528107, 0.1918540745973587, 0.6440426707267761, 0.2595118582248688, 0.33863019943237305, 0.1801428198814392, 0.2701182961463928, 0.4749069809913635, 0.4667619466781616, 0.17026644945144653, 0.20904749631881714, 0.20338425040245056, 0.26361891627311707, 0.18297231197357178, 0.14887908101081848, 0.12636053562164307, 0.1690731942653656, 0.20981787145137787, 0.12596043944358826, 7.800260066986084, 0.1114778220653534, 0.25677186250686646, 0.3167441785335541, 0.19879330694675446, 0.11119572818279266, 0.10026484727859497, 0.2265969216823578, 0.5037328004837036, 0.8243391513824463, 0.38441139459609985, 0.10274776071310043, 0.3703967332839966, 0.1697515845298767, 0.22819504141807556, 0.17244946956634521, 0.7403806447982788, 0.2248806208372116, 1.7720720767974854, 4.010436534881592, 0.15665295720100403, 0.18707430362701416, 0.13456030189990997, 0.23551326990127563, 0.2507966458797455, 0.33581802248954773, 0.3432469367980957, 0.3124178647994995, 0.17071369290351868, 0.2435830533504486, 0.13685393333435059, 0.3060796856880188, 0.14199122786521912, 0.15248876810073853, 0.14434756338596344, 0.2421741783618927, 0.22768685221672058, 0.18696561455726624, 0.13374967873096466, 0.2548564672470093, 0.22536075115203857]",0.010396725498139858,False,"[0.05000000074505806, 0.05000000074505806, 0.05000000074505806, 0.05000000074505806, 0.05000000074505806, 0.05000000074505806, 0.05000000074505806, 0.05000000074505806, 0.05000000074505806, 0.05000000074505806, 0.05000000074505806, 0.05000000074505806, 0.05000000074505806, 0.05000000074505806, 0.05000000074505806, 0.05000000074505806, 0.05000000074505806, 0.05000000074505806, 0.05000000074505806, 0.05000000074505806]"
39,1.7099999999999962,0.1795508861541748,"[0.08255977183580399, 0.03688892722129822, -0.01166456937789917, 0.16781696677207947, 0.5846150517463684, -0.4233238399028778, -2.076411724090576, 0.44374385476112366, 2.5958430767059326, -2.2082886695861816, -0.15279251337051392, 0.11049697548151016]","[-0.0008431163150817156, -6.529966776724905e-05, -0.014403045177459717, -0.2005942016839981, 0.6104910373687744, 0.04484217241406441, 1.1163076162338257, -0.02372797764837742, -0.34631845355033875, 0.14966526627540588, -0.006106660235673189, 0.15468980371952057]","[0.0, 0.0, 0.0, 0.17153444282347707, -0.4840450381150339, -0.04379579918772042, -0.8872234922361492, 0.026815307452238944, 0.4282033619605278, -0.0907583890185281, 0.0, 0.0]","[0.22735798358917236, 0.298013836145401, 0.29860496520996094, 0.29633206129074097, 0.29715245962142944, 0.2961064279079437, 0.2990656793117523, 0.5530259609222412, 0.29642778635025024, 0.2964383661746979, 0.24617566168308258, 0.29705333709716797, 0.24086102843284607, 0.2969648838043213, 0.2953425645828247, 0.296319842338562, 0.2978748679161072, 0.29832392930984497, 0.7739043831825256, 0.29689013957977295, 0.2973763346672058, 0.2964402139186859, 0.296065092086792, 0.7561805248260498, 0.1515813022851944, 0.1771780550479889, 0.2304108589887619, 0.17580914497375488, 0.155353382229805, 0.8248870968818665, 0.18951517343521118, 0.13081209361553192, 0.28218215703964233, 0.13205528259277344, 0.1138608530163765, 0.12206826359033585, 0.1896580457687378, 0.20923152565956116, 0.23133033514022827, 0.19992521405220032, 0.1633133441209793, 0.12116116285324097, 0.15043655037879944, 0.1624056100845337, 0.24796545505523682, 0.3453359603881836, 0.2826029658317566, 0.11008807271718979, 0.2178419530391693, 0.16212350130081177, 0.2722761332988739, 0.21835622191429138, 0.14637739956378937, 0.1787705421447754, 0.2232961356639862, 0.16564559936523438, 0.2961820363998413, 4.199198246002197, 0.12634849548339844, 0.11882650852203369, 0.22887440025806427, 0.20445945858955383, 0.39507919549942017, 0.19774523377418518, 0.2593940496444702, 0.12399189174175262, 0.39149636030197144, 0.17905133962631226, 0.19413481652736664, 0.10968717932701111, 0.2603408098220825, 0.12336710095405579, 0.2275615632534027, 0.3296390771865845, 0.16089634597301483, 0.27809950709342957, 0.27634599804878235, 0.15359430015087128, 0.2688705325126648, 0.3796589970588684, 0.679564893245697, 0.2830258905887604, 1.110164999961853, 0.15401357412338257, 0.19699326157569885, 0.1394493579864502, 0.13643810153007507, 0.2334875762462616, 0.7125878930091858, 0.17492398619651794, 0.216917023062706, 0.24670295417308807, 0.29631608724594116, 0.1478060930967331, 0.1185586005449295, 0.29518675804138184, 0.2964092791080475, 0.18425540626049042, 0.19079644978046417, 0.37328165769577026, 0.14174246788024902, 0.17649546265602112, 0.20560303330421448, 0.4233010709285736, 0.2777569890022278, 0.2522064745426178, 1.4864166975021362, 0.26082900166511536, 0.26085177063941956, 0.2298944890499115, 0.1622593253850937, 0.20569735765457153, 0.1646539568901062, 0.11539538204669952, 0.20384109020233154, 0.1603211611509323, 0.1976248174905777, 0.32084763050079346, 0.2200734168291092, 0.26917916536331177, 0.15458625555038452, 0.23020294308662415, 0.13888271152973175, 0.8119974732398987, 0.15529873967170715, 0.18074066936969757, 0.294031023979187, 0.15894733369350433]",0.010341069661080837,False,"[0.05000000074505806, 0.05000000074505806, 0.05000000074505806, 0.05000000074505806, 0.05000000074505806, 0.05000000074505806, 0.05000000074505806, 0.05000000074505806, 0.05000000074505806, 0.05000000074505806, 0.05000000074505806, 0.05000000074505806, 0.05000000074505806, 0.05000000074505806, 0.05000000074505806, 0.05000000074505806, 0.05000000074505806, 0.05000000074505806, 0.05000000074505806, 0.05000000074505806]"
40,1.754999999999996,0.17931580543518066,"[0.08255460113286972, 0.03688887506723404, -0.011760438792407513, 0.17114610970020294, 0.5780402421951294, -0.42466261982917786, -2.0932509899139404, 0.44424647092819214, 2.5997049808502197, -2.2117011547088623, -0.1593770980834961, 0.10745185613632202]","[-2.3230113583849743e-05, 2.1972006436499214e-07, -0.00043798561091534793, 0.12290244549512863, -0.3100299835205078, -0.027898622676730156, -0.7282630205154419, 0.013551485724747181, 0.29004785418510437, -0.08478891104459763, -0.09428341686725616, -0.036353133618831635]","[0.0, 0.0, 0.0, -0.00914198165229567, -0.7474761716569759, -0.0889711425387926, -1.3790210907471736, 0.07293252764737854, 0.6652291117928197, -0.4541232510401143, 0.0, 0.0]","[0.09969304502010345, 2.3004605770111084, 0.16655272245407104, 0.37886637449264526, 0.15362732112407684, 0.8161020874977112, 0.29831141233444214, 0.2768453359603882, 0.45621412992477417, 0.2721388339996338, 0.28407636284828186, 0.29768094420433044, 0.2969402074813843, 0.29678237438201904, 0.2750858664512634, 0.22311066091060638, 0.2020781934261322, 0.26925578713417053, 0.2983326017856598, 0.29750558733940125, 0.2558339536190033, 0.27436888217926025, 0.5362083911895752, 0.3423134386539459, 0.4868224859237671, 0.1475141942501068, 0.19695129990577698, 0.34184926748275757, 0.2170799821615219, 0.25293242931365967, 0.3539903163909912, 3.1512818336486816, 0.6189060807228088, 0.38852787017822266, 0.12629766762256622, 0.13500529527664185, 0.4065348505973816, 1.2555164098739624, 0.45717644691467285, 0.2869596481323242, 0.16088390350341797, 0.23690158128738403, 0.1754901260137558, 0.40973326563835144, 0.26371991634368896, 0.31078964471817017, 0.1246437057852745, 0.24584436416625977, 0.09524345397949219, 0.19494539499282837, 0.41703325510025024, 0.15725070238113403, 0.16934946179389954, 0.15639346837997437, 0.11634697020053864, 0.17883822321891785, 0.15070053935050964, 0.8046768307685852, 0.19516481459140778, 0.13304811716079712, 0.4261183738708496, 0.19489948451519012, 0.28233325481414795, 0.12516923248767853, 0.1329740285873413, 0.21359068155288696, 0.16681979596614838, 0.7908794283866882, 0.15842650830745697, 0.5441485643386841, 0.18077993392944336, 0.1470041275024414, 0.1918545663356781, 0.08505873382091522, 0.12702533602714539, 0.641075849533081, 0.16566206514835358, 0.13724909722805023, 0.0842544212937355, 0.2328013777732849, 0.9867120385169983, 0.4765479266643524, 0.2109391987323761, 0.14422909915447235, 0.3437028229236603, 0.2870015501976013, 0.14132866263389587, 0.2053157389163971, 0.4414568841457367, 0.4525004029273987, 0.11046122014522552, 0.2514757513999939, 0.7685595154762268, 0.17418885231018066, 0.13715410232543945, 0.3135914206504822, 0.14974921941757202, 0.2441748082637787, 0.26402711868286133, 0.18642649054527283, 0.4619814157485962, 0.4321190118789673, 0.15330903232097626, 0.3448218107223511, 0.07949580252170563, 0.23623089492321014, 0.3035479784011841, 0.9894049167633057, 0.20067553222179413, 0.28060173988342285, 3.4408626556396484, 0.17872707545757294, 0.4320809245109558, 0.28646180033683777, 0.30146944522857666, 0.12130764126777649, 0.24484142661094666, 0.08386050909757614, 0.21894052624702454, 0.37140703201293945, 0.20426791906356812, 0.31634390354156494, 0.2962678372859955, 0.1999407410621643, 0.19051718711853027, 0.2771526873111725, 0.11393436789512634, 0.2306990623474121]",0.010337477549910545,False,"[0.05000000074505806, 0.05000000074505806, 0.05000000074505806, 0.05000000074505806, 0.05000000074505806, 0.05000000074505806, 0.05000000074505806, 0.05000000074505806, 0.05000000074505806, 0.05000000074505806, 0.05000000074505806, 0.05000000074505806, 0.05000000074505806, 0.05000000074505806, 0.05000000074505806, 0.05000000074505806, 0.05000000074505806, 0.05000000074505806, 0.05000000074505806, 0.05000000074505806]"
41,1.7999999999999956,0.1797490119934082,"[0.08156869560480118, 0.03488316014409065, -0.02460988238453865, 0.1746244579553604, 0.552115797996521, -0.4255303740501404, -2.147338628768921, 0.4465939700603485, 2.6277196407318115, -2.229285478591919, -0.1606849730014801, 0.09602054953575134]","[-0.06571736186742783, -0.13371458649635315, -0.8564518094062805, 0.04930764064192772, -0.6152428388595581, -0.030870910733938217, -1.224153757095337, 0.06110905483365059, 0.7351394891738892, -0.44166311621665955, -0.028673576191067696, -0.24386386573314667]","[0.0, 0.0, 0.0, 0.7870986183540312, -0.8742248967716768, -0.04268705462729917, -1.5834750932261066, -0.006019232316562324, 0.78315472357305, 0.4170038144287173, 0.0, 0.0]","[0.1404505968093872, 0.262212872505188, 0.18881537020206451, 0.256605863571167, 0.26093384623527527, 0.12335839867591858, 0.3688541352748871, 0.2825152277946472, 0.23735517263412476, 0.23036381602287292, 0.1936689019203186, 0.24235808849334717, 0.22571828961372375, 0.14158226549625397, 0.2018309235572815, 0.2611842453479767, 0.260038822889328, 0.2593808174133301, 0.2588980793952942, 0.259332537651062, 0.13413193821907043, 0.20569264888763428, 0.25890326499938965, 0.2770451307296753, 0.2398710697889328, 0.7553818821907043, 0.26598745584487915, 0.15937870740890503, 0.21487221121788025, 0.24676227569580078, 0.8012599349021912, 0.09774149954319, 0.3381422758102417, 0.16978271305561066, 0.2422281801700592, 0.10419020801782608, 0.13694632053375244, 0.6331457495689392, 0.32863378524780273, 2.6389503479003906, 0.10799101740121841, 0.29608091711997986, 0.2600431442260742, 0.5102757811546326, 0.369716614484787, 0.11589843034744263, 0.24890631437301636, 0.13567659258842468, 0.08657070249319077, 0.11690375208854675, 0.1884716898202896, 0.1393572837114334, 0.15303391218185425, 0.16248726844787598, 0.4456230401992798, 0.8447577953338623, 0.10766088962554932, 0.28144657611846924, 0.14714157581329346, 0.14516645669937134, 0.2424105405807495, 0.0791051983833313, 0.12733441591262817, 0.24900099635124207, 0.33788931369781494, 0.13692808151245117, 0.20439599454402924, 1.1263988018035889, 0.12484580278396606, 0.24779920279979706, 0.26031213998794556, 0.088274747133255, 0.2643374502658844, 0.1265730857849121, 0.32346394658088684, 0.823113739490509, 0.10517184436321259, 0.12854699790477753, 0.21921804547309875, 0.3540380299091339, 0.11681954562664032, 0.27341318130493164, 0.22691239416599274, 0.3328142762184143, 0.102767214179039, 0.14977429807186127, 0.24060820043087006, 0.15966328978538513, 0.3413456082344055, 0.11446869373321533, 0.11670391261577606, 0.1587257981300354, 0.1693151593208313, 0.10845615714788437, 0.13993896543979645, 0.3142077922821045, 0.18750068545341492, 0.12763918936252594, 0.167289599776268, 0.7196429967880249, 0.12434221804141998, 0.238712877035141, 0.14931423962116241, 0.1518486738204956, 0.2138727605342865, 0.24935802817344666, 0.40619155764579773, 0.20829010009765625, 0.2741139531135559, 0.15519969165325165, 0.08536010980606079, 0.20012147724628448, 0.10078887641429901, 0.1532726287841797, 0.24647139012813568, 0.22396554052829742, 0.2525578439235687, 1.2989720106124878, 0.13560377061367035, 0.8240411281585693, 0.2890516519546509, 0.9423539638519287, 0.22820782661437988, 0.15558938682079315, 1.9170746803283691, 0.1497967541217804, 0.09135956317186356, 0.17724549770355225]",0.01009348314255476,False,"[0.05000000074505806, 0.05000000074505806, 0.05000000074505806, 0.05000000074505806, 0.05000000074505806, 0.05000000074505806, 0.05000000074505806, 0.05000000074505806, 0.05000000074505806, 0.05000000074505806, 0.05000000074505806, 0.05000000074505806, 0.05000000074505806, 0.05000000074505806, 0.05000000074505806, 0.05000000074505806, 0.05000000074505806, 0.05000000074505806, 0.05000000074505806, 0.05000000074505806]"
42,1.8449999999999953,0.17973613739013672,"[0.07417629659175873, 0.02579502947628498, -0.06337635964155197, 0.19306302070617676, 0.521522581577301, -0.4369860589504242, -2.2078635692596436, 0.4477648437023163, 2.6693854331970215, -2.229382038116455, -0.1598505973815918, 0.08103375136852264]","[-0.20586280524730682, -0.22380883991718292, -0.6921611428260803, 0.4670085310935974, -0.6817099452018738, -0.2876336872577667, -1.332804799079895, 0.01389774214476347, 0.9553931355476379, 0.21700263023376465, 0.1073155328631401, -0.34695079922676086]","[0.0, 0.0, 0.0, 0.6207012504200778, -0.6850030078315719, -0.05034209307320828, -1.2365743209012912, -0.017000196614302014, 0.6122011245972375, 0.3369152461114015, 0.0, 0.0]","[0.0667290911078453, 0.08096820116043091, 0.10962188243865967, 0.10994064062833786, 0.11974451690912247, 0.11938050389289856, 0.16793161630630493, 0.09905444085597992, 0.180642232298851, 0.16990093886852264, 0.18018323183059692, 0.05064384639263153, 0.12652181088924408, 0.05572586506605148, 0.06876888126134872, 0.12370029836893082, 0.17899534106254578, 0.1259804368019104, 0.14142276346683502, 0.17391261458396912, 0.10326768457889557, 0.17448848485946655, 0.27898716926574707, 0.10366510599851608, 0.130540132522583, 0.17052853107452393, 0.15917953848838806, 0.12138236314058304, 0.1608949899673462, 0.13726457953453064, 0.0796041414141655, 0.08426851034164429, 0.7496257424354553, 0.12794192135334015, 0.5453367233276367, 0.17722609639167786, 0.13272824883460999, 0.17612513899803162, 0.09004254639148712, 0.17062006890773773, 0.17730848491191864, 0.14747652411460876, 0.09953287243843079, 0.0919058620929718, 0.12176886200904846, 0.12685954570770264, 0.19067993760108948, 0.15215936303138733, 0.1508006751537323, 0.08679686486721039, 0.10009117424488068, 0.15812236070632935, 0.11059504747390747, 0.1394718438386917, 0.12343934178352356, 0.09401702880859375, 0.1395474523305893, 0.1509842425584793, 0.10931519418954849, 0.1851792335510254, 0.14847372472286224, 0.10830634832382202, 0.13381214439868927, 0.09579624235630035, 0.0843338742852211, 0.10024906694889069, 0.12383664399385452, 0.10612592846155167, 0.10646112263202667, 0.09559613466262817, 0.1524696946144104, 0.09850917756557465, 0.12063266336917877, 0.18530137836933136, 0.3211611807346344, 0.10034388303756714, 0.14117643237113953, 0.07371901720762253, 0.1433514952659607, 0.27950143814086914, 0.09474851191043854, 0.1920304298400879, 0.06406653672456741, 0.185126394033432, 0.11524592339992523, 0.11758998036384583, 0.180148184299469, 0.10219372808933258, 0.20248912274837494, 0.11260224878787994, 0.34513401985168457, 0.17301878333091736, 0.11212404072284698, 0.12934623658657074, 0.06525829434394836, 0.1682729870080948, 0.08843027055263519, 0.19676153361797333, 0.09647546708583832, 0.17025217413902283, 0.12380111217498779, 0.09765829890966415, 0.1040501594543457, 0.13169676065444946, 0.1464684009552002, 0.26395368576049805, 0.09715845435857773, 0.29966503381729126, 0.2101527601480484, 0.10583651065826416, 0.16782546043395996, 0.2592882513999939, 0.10792451351881027, 0.12599453330039978, 0.7153105735778809, 0.09624825417995453, 0.08562910556793213, 0.13653582334518433, 0.14258038997650146, 0.06944724917411804, 0.11470790952444077, 0.10124659538269043, 0.16988947987556458, 0.2583061158657074, 0.1259710192680359, 0.46649083495140076, 0.0853814110159874, 0.08023259788751602]",0.0085151307284832,False,"[0.05000000074505806, 0.05000000074505806, 0.05000000074505806, 0.05000000074505806, 0.05000000074505806, 0.05000000074505806, 0.05000000074505806, 0.05000000074505806, 0.05000000074505806, 0.05000000074505806, 0.05000000074505806, 0.05000000074505806, 0.05000000074505806, 0.05000000074505806, 0.05000000074505806, 0.05000000074505806, 0.05000000074505806, 0.05000000074505806, 0.05000000074505806, 0.05000000074505806]"
43,1.889999999999995,0.17976903915405273,"[0.06602222472429276, 0.017471669241786003, -0.09088940173387527, 0.21073129773139954, 0.49507591128349304, -0.44805172085762024, -2.256026029586792, 0.44799700379371643, 2.70587420463562, -2.2148680686950684, -0.15381604433059692, 0.06745409965515137]","[-0.15797404944896698, -0.1598890870809555, -0.6314067840576172, 0.3927466869354248, -0.5828662514686584, -0.23908689618110657, -1.0252220630645752, 0.0021884639281779528, 0.7446755766868591, 0.33621087670326233, 0.10914250463247299, -0.2909516394138336]","[0.0, 0.0, 0.0, 0.8602460886942332, -0.97235639430727, -0.09933784618738964, -1.747578322163121, -0.042038966125329154, 0.8655654409465281, 0.46295960031197364, 0.0, 0.0]","[0.048394110053777695, 0.17674760520458221, 0.16763198375701904, 0.16673994064331055, 0.16491438448429108, 0.14547479152679443, 0.1613008677959442, 0.10137679427862167, 0.09306598454713821, 0.1312655210494995, 0.17457060515880585, 0.14717251062393188, 0.141912043094635, 0.20829835534095764, 0.1591854691505432, 0.08179079741239548, 0.11967965960502625, 0.12827257812023163, 0.163406640291214, 0.1835601031780243, 0.18062785267829895, 0.12837883830070496, 0.1373741328716278, 0.09291794896125793, 0.11749932169914246, 0.07210163027048111, 0.11519240587949753, 0.0956926941871643, 0.054706692695617676, 0.09935416281223297, 0.08918233215808868, 0.07395857572555542, 0.41824108362197876, 0.06653310358524323, 0.5528953671455383, 0.13883036375045776, 0.12009154260158539, 0.08280551433563232, 0.15346810221672058, 0.06291428953409195, 0.11141327023506165, 0.051108017563819885, 0.0796256810426712, 0.05296386405825615, 0.12788286805152893, 0.20528069138526917, 0.07900441437959671, 0.05805278941988945, 0.06059649586677551, 0.2172936648130417, 0.12841598689556122, 0.2066098153591156, 0.15697543323040009, 0.09085042774677277, 0.07286214828491211, 0.31937962770462036, 0.07083554565906525, 0.09675521403551102, 0.13742367923259735, 0.05349446088075638, 0.9613067507743835, 0.08845454454421997, 0.07989181578159332, 0.05990201234817505, 0.07983527332544327, 0.24263016879558563, 0.0940912589430809, 0.5150105953216553, 0.733820915222168, 0.6337594985961914, 0.0848965123295784, 0.13934096693992615, 0.19719180464744568, 0.10554612427949905, 0.07460087537765503, 0.08417998254299164, 0.0783449113368988, 0.07963144779205322, 0.11432761698961258, 0.1307360827922821, 0.09388535469770432, 0.11000623553991318, 0.050363682210445404, 0.06748870760202408, 0.057431913912296295, 0.04751373082399368, 0.27526673674583435, 0.1379639059305191, 0.06173636019229889, 0.25482964515686035, 0.1915479302406311, 0.08254627883434296, 0.07179006189107895, 0.06500419974327087, 0.09815314412117004, 0.17700910568237305, 0.07975313067436218, 0.3360978960990906, 0.0749485045671463, 0.3928459882736206, 0.0761585533618927, 0.14845287799835205, 0.279935359954834, 0.13564041256904602, 0.12012500315904617, 0.05895337834954262, 0.12545886635780334, 0.08028989285230637, 0.09101921319961548, 0.10095563530921936, 0.286781907081604, 0.1065334677696228, 0.11738532781600952, 0.05125900357961655, 0.07052399218082428, 0.08014172315597534, 0.05584528669714928, 0.08427918702363968, 0.12430458515882492, 0.09952178597450256, 0.06709755957126617, 0.056428052484989166, 0.05467827618122101, 0.056152552366256714, 0.045975200831890106, 0.10792204737663269, 0.32285237312316895, 0.08499805629253387]",0.007094182539731264,False,"[0.05000000074505806, 0.05000000074505806, 0.05000000074505806, 0.05000000074505806, 0.05000000074505806, 0.05000000074505806, 0.05000000074505806, 0.05000000074505806, 0.05000000074505806, 0.05000000074505806, 0.05000000074505806, 0.05000000074505806, 0.05000000074505806, 0.05000000074505806, 0.05000000074505806, 0.05000000074505806, 0.05000000074505806, 0.05000000074505806, 0.05000000074505806, 0.05000000074505806]"
44,1.9349999999999947,0.1795971393585205,"[0.05943479761481285, 0.011347533203661442, -0.11003945767879486, 0.2363424003124237, 0.45968666672706604, -0.46120595932006836, -2.321218490600586, 0.44756022095680237, 2.7495951652526855, -2.1949872970581055, -0.15128031373023987, 0.0533694326877594]","[-0.1773502677679062, -0.1561340093612671, -0.300670325756073, 0.6000241637229919, -0.8264530301094055, -0.3184106647968292, -1.4926923513412476, -0.020376019179821014, 1.0012201070785522, 0.46338972449302673, 0.12512759864330292, -0.3594965934753418]","[0.0, 0.0, 0.0, 0.8059871675710669, -0.6954660120852824, -0.09937297600091094, -1.2420848522618477, -0.08077025363812677, 0.6126400429011445, 0.55615828567316, 0.0, 0.0]","[0.037453893572092056, 0.1430308073759079, 0.13099992275238037, 0.19299089908599854, 0.0715961679816246, 0.14226752519607544, 0.08026155829429626, 0.049334317445755005, 0.07223227620124817, 0.08984774351119995, 0.08363568782806396, 0.10897094011306763, 0.13332080841064453, 0.13633780181407928, 0.08062088489532471, 0.23521798849105835, 0.1417987197637558, 0.13691428303718567, 0.6067052483558655, 0.10227999091148376, 0.14329516887664795, 0.12484149634838104, 0.11316360533237457, 0.04989730194211006, 0.03735604137182236, 0.1402990221977234, 0.07110485434532166, 0.2457665205001831, 0.12193962931632996, 0.2072639912366867, 0.06824111938476562, 0.0699784904718399, 0.08801771700382233, 0.6097592711448669, 0.1747218668460846, 0.07666192948818207, 0.07283057272434235, 33.14997100830078, 0.08751054108142853, 0.04768473654985428, 0.08153059333562851, 0.22789865732192993, 1.117711067199707, 0.2479788362979889, 0.09692202508449554, 0.052533164620399475, 0.07019861787557602, 0.11379798501729965, 0.17242084443569183, 0.1084367111325264, 0.07118396461009979, 0.1243995800614357, 0.11756828427314758, 0.08191688358783722, 0.04720108583569527, 0.11185212433338165, 0.5913199782371521, 0.0949498787522316, 0.06163451448082924, 0.06330064684152603, 0.049217671155929565, 0.17537327110767365, 0.13145330548286438, 1.4003030061721802, 0.08905628323554993, 0.10311943292617798, 0.0912642627954483, 0.08720046281814575, 0.30026698112487793, 0.04893866181373596, 0.0637587159872055, 0.05159382149577141, 0.042144279927015305, 0.09865754842758179, 0.13714835047721863, 0.1454574167728424, 0.05630867928266525, 0.18641847372055054, 0.06354013085365295, 4.414521217346191, 0.20598921179771423, 0.10279455780982971, 0.07150523364543915, 0.0783088356256485, 0.04679860919713974, 0.12357238680124283, 0.07400499284267426, 0.2810816764831543, 0.09889812767505646, 0.05442867428064346, 0.0541519969701767, 0.12525269389152527, 0.06968563795089722, 0.09278400242328644, 0.05050621181726456, 0.11558657884597778, 0.09743917733430862, 0.2501373887062073, 0.3440607190132141, 0.10666841268539429, 0.059106625616550446, 0.058632247149944305, 0.07008269429206848, 0.1708267480134964, 0.17522719502449036, 0.061909958720207214, 0.16930758953094482, 0.07813780009746552, 0.07365168631076813, 0.04789310693740845, 0.05143643170595169, 0.5520484447479248, 0.06212901324033737, 0.44636961817741394, 0.12844398617744446, 0.0820445790886879, 0.06054702401161194, 0.04385727643966675, 0.06835554540157318, 0.14872466027736664, 0.041784800589084625, 0.0584518238902092, 0.1429862678050995, 0.1190948486328125, 0.047504715621471405, 0.17096549272537231, 0.8379518389701843, 0.11401192098855972]",0.006173912435770035,False,"[0.05000000074505806, 0.05000000074505806, 0.05000000074505806, 0.05000000074505806, 0.05000000074505806, 0.05000000074505806, 0.05000000074505806, 0.05000000074505806, 0.05000000074505806, 0.05000000074505806, 0.05000000074505806, 0.05000000074505806, 0.05000000074505806, 0.05000000074505806, 0.05000000074505806, 0.05000000074505806, 0.05000000074505806, 0.05000000074505806, 0.05000000074505806, 0.05000000074505806]"
45,1.9799999999999944,0.17920207977294922,"[0.05469786375761032, 0.007840395905077457, -0.11301995068788528, 0.2623447775840759, 0.4289933741092682, -0.47342461347579956, -2.375518560409546, 0.4455528259277344, 2.783686876296997, -2.1710429191589355, -0.1418527364730835, 0.03826402872800827]","[-0.12634707987308502, -0.09063770622015, 0.06467819958925247, 0.5939484238624573, -0.6363409161567688, -0.2692287862300873, -1.150280237197876, -0.05820729583501816, 0.696567714214325, 0.5536879897117615, 0.06540253013372421, -0.182065948843956]","[0.0, 0.0, 0.0, 0.8446297287992564, -0.6834663855628267, -0.12683860581967196, -1.2151344837388693, -0.10972446006471076, 0.5976003042606293, 0.6122752727299003, 0.0, 0.0]","[0.032231830060482025, 0.12997983396053314, 0.2923944592475891, 0.18409043550491333, 0.0625821053981781, 0.08517222106456757, 0.08784494549036026, 0.129938542842865, 0.10891304910182953, 0.09546861797571182, 0.07679904997348785, 0.04360532388091087, 0.10770523548126221, 0.12271416187286377, 0.12506306171417236, 0.1065203845500946, 0.08692850917577744, 0.04693811386823654, 0.11241874098777771, 0.12829601764678955, 0.20643717050552368, 0.07769712805747986, 0.11264562606811523, 0.07967253774404526, 0.10421004146337509, 0.10927045345306396, 0.06426167488098145, 0.0466090589761734, 0.06291184574365616, 0.09194594621658325, 0.07590794563293457, 0.04729321971535683, 0.04964687302708626, 0.05449049174785614, 0.1420278698205948, 0.05066777020692825, 0.6609962582588196, 0.6226610541343689, 0.34270983934402466, 0.07114928215742111, 0.0442994199693203, 0.08685873448848724, 0.069706991314888, 0.06230536475777626, 1.9539488554000854, 5.045072555541992, 0.04474501311779022, 0.09289431571960449, 0.06041919067502022, 0.5875710248947144, 0.06366647779941559, 0.36866647005081177, 0.11266858130693436, 0.1024196520447731, 0.0909140408039093, 0.22913207113742828, 0.06991219520568848, 0.11252324283123016, 0.05140642821788788, 0.07733368873596191, 0.10064512491226196, 0.5138472318649292, 0.06770989298820496, 0.054772716015577316, 0.0835646390914917, 0.07240673154592514, 0.09726671874523163, 0.03841467201709747, 0.34474146366119385, 0.05199524760246277, 0.033697739243507385, 0.034520380198955536, 0.10270573198795319, 0.1464177370071411, 0.06721179187297821, 0.03988848254084587, 0.09229247272014618, 0.08784130960702896, 0.09238661080598831, 0.042166754603385925, 0.03537607192993164, 0.2207040786743164, 0.07286055386066437, 0.04769274592399597, 0.05010432377457619, 0.13909655809402466, 0.0645180195569992, 0.12830305099487305, 0.07852098345756531, 0.18598082661628723, 0.04607728123664856, 0.0360553041100502, 0.43574145436286926, 0.0680236965417862, 0.11338409781455994, 0.05483328178524971, 0.0895107239484787, 0.11509009450674057, 0.06877407431602478, 0.0788402259349823, 0.044920600950717926, 0.07574691623449326, 0.03584611415863037, 0.048497654497623444, 0.12229940295219421, 0.0659729465842247, 0.061225615441799164, 0.062280476093292236, 0.06586124747991562, 0.07146867364645004, 0.06282873451709747, 0.03734339401125908, 0.053512223064899445, 0.06654839217662811, 0.06357263773679733, 0.09049320966005325, 0.12213683128356934, 0.28187328577041626, 1.7457762956619263, 0.09819866716861725, 0.052128978073596954, 0.09990328550338745, 0.05214206874370575, 0.3017347455024719, 0.11739464104175568, 0.0664760172367096, 0.08317051827907562, 0.05343461409211159]",0.0054450430907309055,False,"[0.05000000074505806, 0.05000000074505806, 0.05000000074505806, 0.05000000074505806, 0.05000000074505806, 0.05000000074505806, 0.05000000074505806, 0.05000000074505806, 0.05000000074505806, 0.05000000074505806, 0.05000000074505806, 0.05000000074505806, 0.05000000074505806, 0.05000000074505806, 0.05000000074505806, 0.05000000074505806, 0.05000000074505806, 0.05000000074505806, 0.05000000074505806, 0.05000000074505806]"
46,2.0249999999999946,0.17926239967346191,"[0.048169612884521484, 0.0032845588866621256, -0.11832880228757858, 0.2895975112915039, 0.40246427059173584, -0.48707401752471924, -2.42438006401062, 0.4421347975730896, 2.814838171005249, -2.1444132328033447, -0.1371358036994934, 0.027752261608839035]","[-0.14623504877090454, -0.1002463847398758, -0.20518283545970917, 0.6148849129676819, -0.577002763748169, -0.31620150804519653, -1.0690505504608154, -0.08459419012069702, 0.68551105260849, 0.6105354428291321, 0.11442624032497406, -0.24731415510177612]","[0.0, 0.0, 0.0, 0.9776385614276561, -0.7140476800282095, -0.17739456058116487, -1.2669044142336956, -0.15747950094895716, 0.6181897272143876, 0.7444821652368177, 0.0, 0.0]","[0.03360585868358612, 0.08248873054981232, 0.07418584823608398, 0.0860503613948822, 0.17859496176242828, 0.09700030088424683, 0.032558564096689224, 0.09131184965372086, 0.3072120249271393, 0.05973357707262039, 0.10671240091323853, 0.058236755430698395, 0.08895444869995117, 0.07973410189151764, 0.44431746006011963, 0.09348428249359131, 0.10913655161857605, 0.057187147438526154, 0.09218407422304153, 0.05063903331756592, 0.16398394107818604, 0.1180589497089386, 0.09386010468006134, 0.05573432147502899, 0.11340972781181335, 0.04214353859424591, 0.06636671721935272, 0.050881899893283844, 0.25595125555992126, 0.11790154874324799, 0.03201065957546234, 0.3232499957084656, 0.08338412642478943, 0.059619270265102386, 0.06658075749874115, 0.07673291862010956, 0.05912437662482262, 0.061348505318164825, 0.04677468538284302, 0.04159999638795853, 0.09803639352321625, 0.12541113793849945, 0.07733295857906342, 7.7754292488098145, 0.09411171078681946, 0.041469305753707886, 0.08552076667547226, 0.044325582683086395, 0.09228125214576721, 0.07780489325523376, 0.04588891565799713, 0.8001042604446411, 0.0592634379863739, 0.06335975229740143, 0.600737988948822, 0.05438252538442612, 0.03299733251333237, 0.08349007368087769, 0.0354861319065094, 0.05889003723859787, 0.03845228999853134, 0.6578383445739746, 0.04306000471115112, 0.0475875586271286, 0.033290795981884, 0.05651301145553589, 0.04358064383268356, 0.09216725826263428, 0.24674010276794434, 0.04060124233365059, 0.22723323106765747, 0.03553143888711929, 1.3298487663269043, 0.11363640427589417, 0.07613970339298248, 0.15279003977775574, 1.3107303380966187, 0.07928802073001862, 0.05599542334675789, 0.11010974645614624, 0.37319332361221313, 0.035354629158973694, 0.06613789498806, 0.046105023473501205, 0.034196868538856506, 0.5990934371948242, 0.08643406629562378, 0.08641436696052551, 0.03344415873289108, 0.05661633983254433, 0.3747769594192505, 0.028705475851893425, 0.04717106372117996, 0.08340997993946075, 0.15874265134334564, 0.06402760744094849, 0.044395625591278076, 0.03268036991357803, 0.04496842622756958, 0.043735578656196594, 0.03082818165421486, 0.29305216670036316, 0.07778046280145645, 0.042488403618335724, 0.040799692273139954, 0.04022114351391792, 0.03349775820970535, 0.4125595688819885, 0.12426836788654327, 0.05330032855272293, 0.45175275206565857, 0.04450236260890961, 0.06387747824192047, 0.03386944532394409, 0.044243838638067245, 0.18293529748916626, 0.10144300013780594, 0.6537072062492371, 0.09253603965044022, 0.06484075635671616, 0.06229088455438614, 0.0533769391477108, 0.10759647190570831, 0.0696621686220169, 0.09732884168624878, 0.06307049095630646, 0.03557387739419937, 0.6327043771743774]",0.004603257402777672,False,"[0.05000000074505806, 0.05000000074505806, 0.05000000074505806, 0.05000000074505806, 0.05000000074505806, 0.05000000074505806, 0.05000000074505806, 0.05000000074505806, 0.05000000074505806, 0.05000000074505806, 0.05000000074505806, 0.05000000074505806, 0.05000000074505806, 0.05000000074505806, 0.05000000074505806, 0.05000000074505806, 0.05000000074505806, 0.05000000074505806, 0.05000000074505806, 0.05000000074505806]"
47,2.069999999999995,0.17952346801757812,"[0.04141921177506447, -0.001106472103856504, -0.1328193098306656, 0.3210617005825043, 0.3759670853614807, -0.5034650564193726, -2.474609136581421, 0.4369339644908905, 2.84659481048584, -2.1121270656585693, -0.13148365914821625, 0.01579214073717594]","[-0.15903924405574799, -0.10096114128828049, -0.3863118290901184, 0.72504061460495, -0.5871039032936096, -0.38140058517456055, -1.1162875890731812, -0.12825122475624084, 0.7049461603164673, 0.7421439290046692, 0.14248895645141602, -0.2719758450984955]","[0.0, 0.0, 0.0, 0.9329373536886367, 0.010711813675183673, -0.07503474945959529, 0.004177361996697437, -0.17199051419247224, -0.04039756202591799, 1.026876581795193, 0.0, 0.0]","[0.035791926085948944, 0.05571625009179115, 0.15826387703418732, 0.11386190354824066, 0.24359333515167236, 0.046865954995155334, 0.12090025097131729, 0.13508227467536926, 0.4637998938560486, 0.046417538076639175, 0.08971931785345078, 0.09053464233875275, 0.08608362078666687, 0.09893734753131866, 0.08571504056453705, 0.08725543320178986, 0.15029793977737427, 0.04735220968723297, 0.08432622253894806, 0.15142032504081726, 0.48685958981513977, 0.14748385548591614, 0.10814753919839859, 0.06830410659313202, 0.10874661058187485, 0.09254538267850876, 0.027583207935094833, 0.04943110793828964, 0.061793457716703415, 0.03379111364483833, 0.028741203248500824, 0.07669064402580261, 0.832602322101593, 0.028786631301045418, 0.0354403518140316, 0.09978370368480682, 0.04117231070995331, 0.08803138136863708, 0.10909707099199295, 0.0526619479060173, 0.050598472356796265, 0.2118624746799469, 0.10832270234823227, 0.03942594677209854, 0.07479998469352722, 0.03493361175060272, 0.04945646598935127, 0.05479921028017998, 0.029036881402134895, 0.1347140669822693, 0.12439052015542984, 0.19089147448539734, 0.07588952779769897, 0.027728592976927757, 0.08704032003879547, 0.039969660341739655, 0.08267486840486526, 0.034572783857584, 0.06987255811691284, 0.03964711353182793, 0.02951221913099289, 0.2773514986038208, 0.026792149990797043, 0.07514210045337677, 0.03331252560019493, 0.051348742097616196, 0.04514731466770172, 0.06922826915979385, 0.04124695435166359, 0.03918438032269478, 0.06099221855401993, 0.02882145717740059, 0.0445137694478035, 0.26687368750572205, 0.02627643197774887, 0.03541072458028793, 0.05058605223894119, 0.05267218500375748, 0.030695229768753052, 0.04165312275290489, 0.04014068469405174, 0.0379609614610672, 0.041728075593709946, 0.10150162875652313, 0.03909346088767052, 0.06604667007923126, 0.033294908702373505, 0.056236632168293, 0.07755592465400696, 1.8493287563323975, 0.09031910449266434, 0.95451819896698, 0.02669356018304825, 0.057941559702157974, 0.8253626823425293, 0.17793437838554382, 0.03618007153272629, 0.34265291690826416, 0.06950487196445465, 1.4033889770507812, 0.028358982875943184, 0.05176675692200661, 0.04360049217939377, 0.4275010824203491, 0.15046024322509766, 0.2289649397134781, 0.4196773171424866, 1.159118413925171, 0.3513980805873871, 0.026613283902406693, 0.04019276052713394, 0.031174970790743828, 0.028076518326997757, 0.04349255561828613, 0.191708505153656, 0.0714704692363739, 0.08153494447469711, 0.1082162857055664, 0.028243206441402435, 0.03134690225124359, 0.046410948038101196, 0.037124570459127426, 0.09982354938983917, 0.04525986313819885, 0.21017000079154968, 0.0840844139456749, 0.03381282836198807, 0.03488520532846451]",0.00406890083104372,False,"[0.05000000074505806, 0.05000000074505806, 0.05000000074505806, 0.05000000074505806, 0.05000000074505806, 0.05000000074505806, 0.05000000074505806, 0.05000000074505806, 0.05000000074505806, 0.05000000074505806, 0.05000000074505806, 0.05000000074505806, 0.05000000074505806, 0.05000000074505806, 0.05000000074505806, 0.05000000074505806, 0.05000000074505806, 0.05000000074505806, 0.05000000074505806, 0.05000000074505806]"
48,2.1149999999999953,0.17940735816955566,"[0.036713626235723495, -0.0022219461388885975, -0.12110906094312668, 0.3512832224369049, 0.3703857362270355, -0.5166528820991516, -2.4877235889434814, 0.43075621128082275, 2.8617680072784424, -2.067434787750244, -0.12169820070266724, 0.01360262744128704]","[-0.14766567945480347, -0.03717966005206108, 0.5095246434211731, 0.6596205830574036, -0.015945935621857643, -0.33066797256469727, -0.07931984215974808, -0.14399835467338562, 0.20428834855556488, 1.0201690196990967, 0.14963693916797638, -0.01677216775715351]","[0.0, 0.0, 0.0, 1.0634569484214074, -0.49576019869475485, -0.22824801969002828, -0.8910790173029772, -0.21002658359379164, 0.40938558078378695, 0.9047164878523201, 0.0, 0.0]","[0.024436980485916138, 0.6681085824966431, 1.097335696220398, 0.0381389856338501, 0.02437850646674633, 0.5327742695808411, 0.07745137810707092, 0.03261645883321762, 0.3939802646636963, 0.19288906455039978, 0.07970477640628815, 1.0652436017990112, 0.04371719807386398, 0.18531347811222076, 0.2091333121061325, 0.048323825001716614, 0.03201235830783844, 0.9289795756340027, 0.04165751859545708, 0.07030007243156433, 0.02427484467625618, 0.1031852588057518, 0.2623373568058014, 0.055949606001377106, 0.0439966656267643, 0.09328998625278473, 0.024199986830353737, 0.8153789639472961, 0.025755368173122406, 0.03458624333143234, 0.06115756556391716, 0.03547332063317299, 0.09526500105857849, 0.10314000397920609, 0.02901390567421913, 0.027071408927440643, 0.03828160837292671, 0.09638229012489319, 0.040397074073553085, 0.039041418582201004, 0.05136362090706825, 0.2432207614183426, 0.02471044287085533, 0.13465815782546997, 0.03869020566344261, 0.0385165736079216, 0.026939328759908676, 0.033557843416929245, 0.030949387699365616, 0.025503266602754593, 0.08279258012771606, 0.02545064128935337, 0.2584363520145416, 0.15889638662338257, 0.024564724415540695, 0.05481080710887909, 0.024770919233560562, 0.025280237197875977, 0.1377187967300415, 0.04051981121301651, 0.058093003928661346, 0.1477334350347519, 0.03560718148946762, 0.024421285837888718, 0.030262023210525513, 0.1390569806098938, 0.2947888970375061, 0.048447590321302414, 0.10094136744737625, 0.07747092843055725, 0.040897712111473083, 0.05120442062616348, 0.04808914661407471, 17.427692413330078, 0.16643205285072327, 0.04799278825521469, 0.06603341549634933, 0.1606873869895935, 0.04061218723654747, 0.03782787173986435, 0.8223903775215149, 0.36602574586868286, 0.9678727984428406, 0.04346763342618942, 0.3105309307575226, 0.024027111008763313, 0.035123713314533234, 0.04606055095791817, 0.057387448847293854, 0.22961357235908508, 0.05585884302854538, 0.05892041325569153, 0.4764031171798706, 0.03387194126844406, 0.03276114538311958, 0.03710969537496567, 0.025516275316476822, 0.05558319389820099, 0.11130734533071518, 0.03153855353593826, 0.030755359679460526, 0.04579188674688339, 0.11568118631839752, 0.02718012034893036, 0.03560936078429222, 0.06586064398288727, 0.1350037157535553, 0.07439659535884857, 0.02981674112379551, 0.042779140174388885, 0.02781374379992485, 0.02371823601424694, 0.03187815099954605, 0.0354623943567276, 0.030973218381404877, 0.06321998685598373, 0.03249954804778099, 0.03172805532813072, 0.043082721531391144, 0.05404224246740341, 0.04067773371934891, 0.13452385365962982, 0.5909808874130249, 0.03954248130321503, 0.029869243502616882, 0.06933378428220749, 0.031006840988993645, 0.04370609670877457]",0.0033425914589315653,False,"[0.05000000074505806, 0.05000000074505806, 0.05000000074505806, 0.05000000074505806, 0.05000000074505806, 0.05000000074505806, 0.05000000074505806, 0.05000000074505806, 0.05000000074505806, 0.05000000074505806, 0.05000000074505806, 0.05000000074505806, 0.05000000074505806, 0.05000000074505806, 0.05000000074505806, 0.05000000074505806, 0.05000000074505806, 0.05000000074505806, 0.05000000074505806, 0.05000000074505806]"
49,2.1599999999999957,0.17968440055847168,"[0.031207861378788948, -0.00487897451967001, -0.12155153602361679, 0.38740479946136475, 0.3594123125076294, -0.533636748790741, -2.5174124240875244, 0.4228639304637909, 2.8818905353546143, -2.027120590209961, -0.11803732812404633, 0.00867721438407898]","[-0.1624818593263626, -0.0868314653635025, -0.17237134277820587, 0.8270128965377808, -0.29150059819221497, -0.4120640754699707, -0.7419196367263794, -0.18284554779529572, 0.4832911193370819, 0.9015035629272461, 0.14266712963581085, -0.1680697351694107]","[0.0, 0.0, 0.0, 0.4444422447294907, 0.02836932377843715, -0.0537021210552901, 0.03722386029528302, -0.08019815223220526, -0.0476545903964385, 0.47678080897483255, 0.0, 0.0]","[0.022455155849456787, 0.1063200831413269, 0.06326744705438614, 0.044039927423000336, 0.17527014017105103, 0.03023422881960869, 0.11711296439170837, 0.05068757385015488, 0.06350039690732956, 0.055233679711818695, 0.04159841686487198, 0.05211431533098221, 0.0765228122472763, 0.02557050809264183, 0.03183261677622795, 0.0321645587682724, 0.0750233456492424, 0.04584149271249771, 0.05918485298752785, 0.0432622954249382, 0.08944077044725418, 0.06825913488864899, 0.0452645868062973, 0.027974721044301987, 0.035657186061143875, 0.034997280687093735, 0.029535768553614616, 0.17889057099819183, 0.04412826895713806, 0.030604884028434753, 0.43191972374916077, 0.28833210468292236, 0.41226986050605774, 0.0305824913084507, 0.02830567955970764, 1.5548157691955566, 0.03514332324266434, 0.03753572702407837, 0.04613369703292847, 0.056585073471069336, 0.09616167843341827, 0.04130161926150322, 0.18496379256248474, 0.024445384740829468, 0.02313430979847908, 0.057719774544239044, 0.03426561504602432, 0.027527224272489548, 0.038321394473314285, 0.029765592887997627, 0.0346684530377388, 0.03736986219882965, 0.0413893386721611, 0.035336729139089584, 0.02753474749624729, 0.04642792418599129, 0.027812253683805466, 0.02409900538623333, 0.36734095215797424, 0.15586590766906738, 0.05567369982600212, 0.06594577431678772, 0.02185923233628273, 0.026018619537353516, 0.036139726638793945, 0.030269896611571312, 0.0704348012804985, 0.3471394181251526, 0.036129262298345566, 0.05257034674286842, 0.10025087743997574, 0.04417082667350769, 0.052594058215618134, 0.06499851495027542, 0.04178065061569214, 0.024019155651330948, 0.05790753290057182, 0.08267363905906677, 0.03082295134663582, 0.04135674610733986, 0.02435721457004547, 0.0463593527674675, 0.07980971783399582, 0.03259548917412758, 0.04175681993365288, 0.046319350600242615, 0.04959511756896973, 0.042393919080495834, 0.023209942504763603, 0.4798445701599121, 0.07148067653179169, 0.02474900707602501, 0.15203867852687836, 0.03208722546696663, 0.031485117971897125, 0.03325813263654709, 0.4661361277103424, 0.09407113492488861, 0.02760988473892212, 0.05199947953224182, 0.10622153431177139, 0.44798147678375244, 0.026095300912857056, 0.1814509481191635, 0.02365817315876484, 0.061205826699733734, 0.05912363901734352, 0.023026034235954285, 0.03730511665344238, 0.049303434789180756, 0.03588525578379631, 0.22605377435684204, 0.02186083234846592, 0.022101599723100662, 0.04358839616179466, 0.07454904168844223, 0.03847088664770126, 0.027663595974445343, 0.0343724861741066, 0.022410526871681213, 0.027575701475143433, 0.0366617888212204, 0.0373191311955452, 0.03414170816540718, 0.025301462039351463, 0.04268890619277954, 0.03127847984433174, 0.1018572598695755]",0.002856040373444557,False,"[0.05000000074505806, 0.05000000074505806, 0.05000000074505806, 0.05000000074505806, 0.05000000074505806, 0.05000000074505806, 0.05000000074505806, 0.05000000074505806, 0.05000000074505806, 0.05000000074505806, 0.05000000074505806, 0.05000000074505806, 0.05000000074505806, 0.05000000074505806, 0.05000000074505806, 0.05000000074505806, 0.05000000074505806, 0.05000000074505806, 0.05000000074505806, 0.05000000074505806]"
50,2.204999999999996,0.18074965476989746,"[0.026555392891168594, -0.006074447184801102, -0.11439301073551178, 0.405179500579834, 0.3577391505241394, -0.5427432656288147, -2.523432970046997, 0.41861802339553833, 2.890321969985962, -2.0022215843200684, -0.10999730229377747, 0.005118812900036573]","[-0.014261532574892044, -0.0032314166892319918, -0.08084028959274292, 0.33861231803894043, 0.01883367821574211, -0.132087841629982, -0.03336213156580925, -0.08494678139686584, -0.0032425886020064354, 0.4726383686065674, 0.22178511321544647, -0.1918337494134903]","[0.0, 0.0, 0.0, 0.765945999208853, -0.63824050470166, -0.2864539157285432, -1.1402009396877808, -0.17940926703729898, 0.5528175531965263, 0.48861693371047266, 0.0, 0.0]","[0.16920307278633118, 0.053088657557964325, 0.02737824246287346, 6.888267517089844, 0.07150392234325409, 0.051587700843811035, 0.05507766827940941, 0.06489453464746475, 0.14540617167949677, 0.0691613033413887, 0.05010240152478218, 0.2732159197330475, 0.0449264757335186, 0.05083275958895683, 0.05246366560459137, 0.032667580991983414, 0.04628671705722809, 0.834976851940155, 0.4313289523124695, 0.11015157401561737, 0.02674892544746399, 0.050110310316085815, 0.030561134219169617, 0.17280271649360657, 0.034924108535051346, 0.04892364889383316, 0.020849604159593582, 0.039572253823280334, 0.02800731360912323, 0.04729757457971573, 0.04073900729417801, 0.034195467829704285, 0.045843832194805145, 0.07677487283945084, 0.022647816687822342, 0.02937278524041176, 0.03604978322982788, 0.022312767803668976, 0.12481097877025604, 0.16967648267745972, 0.08591737598180771, 0.023594051599502563, 0.024128524586558342, 0.03987354785203934, 0.026304246857762337, 0.02711471915245056, 0.024895764887332916, 0.02306530252099037, 0.026080939918756485, 0.038407109677791595, 0.19898265600204468, 0.03903114050626755, 0.024114862084388733, 0.024941537529230118, 0.10214667022228241, 0.07526843994855881, 0.5893253684043884, 0.030197855085134506, 0.022193383425474167, 0.02647162787616253, 0.025033477693796158, 0.025186238810420036, 0.027255013585090637, 0.032688207924366, 0.03638453409075737, 0.15772745013237, 0.024984518066048622, 0.020608533173799515, 0.0573706291615963, 0.09595668315887451, 0.08949683606624603, 0.06939327716827393, 0.0339178740978241, 0.06141788512468338, 0.05904842168092728, 0.02744230255484581, 0.037354134023189545, 0.022766470909118652, 0.02160913497209549, 0.24785548448562622, 0.0435975082218647, 0.022349126636981964, 0.08609671145677567, 0.03849617391824722, 1.5168358087539673, 0.02950177527964115, 0.020496144890785217, 0.1940358579158783, 0.02892381325364113, 0.023419275879859924, 2.7150158882141113, 0.027050208300352097, 0.020939774811267853, 0.03141797333955765, 0.03859374672174454, 0.060918860137462616, 0.3807121813297272, 0.024448148906230927, 0.031677521765232086, 0.030856866389513016, 15.97737979888916, 0.07422970235347748, 0.02764577977359295, 0.041702255606651306, 0.07451732456684113, 0.027256786823272705, 0.6126857995986938, 0.022979382425546646, 0.04457053542137146, 0.038021270185709, 0.150918647646904, 0.02460489608347416, 0.4566020369529724, 0.021721530705690384, 0.046873994171619415, 0.031818024814128876, 0.6436368823051453, 0.21461209654808044, 0.05365525186061859, 0.022878851741552353, 0.023248933255672455, 0.14525990188121796, 0.032094355672597885, 0.022459279745817184, 0.02058148756623268, 0.023370716720819473, 0.032812103629112244, 0.03293345868587494]",0.0023700855672359467,False,"[0.05000000074505806, 0.05000000074505806, 0.05000000074505806, 0.05000000074505806, 0.05000000074505806, 0.05000000074505806, 0.05000000074505806, 0.05000000074505806, 0.05000000074505806, 0.05000000074505806, 0.05000000074505806, 0.05000000074505806, 0.05000000074505806, 0.05000000074505806, 0.05000000074505806, 0.05000000074505806, 0.05000000074505806, 0.05000000074505806, 0.05000000074505806, 0.05000000074505806]"
51,2.2499999999999964,0.1802525520324707,"[0.0236332006752491, -0.0078270947560668, -0.12456946820020676, 0.43233346939086914, 0.3419286906719208, -0.5567339658737183, -2.5615975856781006, 0.41188132762908936, 2.9082274436950684, -1.9807960987091064, -0.11148049682378769, -0.0010531923035159707]","[-0.09095963090658188, -0.0557711161673069, -0.3435581922531128, 0.6382462978363037, -0.4250117540359497, -0.3400750756263733, -1.0086294412612915, -0.15697604417800903, 0.5588833093643188, 0.4851648807525635, 0.042563505470752716, -0.18760651350021362]","[0.0, 0.0, 0.0, 1.0087292523275777, 0.20692822248955878, -0.10596007082878647, 0.33004879453137254, -0.1563078300870573, -0.2563677419725532, 1.108961055499738, 0.0, 0.0]","[0.02982209250330925, 0.7762855887413025, 0.17121070623397827, 0.05715467780828476, 0.05262574926018715, 0.1297968029975891, 0.07442696392536163, 0.5744574069976807, 0.06509321928024292, 0.06595414131879807, 0.08099018037319183, 0.13851971924304962, 0.06273374706506729, 0.3203617036342621, 0.04374237731099129, 0.39967918395996094, 0.10765574127435684, 0.08504795283079147, 0.03638118505477905, 0.11499421298503876, 0.046914126724004745, 0.15567167103290558, 0.09155690670013428, 0.04118029400706291, 0.02055835723876953, 0.25093770027160645, 0.0337737537920475, 0.04755043238401413, 0.03709808737039566, 0.02947893925011158, 0.5270140171051025, 0.04496040195226669, 0.027093295007944107, 0.026325425133109093, 0.34327852725982666, 0.3958282470703125, 1.3418900966644287, 0.0316145233809948, 0.0357246994972229, 0.039351604878902435, 0.031230909749865532, 0.029780153185129166, 0.024577094241976738, 0.02601710706949234, 0.059781987220048904, 0.023626364767551422, 0.02602582424879074, 0.025947771966457367, 2.306948184967041, 2.7344613075256348, 0.07570899277925491, 0.058001480996608734, 0.03061210922896862, 0.03984588384628296, 0.05311058461666107, 0.051248952746391296, 0.033748604357242584, 0.02144695073366165, 0.1490635871887207, 0.02535204216837883, 0.03643100708723068, 0.02222551219165325, 0.02720240131020546, 0.05077676475048065, 0.04089580476284027, 0.018975134938955307, 0.02638041228055954, 0.0340714305639267, 0.056541088968515396, 0.02243099734187126, 0.021403081715106964, 0.04416371136903763, 0.0615609772503376, 0.05928919464349747, 0.05317750945687294, 0.04449917748570442, 0.04095914959907532, 0.026658862829208374, 0.021201403811573982, 0.033498384058475494, 0.03988068923354149, 0.7015227675437927, 0.02277764305472374, 0.028709707781672478, 0.018929384648799896, 0.030475260689854622, 0.02196432836353779, 0.45398297905921936, 0.5994173288345337, 0.7537487745285034, 0.03566394001245499, 0.45664361119270325, 0.033952318131923676, 0.02569795772433281, 0.16379225254058838, 0.04040573537349701, 0.027387455105781555, 0.05894656851887703, 0.10281863063573837, 0.03925921395421028, 0.46204841136932373, 0.8615522384643555, 0.03918343782424927, 0.02357489801943302, 0.08929982781410217, 0.030196500942111015, 0.030860181897878647, 0.019346607849001884, 0.03997986018657684, 0.020466959103941917, 1.1132909059524536, 0.060964908450841904, 0.032037414610385895, 0.041520703583955765, 0.062190551310777664, 0.02878989279270172, 0.036510318517684937, 0.0254657045006752, 0.42935746908187866, 0.042738210409879684, 0.05744234845042229, 0.04888967424631119, 0.025251787155866623, 0.022166557610034943, 0.01880772039294243, 0.035866983234882355, 0.027755007147789, 0.0316135436296463]",0.0023623090237379074,False,"[0.05000000074505806, 0.05000000074505806, 0.05000000074505806, 0.05000000074505806, 0.05000000074505806, 0.05000000074505806, 0.05000000074505806, 0.05000000074505806, 0.05000000074505806, 0.05000000074505806, 0.05000000074505806, 0.05000000074505806, 0.05000000074505806, 0.05000000074505806, 0.05000000074505806, 0.05000000074505806, 0.05000000074505806, 0.05000000074505806, 0.05000000074505806, 0.05000000074505806]"
52,2.294999999999997,0.1801440715789795,"[0.019813893362879753, -0.007837912067770958, -0.11204292625188828, 0.4632447361946106, 0.3449813425540924, -0.5726535320281982, -2.5644690990448, 0.40614327788352966, 2.9171292781829834, -1.9404830932617188, -0.10131089389324188, -0.003835875540971756]","[-0.010708737187087536, 0.00013314816169440746, 0.0018956225831061602, 0.7399011850357056, 0.1661113202571869, -0.29808562994003296, 0.1371777355670929, -0.1193632185459137, -0.004267707001417875, 1.082541823387146, 0.3260994255542755, -0.10333587229251862]","[0.0, 0.0, 0.0, 0.6319134940493933, 0.060697394222927636, -0.09669035052674868, 0.08259348229218733, -0.09929597947385167, -0.09999805730237855, 0.6488031816894971, 0.0, 0.0]","[0.03352692350745201, 0.022470597177743912, 0.02152736857533455, 0.05184045061469078, 0.08821393549442291, 0.30875587463378906, 0.22180397808551788, 0.6540865898132324, 0.024416381493210793, 0.015955232083797455, 0.057156041264534, 0.016640910878777504, 0.06277052313089371, 0.020402424037456512, 0.018632955849170685, 0.07333336770534515, 0.282653272151947, 0.10049162805080414, 0.018111463636159897, 0.39001157879829407, 0.10397414118051529, 0.01666031964123249, 0.017626993358135223, 0.06787921488285065, 0.016754353418946266, 0.025385025888681412, 0.0296791959553957, 0.024506546556949615, 0.06017991900444031, 0.11773159354925156, 0.1037176176905632, 0.019951079040765762, 0.09971493482589722, 0.021190449595451355, 3.772052049636841, 0.058826133608818054, 0.018862130120396614, 0.3121582269668579, 0.02541298046708107, 0.046797025948762894, 0.11130082607269287, 0.03350786864757538, 0.037003837525844574, 0.016219668090343475, 0.023221302777528763, 1.4992029666900635, 0.07935594022274017, 0.019950732588768005, 1.1915042400360107, 0.05231868475675583, 0.027724049985408783, 1.3984119892120361, 0.024702271446585655, 0.16391272842884064, 1.2521549463272095, 0.0529877208173275, 0.02549022249877453, 0.03945579007267952, 0.04436295107007027, 0.01796400547027588, 0.30566179752349854, 0.12186583876609802, 0.0268082395195961, 0.018464500084519386, 0.3476281464099884, 0.024953078478574753, 0.02457260712981224, 0.017546987161040306, 0.056041888892650604, 0.019904885441064835, 0.03774341568350792, 0.36123746633529663, 0.02413153648376465, 0.03588305041193962, 0.01697731763124466, 0.01940709538757801, 0.11068383604288101, 0.04422878846526146, 0.059127163141965866, 0.023078985512256622, 0.023566782474517822, 0.03323462978005409, 0.024526413530111313, 0.02677394635975361, 0.01905953511595726, 0.22425976395606995, 0.9118258953094482, 0.06144499406218529, 0.026112422347068787, 0.0267680361866951, 0.030459513887763023, 0.02275415137410164, 0.2342551350593567, 0.449233740568161, 0.045646026730537415, 0.02090691775083542, 0.030855508521199226, 0.024558762088418007, 0.1261352002620697, 0.035712242126464844, 0.05376517027616501, 0.03912968188524246, 0.5607079267501831, 0.062330108135938644, 0.024346623569726944, 0.05407994985580444, 0.019855868071317673, 0.019004885107278824, 0.03492264449596405, 0.06693121045827866, 0.01918981969356537, 0.04386921972036362, 0.02065899968147278, 0.022086814045906067, 0.021273702383041382, 0.022127795964479446, 0.041056834161281586, 0.05345414578914642, 0.059550657868385315, 0.6341091394424438, 0.026112936437129974, 0.05136323720216751, 0.05616956949234009, 0.026288505643606186, 0.3311915993690491, 0.018018022179603577, 0.018284400925040245, 0.13787545263767242]",0.0019068318651989102,False,"[0.05000000074505806, 0.05000000074505806, 0.05000000074505806, 0.05000000074505806, 0.05000000074505806, 0.05000000074505806, 0.05000000074505806, 0.05000000074505806, 0.05000000074505806, 0.05000000074505806, 0.05000000074505806, 0.05000000074505806, 0.05000000074505806, 0.05000000074505806, 0.05000000074505806, 0.05000000074505806, 0.05000000074505806, 0.05000000074505806, 0.05000000074505806, 0.05000000074505806]"
53,2.339999999999997,0.1798994541168213,"[0.014982376247644424, -0.008271468803286552, -0.09526785463094711, 0.48661285638809204, 0.35063499212265015, -0.583557665348053, -2.5606167316436768, 0.402129203081131, 2.9152073860168457, -1.9076893329620361, -0.09781468659639359, -0.0009007623302750289]","[-0.0904030129313469, -0.0075878361240029335, 0.3058491051197052, 0.47632378339767456, 0.11815697699785233, -0.23028318583965302, 0.06603336334228516, -0.07788534462451935, -0.061236873269081116, 0.6452812552452087, 0.0673920288681984, 0.044134702533483505]","[0.0, 0.0, 0.0, 0.6667854897237475, 0.07099479404683766, -0.09969050457245979, 0.09969131164695719, -0.09914139117540158, -0.11723843956154191, 0.6832213641583063, 0.0, 0.0]","[0.015324685722589493, 0.11146555095911026, 0.691918134689331, 0.829319953918457, 0.24335196614265442, 0.41533130407333374, 0.03129098564386368, 0.017861036583781242, 0.13682393729686737, 0.018037136644124985, 0.08524355292320251, 0.030678696930408478, 0.03372953087091446, 0.02544229105114937, 0.022481530904769897, 0.018020939081907272, 0.017223235219717026, 0.4976806342601776, 0.5258368253707886, 0.48852667212486267, 0.23771977424621582, 0.05967407673597336, 0.01644270308315754, 0.027134766802191734, 0.11703083664178848, 0.03640851750969887, 0.017175592482089996, 0.017577586695551872, 0.022204749286174774, 0.03190679848194122, 0.01710362359881401, 0.02110736072063446, 0.06868359446525574, 0.05540238320827484, 0.01637217029929161, 0.04191649705171585, 0.027121417224407196, 0.11802881956100464, 0.035993270576000214, 0.03633500635623932, 0.030434489250183105, 0.06570883095264435, 0.0368577241897583, 0.022221747785806656, 0.020283959805965424, 0.026962880045175552, 0.12894250452518463, 0.016743574291467667, 0.03251119330525398, 0.024445563554763794, 0.1315498799085617, 0.03624808043241501, 99.74119567871094, 0.02386307716369629, 0.11408364027738571, 0.022468972951173782, 0.028298305347561836, 0.4984438419342041, 0.021895669400691986, 0.022720955312252045, 0.017316807061433792, 0.015715161338448524, 0.01551351509988308, 0.02300383895635605, 0.02010398358106613, 0.6175599098205566, 0.13684576749801636, 0.01944817416369915, 0.023681800812482834, 0.014814648777246475, 0.016606148332357407, 0.018945224583148956, 0.027573779225349426, 0.01792285591363907, 0.028002392500638962, 0.02073853090405464, 0.03813639283180237, 0.018181022256612778, 0.031117666512727737, 0.021018782630562782, 0.02092285268008709, 0.016605468466877937, 0.03492381423711777, 0.03982698172330856, 0.01780940592288971, 0.017965741455554962, 0.020549409091472626, 0.017438163980841637, 0.023977050557732582, 2.442157506942749, 0.036856651306152344, 0.04217739403247833, 22.23798179626465, 0.015487771481275558, 0.02775406837463379, 0.035949673503637314, 0.019682377576828003, 0.061969440430402756, 0.021381089463829994, 0.0280507430434227, 0.03891078382730484, 0.023633141070604324, 0.41566789150238037, 0.14193473756313324, 0.01773294061422348, 0.029748698696494102, 0.022317755967378616, 0.01954246126115322, 0.4204496741294861, 0.04964759945869446, 0.08382956683635712, 0.02774948999285698, 0.02707386389374733, 0.024965016171336174, 0.017834801226854324, 0.016399670392274857, 0.016279179602861404, 0.04155206307768822, 0.01585281826555729, 0.022184912115335464, 0.12900595366954803, 0.16271808743476868, 0.027750961482524872, 0.023929879069328308, 0.021662462502717972, 0.028411865234375, 0.01878754422068596, 0.07892630994319916]",0.0014184612082317472,False,"[0.05000000074505806, 0.05000000074505806, 0.05000000074505806, 0.05000000074505806, 0.05000000074505806, 0.05000000074505806, 0.05000000074505806, 0.05000000074505806, 0.05000000074505806, 0.05000000074505806, 0.05000000074505806, 0.05000000074505806, 0.05000000074505806, 0.05000000074505806, 0.05000000074505806, 0.05000000074505806, 0.05000000074505806, 0.05000000074505806, 0.05000000074505806, 0.05000000074505806]"
54,2.3849999999999976,0.1799008846282959,"[0.011552780866622925, -0.008471902459859848, -0.08132730424404144, 0.508560061454773, 0.35625261068344116, -0.5943081378936768, -2.5583667755126953, 0.398773193359375, 2.911374092102051, -1.8771809339523315, -0.0946301594376564, 0.0007312760571949184]","[-0.07371459156274796, -0.003684938419610262, 0.3213229179382324, 0.4882173538208008, 0.12832386791706085, -0.23682117462158203, 0.04629701375961304, -0.07253845781087875, -0.09068961441516876, 0.6765804886817932, 0.07538801431655884, 0.03562429919838905]","[0.0, 0.0, 0.0, 0.23575798751060467, -0.13535925739287982, -0.09171710361784327, -0.2489572629320576, -0.0514699706648529, 0.11357331986818728, 0.15934112528664873, 0.0, 0.0]","[0.4471830725669861, 0.01599770411849022, 1.7099162340164185, 0.029637154191732407, 6.561468601226807, 0.3404254913330078, 0.023601263761520386, 0.39224690198898315, 0.02296236902475357, 0.0212774109095335, 0.01955915242433548, 0.024803070351481438, 0.1837199479341507, 0.015427710488438606, 0.02373431622982025, 0.018431399017572403, 0.08663970232009888, 0.031260743737220764, 0.05244302749633789, 0.024715419858694077, 0.024947799742221832, 0.10127681493759155, 0.01784377172589302, 3.314274787902832, 0.035001516342163086, 0.027208615094423294, 0.06255780160427094, 0.01608094573020935, 0.05143532156944275, 0.19578520953655243, 0.03959282860159874, 0.05569533258676529, 0.10133051872253418, 0.022196952253580093, 0.015970777720212936, 0.01796364039182663, 0.07218775153160095, 0.034754376858472824, 0.022850731387734413, 0.13218991458415985, 0.014876523986458778, 0.023222066462039948, 0.019823342561721802, 0.015333771705627441, 0.01857425644993782, 0.03192808851599693, 0.06218201667070389, 0.014732281677424908, 0.05762537941336632, 0.022688981145620346, 0.021189630031585693, 0.0327100045979023, 0.0311579667031765, 0.019095273688435555, 0.030721481889486313, 0.015377674251794815, 0.015535621903836727, 0.021182555705308914, 0.016153309494256973, 0.030449936166405678, 0.038828589022159576, 0.026914015412330627, 0.02438678964972496, 0.13151143491268158, 0.1385667473077774, 0.41082245111465454, 0.017871323972940445, 0.02541973441839218, 0.018437542021274567, 0.2375487983226776, 0.016022490337491035, 0.06839405000209808, 0.030055604875087738, 0.021017001941800117, 0.016981985419988632, 0.028726160526275635, 0.014630013145506382, 0.01757306419312954, 0.040181681513786316, 0.0390036478638649, 0.035845305770635605, 0.017372844740748405, 11.109790802001953, 0.0182083360850811, 0.019764620810747147, 0.014502327889204025, 0.01693911850452423, 0.015380232594907284, 0.021044736728072166, 0.018091093748807907, 0.03062944859266281, 0.02835525944828987, 0.030134083703160286, 0.014753013849258423, 0.03765518218278885, 0.11650611460208893, 0.022823717445135117, 0.0170688908547163, 0.01592814363539219, 0.02502894029021263, 0.0394839271903038, 0.03381471708416939, 0.0301237590610981, 0.06838510930538177, 0.018830854445695877, 0.02115648239850998, 0.029712826013565063, 0.06480914354324341, 0.016263006255030632, 0.0493355356156826, 0.016474567353725433, 0.5952417850494385, 0.016965776681900024, 0.03428193926811218, 0.018357429653406143, 0.03376426547765732, 0.017301315441727638, 0.016122573986649513, 0.017634715884923935, 0.02542005106806755, 0.015471259132027626, 0.019354019314050674, 0.02520015649497509, 0.0301615372300148, 0.032150473445653915, 0.6185547113418579, 0.02459179051220417, 0.025946343317627907]",0.0011111741187050939,False,"[0.05000000074505806, 0.05000000074505806, 0.05000000074505806, 0.05000000074505806, 0.05000000074505806, 0.05000000074505806, 0.05000000074505806, 0.05000000074505806, 0.05000000074505806, 0.05000000074505806, 0.05000000074505806, 0.05000000074505806, 0.05000000074505806, 0.05000000074505806, 0.05000000074505806, 0.05000000074505806, 0.05000000074505806, 0.05000000074505806, 0.05000000074505806, 0.05000000074505806]"
55,2.429999999999998,0.18040132522583008,"[0.00957958959043026, -0.009001528844237328, -0.07900915294885635, 0.5203517079353333, 0.35726189613342285, -0.5990170836448669, -2.566427230834961, 0.3963787257671356, 2.915794610977173, -1.8639676570892334, -0.09367435425519943, 0.0001849908585427329]","[-0.056575801223516464, -0.024151679128408432, -0.08996488153934479, 0.20294781029224396, -0.009587986394762993, -0.09869978576898575, -0.2032770961523056, -0.044982653111219406, 0.12429767102003098, 0.17311227321624756, 0.029269935563206673, -0.08530240505933762]","[0.0, 0.0, 0.0, 0.23923724549393433, -0.13363053754643675, -0.09360608710194024, -0.24749515192227067, -0.050068398357573485, 0.11243423163976174, 0.16029033186750144, 0.0, 0.0]","[0.014294045977294445, 0.04367363825440407, 0.031184783205389977, 0.031029345467686653, 0.15426912903785706, 0.02414187230169773, 0.02480985037982464, 0.027024798095226288, 0.019523365423083305, 0.03115224838256836, 0.10792531073093414, 0.01956857740879059, 0.030113432556390762, 0.029927339404821396, 0.030981821939349174, 0.02992647886276245, 0.030738547444343567, 0.031158490106463432, 0.039560459554195404, 0.021322112530469894, 0.031713470816612244, 0.029927795752882957, 0.03106674924492836, 0.030271094292402267, 0.029738496989011765, 0.39361822605133057, 0.016059288755059242, 0.028864968568086624, 0.021887894719839096, 0.03037571720778942, 0.0221208855509758, 0.019744519144296646, 0.020679054781794548, 0.1507520228624344, 0.03134620189666748, 0.02765125408768654, 0.029446320608258247, 0.014787714928388596, 0.0868854746222496, 0.4737834334373474, 0.03438585624098778, 0.02048283815383911, 0.05729511007666588, 0.028965910896658897, 0.02391935884952545, 0.02004377916455269, 0.015934471040964127, 0.01715962216258049, 0.029982468113303185, 0.01887662708759308, 0.030365467071533203, 0.01611914485692978, 0.03037376143038273, 0.019522622227668762, 0.3465306758880615, 0.02351590059697628, 0.016279712319374084, 0.02547413296997547, 0.021145310252904892, 0.02226981148123741, 0.018702926114201546, 0.014729800634086132, 0.02811361663043499, 0.02971683070063591, 0.014426451176404953, 0.018724773079156876, 0.020824912935495377, 0.02114182338118553, 0.030468948185443878, 0.016114503145217896, 0.015381237491965294, 0.014643949456512928, 0.02077951654791832, 0.025720585137605667, 0.018853433430194855, 0.030259521678090096, 0.015183668583631516, 0.022840198129415512, 0.01983472891151905, 0.07372859120368958, 0.01695668138563633, 0.024232253432273865, 0.02366229146718979, 0.02865854650735855, 0.02801704965531826, 0.016502810642123222, 0.01584930159151554, 0.015123682096600533, 0.02979454956948757, 0.09790493547916412, 0.02751416340470314, 0.028350187465548515, 0.02110210247337818, 0.01961478590965271, 0.031015319749712944, 0.02932935580611229, 0.03902494162321091, 0.018893014639616013, 0.024671975523233414, 0.03558411821722984, 0.5601581335067749, 0.018169773742556572, 0.8763601183891296, 0.09522080421447754, 0.029673069715499878, 0.05010569840669632, 0.019890958443284035, 0.4826383590698242, 0.016624251380562782, 0.029693255200982094, 0.027209550142288208, 0.017476728186011314, 0.015304990112781525, 0.017584841698408127, 0.0256861113011837, 0.029468117281794548, 0.03850024566054344, 0.018992118537425995, 0.030598115175962448, 0.21087397634983063, 0.10336022824048996, 0.01808931678533554, 0.016670871526002884, 0.018024545162916183, 0.01825864240527153, 0.014346378855407238, 0.021904148161411285, 0.03000297024846077]",0.0010301636066287756,False,"[0.05000000074505806, 0.05000000074505806, 0.05000000074505806, 0.05000000074505806, 0.05000000074505806, 0.05000000074505806, 0.05000000074505806, 0.05000000074505806, 0.05000000074505806, 0.05000000074505806, 0.05000000074505806, 0.05000000074505806, 0.05000000074505806, 0.05000000074505806, 0.05000000074505806, 0.05000000074505806, 0.05000000074505806, 0.05000000074505806, 0.05000000074505806, 0.05000000074505806]"
56,2.4749999999999983,0.1802530288696289,"[0.0074781933799386024, -0.009997908025979996, -0.08723019808530807, 0.5281631350517273, 0.35575488209724426, -0.6039472818374634, -2.57611083984375, 0.39479488134384155, 2.92112135887146, -1.8569040298461914, -0.09287439286708832, -0.004262194968760014]","[-0.04097321629524231, -0.020397359505295753, -0.20461112260818481, 0.167928546667099, -0.04042816162109375, -0.11237339675426483, -0.21962696313858032, -0.03160500526428223, 0.11463321000337601, 0.1566632091999054, 0.013765621930360794, -0.09524306654930115]","[0.0, 0.0, 0.0, 0.20809134928980938, 0.097998081941181, -0.0031177226946943054, 0.16800483425529586, -0.016877539667384277, -0.11677449683284277, 0.24680798323152792, 0.0, 0.0]","[0.01562517136335373, 0.02393186464905739, 0.23006084561347961, 0.039049260318279266, 0.03288537263870239, 0.025431334972381592, 0.023206278681755066, 0.3414466083049774, 0.08629429340362549, 0.03252308815717697, 0.07968589663505554, 0.03277595341205597, 1.0666106939315796, 0.02488989755511284, 0.09467974305152893, 0.13559666275978088, 0.03266744315624237, 0.0270572230219841, 0.03451625257730484, 0.03172380477190018, 0.036889683455228806, 0.23085206747055054, 0.03152114897966385, 0.0327911414206028, 0.03151576220989227, 0.023831898346543312, 0.08740125596523285, 0.017292741686105728, 0.019045192748308182, 0.019528090953826904, 0.466826468706131, 0.08531176298856735, 0.03079613670706749, 0.014597008004784584, 0.03228722885251045, 0.027411339804530144, 0.015209700912237167, 0.02606165036559105, 0.01919606700539589, 0.037433333694934845, 0.03267836570739746, 0.0324404239654541, 0.023806467652320862, 0.03673757240176201, 0.014814339578151703, 0.03174588084220886, 0.031654663383960724, 0.03194870054721832, 0.014864884316921234, 0.021232658997178078, 0.01726803556084633, 0.023716961964964867, 0.03012412041425705, 0.04733920097351074, 0.032676249742507935, 0.016142822802066803, 0.01683356985449791, 0.03277478739619255, 0.02430182322859764, 0.028415556997060776, 0.015200410038232803, 0.03292008116841316, 0.024284696206450462, 0.015973947942256927, 0.031910594552755356, 0.03210373967885971, 0.03220601752400398, 0.01879338175058365, 0.04506690800189972, 0.03175206109881401, 0.026065409183502197, 0.03080480732023716, 0.014682048931717873, 0.11304603517055511, 0.02692067250609398, 0.03745762258768082, 0.01618289388716221, 0.05855024978518486, 0.4255125820636749, 0.031575772911310196, 0.03576124086976051, 0.017194237560033798, 0.01920469105243683, 0.015116032212972641, 0.01694389432668686, 0.0444067046046257, 0.032982535660266876, 0.03804149106144905, 0.038246866315603256, 0.015050983056426048, 0.014466634020209312, 0.014419430866837502, 0.03225786238908768, 0.02074652910232544, 0.022614751011133194, 0.03681502118706703, 0.032189007848501205, 0.014638658612966537, 0.019303452223539352, 0.032517410814762115, 0.014252515509724617, 0.015903092920780182, 0.03358817845582962, 0.030433960258960724, 0.015170845203101635, 0.02534491941332817, 0.02169439010322094, 0.02217285707592964, 0.04128170385956764, 0.03245507553219795, 0.032453104853630066, 0.09790004044771194, 0.02462555095553398, 0.031788893043994904, 0.5978677868843079, 0.02785676345229149, 0.03634177893400192, 0.01914791576564312, 0.014248330146074295, 0.01995129883289337, 0.040872879326343536, 0.032065894454717636, 0.016000431030988693, 0.03178355470299721, 0.026066627353429794, 0.01550974790006876, 0.028307750821113586, 0.01817554235458374]",0.0010845393408089876,False,"[0.05000000074505806, 0.05000000074505806, 0.05000000074505806, 0.05000000074505806, 0.05000000074505806, 0.05000000074505806, 0.05000000074505806, 0.05000000074505806, 0.05000000074505806, 0.05000000074505806, 0.05000000074505806, 0.05000000074505806, 0.05000000074505806, 0.05000000074505806, 0.05000000074505806, 0.05000000074505806, 0.05000000074505806, 0.05000000074505806, 0.05000000074505806, 0.05000000074505806]"
57,2.5199999999999987,0.17946863174438477,"[0.006612349767237902, -0.009974947199225426, -0.08536987006664276, 0.5339605808258057, 0.35893815755844116, -0.6064445972442627, -2.574796676635742, 0.3937166631221771, 2.916562557220459, -1.846173644065857, -0.0903172641992569, -0.006208239588886499]","[-0.02265555039048195, 0.002738369395956397, 0.12710478901863098, 0.11960183084011078, 0.101986363530159, -0.045384712517261505, 0.07774299383163452, -0.0202773604542017, -0.11109616607427597, 0.24079805612564087, 0.0050697969272732735, 0.039257295429706573]","[0.0, 0.0, 0.0, 0.5234813949980415, -0.017277103836664833, -0.10198043131273302, -0.04852571772979604, -0.07183492932015498, -0.03166639809973227, 0.4874874671077716, 0.0, 0.0]","[0.015241116285324097, 0.3249983489513397, 0.05173733830451965, 0.030769675970077515, 0.029268749058246613, 0.0298923347145319, 0.029855970293283463, 0.019387036561965942, 0.30562514066696167, 0.036658674478530884, 0.03253447264432907, 0.18277063965797424, 0.02420165203511715, 0.03260563313961029, 0.03095807507634163, 0.03039376251399517, 0.03818494454026222, 0.030683930963277817, 0.03022431582212448, 1.884976863861084, 0.03141527995467186, 0.032431136816740036, 0.024132996797561646, 0.016663221642374992, 0.021090112626552582, 0.02959739975631237, 0.022437280043959618, 0.014176544733345509, 0.03391449153423309, 0.07897248864173889, 0.014149072580039501, 0.024430986493825912, 2.4437413215637207, 0.030151404440402985, 0.02889503724873066, 0.017582593485713005, 0.02980228327214718, 0.0191083662211895, 1.46150541305542, 0.02832259237766266, 0.015407659113407135, 0.016050925478339195, 0.017492126673460007, 0.021395452320575714, 0.03137680143117905, 0.014903256669640541, 0.11547870188951492, 0.03013591282069683, 0.02693053148686886, 0.01646387204527855, 0.029896095395088196, 0.039296507835388184, 0.03345723822712898, 0.013729420490562916, 0.03671155124902725, 0.015308903530240059, 0.05543877184391022, 0.01987311989068985, 0.015899721533060074, 0.018892496824264526, 0.0207635760307312, 0.03132622689008713, 0.03053547441959381, 0.01526171900331974, 0.01889285072684288, 0.02927183173596859, 0.06286780536174774, 0.0293728057295084, 0.015147006139159203, 0.015441110357642174, 0.029529867693781853, 0.014332255348563194, 0.0295148603618145, 0.01996319741010666, 0.014070418663322926, 0.018791530281305313, 0.02940981648862362, 0.015492611564695835, 0.014069814234972, 0.019993742927908897, 0.041239164769649506, 0.03005700558423996, 0.029490340501070023, 0.059605859220027924, 0.029169484972953796, 0.17921684682369232, 0.03155744820833206, 0.03095334768295288, 0.03802912309765816, 0.014142053201794624, 0.029365379363298416, 0.027068061754107475, 63.4526481628418, 0.01377597264945507, 0.01435234397649765, 0.02088751643896103, 0.39879268407821655, 0.09123387932777405, 0.018125273287296295, 0.7696774005889893, 0.02127085253596306, 0.020319879055023193, 0.0268760547041893, 0.024613022804260254, 0.018257074058055878, 0.014626925811171532, 0.03756682947278023, 0.02323402464389801, 0.014722578227519989, 0.2420845776796341, 0.015210471116006374, 0.030843276530504227, 0.014149215072393417, 0.014540523290634155, 0.029813488945364952, 0.014756767079234123, 5.358229160308838, 0.014038318768143654, 0.021169673651456833, 0.013841668143868446, 0.013886963948607445, 0.030521653592586517, 0.20233501493930817, 0.014481304213404655, 0.030506543815135956, 0.028563370928168297, 0.031028728932142258, 0.02029617875814438]",0.0010403655469417572,False,"[0.05000000074505806, 0.05000000074505806, 0.05000000074505806, 0.05000000074505806, 0.05000000074505806, 0.05000000074505806, 0.05000000074505806, 0.05000000074505806, 0.05000000074505806, 0.05000000074505806, 0.05000000074505806, 0.05000000074505806, 0.05000000074505806, 0.05000000074505806, 0.05000000074505806, 0.05000000074505806, 0.05000000074505806, 0.05000000074505806, 0.05000000074505806, 0.05000000074505806]"
58,2.564999999999999,0.18050241470336914,"[0.005191916599869728, -0.010046279989182949, -0.08107604086399078, 0.5497167706489563, 0.36173975467681885, -0.6141158938407898, -2.5768797397613525, 0.3916158974170685, 2.914398431777954, -1.8249653577804565, -0.08895484358072281, -0.006255257409065962]","[-0.05320345610380173, -0.005136181600391865, 0.11118657886981964, 0.379940927028656, 0.05127757042646408, -0.187208354473114, -0.0569319948554039, -0.048010919243097305, -0.031250111758708954, 0.4813278913497925, 0.0635162740945816, -0.0051398142240941525]","[0.0, 0.0, 0.0, 0.4070944313778293, 0.2797596650226134, 0.03519529787953131, 0.4921816221511112, -0.016418335030271514, -0.3262402255388138, 0.5314120685782044, 0.0, 0.0]","[0.018292680382728577, 0.04086272418498993, 0.03328851982951164, 0.025142565369606018, 0.3558911681175232, 19.06538963317871, 0.0265074260532856, 0.03021179884672165, 0.08645431697368622, 0.048779286444187164, 0.020141715183854103, 0.02643951028585434, 0.023865465074777603, 0.05261213332414627, 0.02796051651239395, 0.022857695817947388, 0.015021363273262978, 0.7098847031593323, 0.02648206055164337, 0.024875212460756302, 0.024761805310845375, 12.450069427490234, 0.023125674575567245, 0.01992914453148842, 0.015444684773683548, 0.0579635389149189, 0.014263779856264591, 0.03819030523300171, 0.029485434293746948, 0.2719252109527588, 0.041510358452796936, 0.06669190526008606, 0.05618622899055481, 0.01888735219836235, 0.027699310332536697, 0.06398080289363861, 0.20305970311164856, 0.021052805706858635, 0.027223050594329834, 0.013084560632705688, 0.015650875866413116, 0.019172795116901398, 0.020888829603791237, 0.03662852197885513, 0.07532548904418945, 0.024851173162460327, 0.027541624382138252, 0.016682060435414314, 0.4997404217720032, 0.01600649207830429, 0.206534281373024, 0.015835467725992203, 0.020796161144971848, 0.07015786319971085, 0.02690909430384636, 0.030211398378014565, 0.028810281306505203, 0.02903584949672222, 0.02767762541770935, 0.03586377575993538, 0.016614701598882675, 0.02418457344174385, 0.027599921450018883, 0.019899379462003708, 0.05157120153307915, 0.029583992436528206, 0.017765462398529053, 0.018422793596982956, 0.018649863079190254, 0.01832268200814724, 0.014277597889304161, 0.17416827380657196, 0.01579003781080246, 0.016229018568992615, 0.017555998638272285, 0.02970965765416622, 0.03465978801250458, 0.07672981917858124, 0.024897584691643715, 0.016539111733436584, 0.015039876103401184, 0.01759186200797558, 0.05261258780956268, 0.10528266429901123, 0.027800854295492172, 0.6187906861305237, 0.03659804165363312, 0.017861902713775635, 0.01784825511276722, 0.020460035651922226, 0.03874287009239197, 0.01925329491496086, 0.5438917875289917, 0.03801964595913887, 0.018076591193675995, 0.025773409754037857, 0.024666525423526764, 0.02837309241294861, 0.015730004757642746, 0.03329899162054062, 0.21797055006027222, 0.036355145275592804, 0.08456689119338989, 0.038614142686128616, 0.017329074442386627, 0.7479027509689331, 0.08816822618246078, 0.023872805759310722, 0.014809191226959229, 0.03217875957489014, 0.027056891471147537, 0.07041469216346741, 0.3628288209438324, 0.02749849110841751, 0.016078302636742592, 0.019560815766453743, 0.024029958993196487, 0.5226753950119019, 0.01532701589167118, 0.33512502908706665, 0.014927590265870094, 0.015289416536688805, 0.014766419306397438, 0.053921885788440704, 0.030039431527256966, 0.02771884948015213, 0.025958536192774773, 0.01618071459233761]",0.0009622853831388056,False,"[0.04941164329648018, 0.048314183950424194, 0.05127659812569618, 0.05527765303850174, 0.05721364915370941, 0.06050347164273262, 0.049261078238487244, 0.05381947383284569, 0.03885709121823311, 0.04143138229846954, 0.043340280652046204, 0.04636131599545479, 0.04809645563364029, 0.0502694733440876, 0.053895074874162674, 0.05679267272353172, 0.058609772473573685, 0.043928854167461395, 0.04567877575755119, 0.04766103997826576]"
59,2.6099999999999994,0.18028807640075684,"[0.0027835937216877937, -0.009615814313292503, -0.06721658259630203, 0.5619908571243286, 0.37158316373825073, -0.6191374659538269, -2.562509775161743, 0.39060819149017334, 2.902172565460205, -1.8013200759887695, -0.08402786403894424, -0.003860951168462634]","[-0.045447543263435364, 0.031962499022483826, 0.5914655923843384, 0.26267027854919434, 0.26552921533584595, -0.08425233513116837, 0.371789813041687, -0.018241915851831436, -0.3209993243217468, 0.5226970911026001, 0.043310150504112244, 0.13947702944278717]","[0.0, 0.0, 0.0, 0.049300560474938915, 0.4505738705449586, 0.16440731330282207, 0.8146884088144106, 0.0493483518253237, -0.46689647118716565, 0.2874528878267661, 0.0, 0.0]","[0.01649845764040947, 0.08398600667715073, 0.013519234955310822, 0.1002083420753479, 0.029804490506649017, 0.079210065305233, 0.014197949320077896, 0.558510959148407, 1.0552822351455688, 0.07740003615617752, 0.1122441440820694, 0.018346525728702545, 0.07614845037460327, 1.6390069723129272, 0.018178710713982582, 0.49666962027549744, 0.02757599949836731, 0.016605596989393234, 0.0843900591135025, 0.2096601128578186, 0.01400221697986126, 0.017498590052127838, 0.06354546546936035, 0.020531484857201576, 0.01582753099501133, 0.014750783331692219, 0.025818675756454468, 0.036575593054294586, 0.03986824303865433, 0.020507561042904854, 0.021171418949961662, 0.020379772409796715, 0.028546199202537537, 0.01680876687169075, 0.01687946729362011, 0.01426529511809349, 0.020828422158956528, 0.04473033547401428, 0.031432218849658966, 0.19343902170658112, 0.021460555493831635, 0.027121111750602722, 0.013363621197640896, 0.030761081725358963, 0.10043580085039139, 0.012646103277802467, 0.014056122861802578, 0.019162584096193314, 0.037000659853219986, 0.01335318386554718, 0.01486117858439684, 0.02398506924510002, 0.01318280678242445, 0.028614014387130737, 0.02047606185078621, 0.01669009029865265, 0.06942064315080643, 0.016132768243551254, 0.029445316642522812, 0.016893694177269936, 0.013311902992427349, 0.01858658902347088, 0.03317858651280403, 0.06509168446063995, 0.020476214587688446, 0.022466294467449188, 0.017821412533521652, 0.05425636097788811, 0.2066529542207718, 0.04790852963924408, 0.1846787929534912, 0.021929528564214706, 0.02500564232468605, 0.019336409866809845, 0.013986054807901382, 0.015620814636349678, 0.01911245658993721, 0.020618431270122528, 0.02071874402463436, 0.01341872476041317, 0.02062409557402134, 0.03866710886359215, 0.014265540987253189, 0.020708806812763214, 0.014080140739679337, 0.01354292593896389, 0.02086939476430416, 0.01553541049361229, 0.014631126075983047, 0.04590775817632675, 0.02057662606239319, 0.07375475764274597, 0.9109047055244446, 0.021751385182142258, 0.015400526113808155, 0.014948094263672829, 0.012904802337288857, 0.02633925899863243, 0.04057442396879196, 0.028407961130142212, 0.020094189792871475, 0.04790409281849861, 0.029385339468717575, 0.04467001557350159, 0.020413506776094437, 0.04622878506779671, 0.051522523164749146, 0.07381662726402283, 0.03152292221784592, 0.017726710066199303, 0.016164163127541542, 0.015173263847827911, 1.77192223072052, 0.044989701360464096, 0.05289619415998459, 0.056177571415901184, 1.1723507642745972, 0.01876816153526306, 0.10931432247161865, 0.06268858909606934, 0.02405446022748947, 0.02142229676246643, 0.022949857637286186, 0.03412267193198204, 0.10389134287834167, 3.6297011375427246, 0.020244747400283813, 0.015991967171430588]",0.0007780843297950923,False,"[0.026295064017176628, 0.06640098243951797, 0.060858629643917084, 0.07086922973394394, 0.0660412609577179, 0.06715500354766846, 0.05113562196493149, 0.04023246467113495, 0.04218127578496933, 0.043765317648649216, 0.04485516995191574, 0.04609860107302666, 0.04768691956996918, 0.04965923726558685, 0.05078105255961418, 0.051650047302246094, 0.04134270176291466, 0.043634627014398575, 0.043853554874658585, 0.045503176748752594]"
60,2.655,0.17935776710510254,"[0.0012513871770352125, -0.008520620875060558, -0.0428047813475132, 0.5637336373329163, 0.38989976048469543, -0.6170768737792969, -2.533421516418457, 0.39219939708709717, 2.8817927837371826, -1.7881309986114502, -0.08197423815727234, 0.00474613206461072]","[-0.02826021984219551, 0.041222844272851944, 0.6872000694274902, 0.008587301708757877, 0.4511193633079529, 0.06576310843229294, 0.6822167634963989, 0.03703560307621956, -0.47851163148880005, 0.2789541482925415, -0.005043630488216877, 0.19724209606647491]","[0.0, 0.0, 0.0, 0.03964988964127625, 0.4528230450452895, 0.1576550517828437, 0.8246650924497197, 0.042406602464799, -0.47105182702125403, 0.2849052988019986, 0.0, 0.0]","[0.012313131242990494, 0.01577811688184738, 0.20933839678764343, 0.032751310616731644, 0.8299148678779602, 0.10155510902404785, 0.8849160671234131, 0.2117331624031067, 0.01533139031380415, 0.018042054027318954, 0.18494655191898346, 0.06569642573595047, 0.01781577616930008, 0.2822473645210266, 0.5483285784721375, 0.24420008063316345, 0.01637112721800804, 0.01702544465661049, 0.015950186178088188, 0.014792101457715034, 0.015178721398115158, 0.016192112118005753, 0.016386251896619797, 0.05057124048471451, 0.07121530920267105, 0.01566041074693203, 0.014807511121034622, 0.03701861947774887, 0.016632985323667526, 0.16858667135238647, 0.01281072199344635, 0.015786513686180115, 0.01544481236487627, 0.014458934776484966, 0.0129298847168684, 0.013940656557679176, 0.08558128774166107, 0.016317393630743027, 0.01566924899816513, 0.04573587328195572, 0.02230517566204071, 0.3366108536720276, 0.015876565128564835, 0.0646117627620697, 0.04861372709274292, 0.015306834131479263, 0.05090212821960449, 0.029321342706680298, 0.013218609616160393, 0.017256613820791245, 0.013982725329697132, 0.8538895845413208, 0.023155855014920235, 0.020133648067712784, 0.02171478047966957, 0.013046415522694588, 0.015113739296793938, 0.020323598757386208, 0.02624795027077198, 0.2765064239501953, 0.020479869097471237, 0.01533457264304161, 0.015168002806603909, 0.015867119655013084, 0.04257585480809212, 0.01511354185640812, 0.01626034453511238, 0.015868475660681725, 1.0695164203643799, 0.013227324932813644, 0.015153374522924423, 0.04005610570311546, 0.012610923498868942, 0.8888667821884155, 0.012357084080576897, 0.029118061065673828, 0.014938371255993843, 0.11850067973136902, 0.016768788918852806, 0.02479621395468712, 0.015366218984127045, 0.014679014682769775, 0.015315371565520763, 0.019844884052872658, 0.0538727231323719, 0.01309991255402565, 0.5537343621253967, 0.014056649059057236, 0.4906001091003418, 0.012451549991965294, 0.015783067792654037, 0.5208118557929993, 0.03841617703437805, 0.0159011147916317, 0.019694484770298004, 0.043614547699689865, 0.015508624725043774, 0.015752136707305908, 0.100089430809021, 0.05902678146958351, 0.03395882248878479, 0.015276698395609856, 0.014420269057154655, 0.03658747673034668, 5.272590637207031, 0.012623041868209839, 0.02993476390838623, 0.045216161757707596, 0.015360661782324314, 0.022025320678949356, 0.016098903492093086, 0.01570010930299759, 0.013095354661345482, 0.023069359362125397, 0.014281321316957474, 0.015586103312671185, 0.015489247627556324, 0.07338358461856842, 0.015894411131739616, 0.0575396865606308, 0.055553603917360306, 0.42229801416397095, 0.03794066235423088, 0.01643187552690506, 0.013892305083572865, 0.013040408492088318, 16.324357986450195, 0.0254710353910923]",0.0005679209716618061,True,"[0.03787641599774361, 0.05760325863957405, 0.059344787150621414, 0.047649968415498734, 0.047909509390592575, 0.04817046970129013, 0.04886040464043617, 0.04938207566738129, 0.049790654331445694, 0.05040524899959564, 0.05039294436573982, 0.05129597708582878, 0.051742494106292725, 0.05133356153964996, 0.05159742385149002, 0.05154706537723541, 0.05125529319047928, 0.05197672173380852, 0.05202115699648857, 0.03984463959932327]"
61,2.7,0.17912817001342773,"[0.0007069847197271883, -0.007240788545459509, -0.01886638253927231, 0.5635811686515808, 0.4114982485771179, -0.6136351823806763, -2.501755714416504, 0.3937261998653412, 2.8601932525634766, -1.775644063949585, -0.08135758340358734, 0.014020537957549095]","[-0.020563462749123573, 0.03919538855552673, 0.674334704875946, -0.008898674510419369, 0.48647114634513855, 0.07431505620479584, 0.7084918022155762, 0.03255807235836983, -0.4821989834308624, 0.27611178159713745, 0.013414578512310982, 0.17998410761356354]","[0.0, 0.0, 0.0, 0.056761058067573, -0.10238596922888989, -0.04239842558355534, -0.1887377169425941, -0.015723718231990133, 0.09936278105795952, -0.0007881830524201902, 0.0, 0.0]","[0.012972893193364143, 0.34354931116104126, 0.01271100714802742, 0.3241363763809204, 0.012336649000644684, 0.04722381383180618, 0.012828446924686432, 0.6659406423568726, 0.7393602132797241, 0.012811128050088882, 0.01600675657391548, 0.014474848285317421, 0.014115633442997932, 0.023134205490350723, 0.01875413954257965, 0.012665820308029652, 0.01892027072608471, 0.015054790303111076, 0.013521062210202217, 0.1861451417207718, 0.012913048267364502, 0.044539958238601685, 0.017283910885453224, 0.06284214556217194, 0.012807212769985199, 0.046738993376493454, 0.012480802834033966, 0.022520724684000015, 0.013392026536166668, 0.015262492001056671, 0.013012874871492386, 0.012220725417137146, 0.01321835070848465, 0.012406334280967712, 0.012471338734030724, 0.027501117438077927, 0.012935206294059753, 0.02819829434156418, 0.012559620663523674, 0.02631288953125477, 0.01981165260076523, 0.014976201578974724, 0.06914973258972168, 0.013794651255011559, 0.013292832300066948, 0.026401769369840622, 0.04511396959424019, 0.014667563140392303, 0.019956765696406364, 0.07607907801866531, 0.08077438175678253, 0.012870507314801216, 0.01281771995127201, 0.030666446313261986, 0.16108869016170502, 0.014988178387284279, 0.014684276655316353, 0.013140315189957619, 0.012473292648792267, 0.014310109429061413, 0.01592221111059189, 0.04958200827240944, 0.013048839755356312, 0.021092144772410393, 0.019802948459982872, 0.017281420528888702, 0.012185787782073021, 0.012516751885414124, 0.13831301033496857, 0.6949318647384644, 0.02357623726129532, 0.01266583614051342, 0.0124030951410532, 0.017928512766957283, 0.014591180719435215, 0.019479896873235703, 0.04120136797428131, 0.012357249855995178, 0.013910503126680851, 0.029859069734811783, 0.05665842816233635, 0.033628739416599274, 0.8855111002922058, 0.1872217357158661, 0.01310683786869049, 0.01942792348563671, 0.033617038279771805, 0.016043679788708687, 0.031501833349466324, 0.07022767513990402, 0.01274091750383377, 0.013460425660014153, 0.016062147915363312, 0.04341873526573181, 0.0462297722697258, 0.04281216859817505, 0.504245936870575, 0.015967367216944695, 0.02463376708328724, 0.043823838233947754, 0.05164940655231476, 0.012440087273716927, 0.012306432239711285, 0.012378541752696037, 0.012625124305486679, 0.012410959228873253, 0.014120759442448616, 0.013865271583199501, 0.0438976027071476, 0.012463911436498165, 0.024287687614560127, 0.013314381241798401, 0.049843743443489075, 0.01846359297633171, 0.03583546727895737, 0.021258467808365822, 0.012332960963249207, 0.018031733110547066, 0.01515437476336956, 0.013652553781867027, 0.06598375737667084, 0.012680592946708202, 0.01269858330488205, 0.012575680390000343, 0.40293341875076294, 0.012055744417011738, 0.012427500449120998, 0.17039597034454346]",0.00044864724623039365,True,"[0.05000000074505806, 0.05000000074505806, 0.05000000074505806, 0.05000000074505806, 0.05000000074505806, 0.05000000074505806, 0.05000000074505806, 0.05000000074505806, 0.05000000074505806, 0.05000000074505806, 0.05000000074505806, 0.05000000074505806, 0.05000000074505806, 0.05000000074505806, 0.05000000074505806, 0.05000000074505806, 0.05000000074505806, 0.05000000074505806, 0.05000000074505806, 0.05000000074505806]"
62,2.7450000000000006,0.178971529006958,"[0.0007281001308001578, -0.006987782660871744, -0.012279807589948177, 0.5662491917610168, 0.41600194573402405, -0.6131507754325867, -2.5001137256622314, 0.393547922372818, 2.855945348739624, -1.7745176553726196, -0.08370847254991531, 0.017855549231171608]","[0.0001337872090516612, 0.003680603113025427, 0.08915094286203384, 0.062218811362981796, 0.021206142380833626, -0.006973123177886009, -0.11560715734958649, -0.004703036975115538, 0.06029362976551056, 0.004226050339639187, -0.021300675347447395, 0.019397180527448654]","[0.0, 0.0, 0.0, -0.3827925869181625, 0.07932206959596323, 0.07453226440252343, 0.14999753833111032, 0.050227259898640235, -0.034725819073836185, -0.3330044498945381, 0.0, 0.0]","[0.01237679086625576, 0.01332675851881504, 0.32669052481651306, 0.012904761359095573, 0.01277395710349083, 0.013293802738189697, 0.013238919898867607, 0.07407298684120178, 0.013251785188913345, 0.01329781860113144, 0.014462084509432316, 0.012833707965910435, 0.012800676748156548, 0.5178259611129761, 0.0141143212094903, 0.16524019837379456, 0.014293945394456387, 0.012519381940364838, 0.45379728078842163, 0.9984593391418457, 0.017258211970329285, 0.012999249622225761, 0.01282505877315998, 0.012573812156915665, 0.02117152139544487, 0.012945041060447693, 0.019674424082040787, 0.01228256244212389, 0.012446049600839615, 0.055674757808446884, 0.012574413791298866, 0.18038082122802734, 0.012646065093576908, 0.012660898268222809, 0.021448705345392227, 0.022192545235157013, 0.6006693840026855, 0.012601371854543686, 0.012508530169725418, 0.012606139294803143, 0.012573693878948689, 0.013265421614050865, 0.05354543775320053, 0.013604682870209217, 0.03610141575336456, 0.03354387357831001, 0.012629150412976742, 0.16210758686065674, 0.013087758794426918, 0.014244974590837955, 0.01266554556787014, 0.11088000982999802, 166.6060028076172, 0.012503808364272118, 0.2491588145494461, 0.012578707188367844, 0.013079354539513588, 0.020827777683734894, 0.01250210776925087, 0.019922640174627304, 0.01251194253563881, 0.01919163018465042, 0.012547401711344719, 0.012636419385671616, 0.012831967324018478, 0.012473773211240768, 0.012230985797941685, 0.012955553829669952, 0.014167821034789085, 0.01238112710416317, 0.026774220168590546, 0.01268504187464714, 0.022531382739543915, 0.018551349639892578, 0.03780161589384079, 0.012504811398684978, 0.4727155566215515, 0.5702087879180908, 0.01322551816701889, 0.012944810092449188, 0.01953582838177681, 0.04402478411793709, 0.012864172458648682, 0.013163872063159943, 0.012885603122413158, 0.012907148338854313, 0.04087420180439949, 0.012388607487082481, 0.012715162709355354, 0.022713948041200638, 0.03742225095629692, 0.09366078674793243, 0.014912446960806847, 0.01562921330332756, 0.260879248380661, 0.012899027206003666, 0.04776798188686371, 0.013386556878685951, 0.03689277917146683, 0.016481570899486542, 0.01307707279920578, 0.013102315366268158, 0.17950186133384705, 0.01323120016604662, 0.057030998170375824, 0.013290954753756523, 0.13224369287490845, 0.01901993900537491, 0.01274703536182642, 0.014747176319360733, 0.012617590837180614, 0.012809193693101406, 0.013358836062252522, 0.025520067662000656, 0.013376962393522263, 0.014719640836119652, 0.12370496988296509, 0.01638072356581688, 0.014066271483898163, 0.012269474565982819, 0.012494031339883804, 0.012683536857366562, 0.012902059592306614, 0.034189775586128235, 0.013193327933549881, 0.0289919376373291, 0.015176713466644287, 0.013634752482175827]",0.0004307398048695177,True,"[0.049746401607990265, 0.05061004310846329, 0.0507182739675045, 0.04940750077366829, 0.05001126229763031, 0.04967661201953888, 0.04979804530739784, 0.05047738924622536, 0.05025605112314224, 0.05014881491661072, 0.04980412498116493, 0.04965236410498619, 0.04974943771958351, 0.04998684674501419, 0.05037889629602432, 0.04997769743204117, 0.04991063103079796, 0.049782849848270416, 0.05008763074874878, 0.04981932416558266]"
63,2.790000000000001,0.1786961555480957,"[0.00017383585509378463, -0.0071007264778018, -0.009530034847557545, 0.5555117130279541, 0.41840481758117676, -0.6085745692253113, -2.4965128898620605, 0.3946813642978668, 2.8553378582000732, -1.7872872352600098, -0.08391151577234268, 0.01580032892525196]","[-0.00023108776076696813, -5.4799809731775895e-05, 8.082998829195276e-05, -0.2897961139678955, 0.06102779880166054, 0.106890007853508, 0.1091398373246193, 0.02911590225994587, -0.027951380237936974, -0.32592785358428955, -0.06973332911729813, -0.013685991056263447]","[0.0, 0.0, 0.0, -0.015523903667951665, 0.1279958934487594, 0.04396320144898046, 0.236567068517822, 0.011445762325707456, -0.13200110854182268, 0.055582261434441185, 0.0, 0.0]","[0.0123136593028903, 0.013490496203303337, 0.032727308571338654, 0.013303564861416817, 0.012629875913262367, 0.014428557828068733, 0.014562109485268593, 0.17969442903995514, 0.01421370729804039, 0.01434069313108921, 0.012770352885127068, 0.012849630787968636, 0.054530058056116104, 0.023287516087293625, 0.013292200863361359, 0.013025373220443726, 0.014391093514859676, 0.012713879346847534, 0.012504469603300095, 0.012495075352489948, 0.01695292443037033, 0.08537546545267105, 0.014639528468251228, 0.012594390660524368, 0.012917749583721161, 0.013315420597791672, 0.03373528644442558, 0.012567228637635708, 0.012711245566606522, 0.012791890650987625, 0.016777286306023598, 0.01208210177719593, 0.028472356498241425, 0.012636695988476276, 0.013207171112298965, 0.012482470832765102, 0.012549297884106636, 0.012313066981732845, 0.012478392571210861, 0.012784086167812347, 0.0448913648724556, 0.012318320572376251, 0.01318987738341093, 0.014887203462421894, 0.013749901205301285, 0.02354651689529419, 0.013094216585159302, 0.01590285450220108, 0.012397866696119308, 0.012582937255501747, 0.10436485707759857, 0.012674383819103241, 0.055255670100450516, 0.019467081874608994, 0.01298176497220993, 0.012514594942331314, 0.029181744903326035, 0.012411256320774555, 0.013446381315588951, 0.01231613289564848, 0.013225151225924492, 0.013344533741474152, 0.012870585545897484, 0.012546831741929054, 0.01259193941950798, 0.013604963198304176, 0.039286114275455475, 0.013180062174797058, 0.01301179826259613, 0.012398071587085724, 0.012955805286765099, 0.012658028863370419, 0.0127062126994133, 0.013049720786511898, 0.012712179683148861, 0.012204090133309364, 0.012304228730499744, 0.01235206425189972, 0.03615714609622955, 0.013404852710664272, 0.012379810214042664, 0.013831853866577148, 0.020049970597028732, 0.049845896661281586, 0.012786906212568283, 0.07113097608089447, 0.01290126983076334, 0.016203027218580246, 0.012928174808621407, 0.10412529855966568, 0.021819036453962326, 0.0125203812494874, 0.012473572045564651, 0.21427738666534424, 0.013503260910511017, 0.012654047459363937, 0.012799506075680256, 0.01414101105183363, 0.012735359370708466, 0.012572582811117172, 0.012890297919511795, 0.012377740815281868, 0.012880709022283554, 0.012392914853990078, 0.27928316593170166, 0.012566247954964638, 0.012522071599960327, 0.017871815711259842, 0.03677704930305481, 0.012398161925375462, 0.012563086114823818, 0.013179438188672066, 0.012715155258774757, 0.019446691498160362, 0.013065710663795471, 0.0139246741309762, 0.012199761345982552, 0.015737932175397873, 0.012148366309702396, 0.013520283624529839, 0.012307734228670597, 0.013772929087281227, 0.012542128562927246, 0.012930335476994514, 0.012843274511396885, 0.055382803082466125, 0.013085250742733479, 0.012316824868321419]",0.0004292246885597706,True,"[0.05007481947541237, 0.04989786818623543, 0.04995576664805412, 0.05013598874211311, 0.04970940575003624, 0.05022786930203438, 0.049882642924785614, 0.05026467517018318, 0.04997711628675461, 0.04982179403305054, 0.049767084419727325, 0.049657855182886124, 0.05042445659637451, 0.050495292991399765, 0.049794428050518036, 0.04952164739370346, 0.04997711628675461, 0.050090108066797256, 0.05022173747420311, 0.05010233819484711]"
64,2.8350000000000013,0.1788628101348877,"[0.0001756693236529827, -0.007100371178239584, -0.009518573060631752, 0.5504646897315979, 0.4229627847671509, -0.6078923344612122, -2.4886977672576904, 0.39525994658470154, 2.8498728275299072, -1.7876865863800049, -0.08560098707675934, 0.018653960898518562]","[2.2710901248501614e-05, 2.232473661933909e-06, 0.000300158018944785, -0.06742776185274124, 0.10921996086835861, 0.013233155943453312, 0.18899278342723846, 0.006337459199130535, -0.12459301203489304, 0.04921737685799599, -0.016495905816555023, 0.001098227803595364]","[0.0, 0.0, 0.0, -0.015508575138553728, 0.12814225736488472, 0.04350150190379404, 0.2370193136008077, 0.011052834203411275, -0.13211066037830674, 0.05603692361975902, 0.0, 0.0]","[0.012059403583407402, 0.10033182054758072, 0.14386436343193054, 0.023461095988750458, 0.08531907200813293, 0.017194606363773346, 4.559304237365723, 0.012560427188873291, 0.013385619036853313, 0.012926273047924042, 0.012931335717439651, 0.013764217495918274, 0.01589885726571083, 0.01294885203242302, 0.014699719846248627, 0.013119731098413467, 0.013523049652576447, 0.034723881632089615, 0.014792075380682945, 0.013867619447410107, 0.01271730661392212, 0.25074589252471924, 0.014852618798613548, 0.014602012000977993, 0.012585547752678394, 0.012366380542516708, 0.012882629409432411, 0.013115981593728065, 0.39575880765914917, 0.12202578783035278, 0.02126278355717659, 0.015781797468662262, 0.013014315627515316, 0.04961976408958435, 0.04124464839696884, 0.036054614931344986, 0.021571436896920204, 0.013334246352314949, 0.012592976912856102, 0.012529026716947556, 0.012527059763669968, 0.01611533761024475, 0.012486630119383335, 0.02069636806845665, 0.012641790322959423, 0.012293601408600807, 0.013035349547863007, 0.012954076752066612, 0.01286015473306179, 0.048216868191957474, 0.01309858076274395, 0.012464323081076145, 0.012783404439687729, 0.01308722235262394, 0.01240631379187107, 0.012508470565080643, 1.6274315118789673, 0.012760834768414497, 0.013205135241150856, 0.373440146446228, 0.012371099554002285, 0.02130204625427723, 0.05223842337727547, 0.01347125694155693, 0.053157564252614975, 0.012604162096977234, 0.01991061493754387, 0.012513132765889168, 0.012273159809410572, 0.08466971665620804, 0.02162150666117668, 0.1017468124628067, 0.012880397960543633, 0.012405626475811005, 0.01259362418204546, 0.036230895668268204, 0.015845634043216705, 0.012298705987632275, 46.338077545166016, 0.012936551123857498, 0.11957063525915146, 0.012866438366472721, 0.01249172817915678, 0.01297855470329523, 0.012311643920838833, 0.05241626873612404, 0.012756550684571266, 0.012658167630434036, 0.03180843964219093, 0.15964114665985107, 0.18703502416610718, 0.012901512905955315, 0.04121953248977661, 0.012452604249119759, 0.013013425283133984, 0.02529100701212883, 0.01256641000509262, 0.013879048638045788, 0.023217394948005676, 0.08894556015729904, 0.01322956569492817, 0.034293822944164276, 0.08980362117290497, 0.038730189204216, 0.012993907555937767, 0.012715895660221577, 0.016236724331974983, 0.06696131825447083, 0.029690414667129517, 0.012729606591165066, 0.01210947334766388, 0.012229567393660545, 0.014379758387804031, 0.01255444809794426, 0.02979142963886261, 0.012550655752420425, 0.012317235581576824, 0.012626871466636658, 0.013151662424206734, 0.01319542620331049, 0.01230080146342516, 0.012632529251277447, 0.012831843458116055, 0.0690036341547966, 0.012867588549852371, 0.029095178470015526, 0.013476020656526089, 0.03214126080274582]",0.00043046215432696044,True,"[0.049394894391298294, 0.050243232399225235, 0.05037527158856392, 0.049518659710884094, 0.04930152744054794, 0.04980358108878136, 0.05050765350461006, 0.04976104199886322, 0.049536798149347305, 0.050316888839006424, 0.04995274916291237, 0.04975192993879318, 0.05018500238656998, 0.04962758347392082, 0.05085720866918564, 0.05002903565764427, 0.05020338296890259, 0.05047067999839783, 0.049867454916238785, 0.050295390188694]"
65,2.8800000000000017,0.17889785766601562,"[0.0001757894060574472, -0.007100368849933147, -0.00951645988970995, 0.5491498708724976, 0.4279535710811615, -0.6070780158042908, -2.479677438735962, 0.39548802375793457, 2.8442800045013428, -1.785401463508606, -0.08551086485385895, 0.019839143380522728]","[5.198589860810898e-07, -3.215553379121161e-09, 9.7632791948854e-06, -0.017434071749448776, 0.11085290461778641, 0.017685268074274063, 0.20443160831928253, 0.0047793095000088215, -0.12406855821609497, 0.050886381417512894, 0.0062277610413730145, 0.03782101720571518]","[0.0, 0.0, 0.0, 0.3639055108308073, -0.5185020289390357, -0.2132166516012653, -0.9608026149523504, -0.0806537214026466, 0.4959694298572279, 0.07154304184368505, 0.0, 0.0]","[0.019372738897800446, 0.4554130434989929, 0.0670931488275528, 0.31029701232910156, 0.013370756059885025, 0.06228946894407272, 0.6418563723564148, 0.013352485373616219, 0.3004066050052643, 0.03429754450917244, 0.06941766291856766, 0.019033610820770264, 0.1297806054353714, 0.012791409157216549, 0.3975892961025238, 0.01261841133236885, 0.2231438159942627, 0.13765402138233185, 0.016072455793619156, 0.07435320317745209, 0.3996713161468506, 0.26563894748687744, 0.01241383794695139, 0.08531472086906433, 0.019465811550617218, 0.012469712644815445, 0.02775571681559086, 0.012337204068899155, 0.02886866219341755, 0.02170976810157299, 0.184092178940773, 0.01253206841647625, 0.012074559926986694, 0.01264786534011364, 0.012978837825357914, 0.012643463909626007, 0.012354390695691109, 0.014904841780662537, 0.04121217876672745, 0.1397862732410431, 0.012205509468913078, 16.109939575195312, 0.020279448479413986, 0.012614734470844269, 0.022578032687306404, 0.012727051973342896, 0.013567065820097923, 0.012212689034640789, 0.4597415328025818, 0.012527912855148315, 0.012740148231387138, 0.07745890319347382, 0.13156169652938843, 0.05428806319832802, 0.012614593841135502, 0.02697214111685753, 0.01262032799422741, 0.01291145570576191, 0.05758262053132057, 0.0276019349694252, 0.016346067190170288, 0.012350144796073437, 0.03180292993783951, 0.012511496432125568, 0.014347230084240437, 0.012780135497450829, 0.0287115927785635, 0.04447478801012039, 0.012786496430635452, 0.012895211577415466, 0.03968757390975952, 0.012383926659822464, 0.012516113929450512, 0.015237482264637947, 0.012940764427185059, 0.012722870334982872, 0.012634933926165104, 0.01909974031150341, 1.1040444374084473, 0.014193790033459663, 0.012298451736569405, 0.012515842914581299, 0.012921230867505074, 0.016695832833647728, 0.012302638962864876, 0.01240394078195095, 0.02481343224644661, 0.012320999056100845, 0.01253993809223175, 0.012497864663600922, 9.512161254882812, 0.012684816494584084, 0.012319368310272694, 0.23611479997634888, 0.012677093967795372, 0.018380839377641678, 0.0128480214625597, 0.03662186115980148, 0.012618191540241241, 0.012984213419258595, 0.012335482984781265, 0.012540400959551334, 0.018073664978146553, 0.012517636641860008, 0.012931419536471367, 0.012649311684072018, 0.01258048228919506, 0.04316861554980278, 0.012390540912747383, 0.09521536529064178, 0.032216280698776245, 0.048570357263088226, 0.26997509598731995, 0.030012870207428932, 0.0123064573854208, 0.08126197755336761, 0.019946349784731865, 0.012784184888005257, 0.012845170684158802, 0.012457543984055519, 0.022700561210513115, 0.034093551337718964, 0.012656696140766144, 11.889652252197266, 0.01240210235118866, 0.01223413273692131, 0.014097746461629868, 0.013159834779798985]",0.0004309894284233451,True,"[0.049808964133262634, 0.04961174726486206, 0.049891114234924316, 0.04973301663994789, 0.05019349232316017, 0.05034075677394867, 0.05005887895822525, 0.049821119755506516, 0.05034075677394867, 0.049717847257852554, 0.05031004548072815, 0.05034075677394867, 0.050052765756845474, 0.04961174726486206, 0.05031004548072815, 0.05031004548072815, 0.05034075677394867, 0.04961174726486206, 0.049982551485300064, 0.04961174726486206]"
66,2.925000000000002,0.17859268188476562,"[0.0001757927966536954, -0.007100368849933147, -0.009516395628452301, 0.5619034171104431, 0.4130091965198517, -0.6150593757629395, -2.508690357208252, 0.39282628893852234, 2.857282876968384, -1.7825199365615845, -0.0877714529633522, 0.014098846353590488]","[1.5391266927622382e-08, -1.452490211439894e-10, 2.905688063492562e-07, 0.3227463960647583, -0.4171175956726074, -0.18572749197483063, -0.8364315032958984, -0.06380532681941986, 0.4580673575401306, 0.06618442386388779, 0.01627839356660843, -0.17883600294589996]","[0.0, 0.0, 0.0, 0.22864752094175458, -0.08616659250347278, -0.05870591908399003, -0.16089036497561202, -0.03333474832172438, 0.06133182414537082, 0.1769600556633089, 0.0, 0.0]","[0.012137148529291153, 0.013263637199997902, 0.013296861201524734, 0.013511420227587223, 0.1488737314939499, 7.403868198394775, 0.2781711518764496, 0.01290971226990223, 0.01387079805135727, 0.012803940102458, 0.012641271576285362, 0.3528784215450287, 1.1669261455535889, 0.014987342059612274, 0.04103482887148857, 0.013224532827734947, 0.012798981741070747, 0.013443036004900932, 1.265429139137268, 0.06800656020641327, 0.013035939075052738, 0.012120366096496582, 0.01288946345448494, 0.01278563030064106, 0.019006775692105293, 0.018991807475686073, 0.012754817493259907, 0.01231453288346529, 0.012312646023929119, 0.012496823444962502, 0.012183480896055698, 0.012008638121187687, 0.01261558011174202, 0.2421937882900238, 0.012524949386715889, 0.030431503430008888, 0.012253019958734512, 0.012977426871657372, 0.02348809316754341, 0.012183102779090405, 0.3774731159210205, 0.01341724582016468, 0.014405477792024612, 0.012590844184160233, 0.012127429246902466, 0.012259621173143387, 0.0129022728651762, 0.012598127126693726, 0.012347959913313389, 0.012670879252254963, 0.40714627504348755, 0.01266506128013134, 0.01563454046845436, 0.012184984050691128, 0.012287062592804432, 0.012560239061713219, 0.02332194894552231, 0.02246551588177681, 0.2152668833732605, 0.029636487364768982, 0.012256230227649212, 0.012089310213923454, 0.012081090360879898, 0.012537367641925812, 0.012220303528010845, 0.03025289811193943, 0.08157364279031754, 0.22876298427581787, 0.017021983861923218, 0.01232563890516758, 0.012174779549241066, 0.012233857065439224, 0.014763299375772476, 0.04003794863820076, 0.014539606869220734, 0.07079897820949554, 0.012455517426133156, 0.012444146908819675, 0.012910599820315838, 0.01236233301460743, 0.012188337743282318, 0.014067107811570168, 0.014893352054059505, 0.07912988215684891, 0.015669438987970352, 0.024593833833932877, 0.058507706969976425, 0.013978559523820877, 0.013560043647885323, 0.012990908697247505, 0.05368299037218094, 0.12023676931858063, 0.013150433078408241, 0.045330293476581573, 0.0319317989051342, 0.016244467347860336, 0.01268057245761156, 0.012964151799678802, 0.012762714177370071, 0.01234353892505169, 0.01182238757610321, 0.012163160368800163, 0.012378709390759468, 0.012238975614309311, 0.04606509208679199, 0.01290806382894516, 0.0806877613067627, 0.012098482809960842, 0.012214039452373981, 0.016788724809885025, 0.012385807931423187, 0.01255758572369814, 0.012967221438884735, 0.14892934262752533, 0.01254928857088089, 0.013085625134408474, 0.01309872791171074, 0.10260000824928284, 0.012843407690525055, 0.06629308313131332, 0.01260400004684925, 0.01211763359606266, 0.012194890528917313, 0.10022853314876556, 0.013384492136538029, 0.012862857431173325, 0.01791422814130783, 0.012404197826981544]",0.00042861842666752636,True,"[0.0917825698852539, 0.03848785534501076, 0.039208654314279556, 0.04099762812256813, 0.041447993367910385, 0.04297038912773132, 0.04372707009315491, 0.04512061923742294, 0.04577525332570076, 0.046932343393564224, 0.04831290245056152, 0.04798083379864693, 0.04970980063080788, 0.05154194310307503, 0.05260024592280388, 0.05273847281932831, 0.053438350558280945, 0.05436941608786583, 0.055767565965652466, 0.05709005519747734]"
67,2.9700000000000024,0.17908167839050293,"[0.000175792898517102, -0.007100368849933147, -0.009516393765807152, 0.5708624124526978, 0.40561923384666443, -0.6189765334129333, -2.5233116149902344, 0.3908677101135254, 2.8634049892425537, -1.77504301071167, -0.08116190135478973, 0.004109628032892942]","[4.575086975933118e-10, -4.353107718041427e-12, 8.637830894997478e-09, 0.1822337657213211, -0.10214774310588837, -0.06188318505883217, -0.21300113201141357, -0.03861759603023529, 0.06808481365442276, 0.17106536030769348, 0.06000760942697525, -0.06599882990121841]","[0.0, 0.0, 0.0, -0.6047925157203815, -0.15961802006818473, 0.017789589626991203, -0.29124971315845144, 0.05045770025485436, 0.24660523879146856, -0.680848103213572, 0.0, 0.0]","[0.013499781489372253, 0.05416581779718399, 0.5895781517028809, 0.014233741909265518, 0.013408148661255836, 0.012144194915890694, 0.013136904686689377, 0.4948030710220337, 0.022833433002233505, 0.013331441208720207, 0.022848106920719147, 0.013437068089842796, 0.5233282446861267, 0.6343061327934265, 0.0133693041279912, 0.013201489113271236, 0.44117259979248047, 0.014854229986667633, 0.012810470536351204, 0.2994352877140045, 0.1042899638414383, 0.012424016371369362, 0.06989434361457825, 0.012918666005134583, 0.012435175478458405, 0.02099522575736046, 0.017031900584697723, 0.012891687452793121, 0.012347400188446045, 0.04623524099588394, 0.5309194326400757, 0.024375606328248978, 0.0125099066644907, 0.012141801416873932, 0.012374326586723328, 0.02245672419667244, 0.04612758755683899, 0.05582635849714279, 0.012270817533135414, 0.012284690514206886, 0.01467747800052166, 0.012518004514276981, 0.012465335428714752, 0.01308838464319706, 0.05842065438628197, 0.012336378917098045, 0.012037927284836769, 0.04162140190601349, 0.06864544749259949, 0.013603931292891502, 0.3097178339958191, 0.020353201776742935, 0.021957315504550934, 0.02994559146463871, 0.1489863246679306, 0.012584269046783447, 0.0162887591868639, 0.01232730783522129, 0.01260119117796421, 0.014775248244404793, 0.1705198884010315, 0.028220782056450844, 0.08908864110708237, 0.012857707217335701, 0.013863013125956059, 0.703257143497467, 0.012367255985736847, 0.023296236991882324, 0.012733085080981255, 0.012912748381495476, 0.012058719992637634, 0.019312862306833267, 0.012492855079472065, 0.01291346363723278, 0.03221265226602554, 0.012189464643597603, 0.012432068586349487, 0.032985709607601166, 0.01204342395067215, 0.013271909207105637, 0.016565026715397835, 11.970793724060059, 0.026069939136505127, 0.021855536848306656, 0.012388448230922222, 0.012076313607394695, 0.054454367607831955, 0.015228779055178165, 0.012316176667809486, 0.01236630603671074, 0.026660554111003876, 0.014156168326735497, 0.012254109606146812, 0.09791255742311478, 0.01920212060213089, 0.012327669188380241, 0.012279192917048931, 0.036704763770103455, 0.1816781908273697, 0.0125411506742239, 0.05368980020284653, 0.2536066770553589, 0.012276283465325832, 0.012322966940701008, 0.01227978803217411, 0.012555792927742004, 0.014187555760145187, 0.01239486038684845, 0.021792899817228317, 0.012320218607783318, 0.011985788121819496, 0.03301714360713959, 0.06706559658050537, 0.04798578843474388, 0.012484644539654255, 0.041444599628448486, 0.012858061119914055, 0.08401694893836975, 0.013082320801913738, 0.019477220252156258, 0.014246213249862194, 0.032566945999860764, 0.017454255372285843, 0.023849500343203545, 0.03182746842503548, 0.06724631041288376, 0.012184647843241692, 0.012828109785914421]",0.000427007966209203,True,"[0.049967341125011444, 0.05038691312074661, 0.05003143101930618, 0.05038076266646385, 0.049952100962400436, 0.049952100962400436, 0.049952100962400436, 0.049952100962400436, 0.049952100962400436, 0.049952100962400436, 0.049952100962400436, 0.049952100962400436, 0.049952100962400436, 0.049952100962400436, 0.049952100962400436, 0.049952100962400436, 0.049952100962400436, 0.049952100962400436, 0.049952100962400436, 0.049952100962400436]"
68,3.015000000000003,0.17880487442016602,"[0.000175792898517102, -0.007100368849933147, -0.009516393765807152, 0.556882381439209, 0.39963483810424805, -0.6122532486915588, -2.533714532852173, 0.39146605134010315, 2.873795986175537, -1.7865735292434692, -0.08505622297525406, 0.0031715058721601963]","[1.3600305777405897e-11, -1.294419622486706e-13, 2.567757118043801e-10, -0.40995898842811584, -0.1359778493642807, 0.13261531293392181, -0.24045686423778534, 0.02012944221496582, 0.23685915768146515, -0.4689737856388092, -0.14418897032737732, -0.12221213430166245]","[0.0, 0.0, 0.0, -0.865238691197775, 0.11374121221554354, 0.1503707095063001, 0.218194985395759, 0.10494453066518913, -0.012700496255981977, -0.7841802980220057, 0.0, 0.0]","[0.012126302346587181, 0.01741104945540428, 0.013882261700928211, 0.0134360920637846, 0.26464369893074036, 0.01261439360678196, 0.016344856470823288, 0.014487598091363907, 0.01280099619179964, 0.013598623685538769, 0.014767060987651348, 0.012169713154435158, 0.6684569716453552, 0.32121801376342773, 0.012790552340447903, 0.013624959625303745, 0.012436254881322384, 0.013060099445283413, 0.31879302859306335, 0.545261800289154, 0.01232418604195118, 0.026453979313373566, 0.012511145323514938, 0.04065340757369995, 0.012141861021518707, 0.012203293852508068, 0.033321429044008255, 0.012806577607989311, 0.012405652552843094, 0.01250627264380455, 0.012596401385962963, 0.01256021298468113, 0.18059992790222168, 0.012643863447010517, 0.012266244739294052, 0.01748683676123619, 0.012485776096582413, 0.013857800513505936, 0.06224068999290466, 0.023382700979709625, 0.07612994313240051, 0.012388589791953564, 0.012295217253267765, 0.01236281543970108, 0.012515151873230934, 0.012340467423200607, 0.012000255286693573, 0.012318309396505356, 0.013596762903034687, 0.021352529525756836, 0.012329164892435074, 0.012361285276710987, 0.01823548972606659, 0.012621577829122543, 0.01285923644900322, 0.012322884052991867, 0.04759752005338669, 0.012297505512833595, 0.012865088880062103, 0.012280603870749474, 0.012622596696019173, 0.01890062727034092, 0.013824215158820152, 0.012613859958946705, 0.013139743357896805, 0.012434378266334534, 0.012696381658315659, 0.01255410723388195, 0.019156424328684807, 0.012679073959589005, 0.14198392629623413, 0.012158188037574291, 0.012583197094500065, 0.012307252734899521, 0.012809023261070251, 0.03840157762169838, 0.14596176147460938, 0.012540429830551147, 0.01367229875177145, 0.012354953214526176, 0.012841686606407166, 0.01215631328523159, 0.012387385591864586, 0.6799268126487732, 0.016520695760846138, 0.012890567071735859, 0.048526398837566376, 0.030775509774684906, 0.012634005397558212, 0.012520487420260906, 0.013288784772157669, 0.012353481724858284, 0.012825097888708115, 0.01286664791405201, 0.03236350044608116, 0.012433366850018501, 0.012880237773060799, 0.013218548148870468, 0.012347951531410217, 0.06428835541009903, 0.012585636228322983, 0.012209085747599602, 0.012174563482403755, 0.012468710541725159, 0.012339815497398376, 0.012384669855237007, 0.013572551310062408, 0.012612659484148026, 0.012676326557993889, 0.012157364748418331, 0.012362649664282799, 0.01235748827457428, 0.061916738748550415, 0.012315532192587852, 0.015478666871786118, 0.012983263470232487, 0.01310774590820074, 0.011841179803013802, 0.02165456861257553, 0.012534825131297112, 0.011952036060392857, 0.01249281782656908, 0.012093046680092812, 0.012504428625106812, 0.012315500527620316, 0.012439271435141563, 0.020060382783412933, 0.019637735560536385]",0.00042825774289667606,True,"[0.03973177447915077, 0.04082071781158447, 0.04190624877810478, 0.0429917648434639, 0.04407849535346031, 0.04515960067510605, 0.046247463673353195, 0.04732974246144295, 0.04840188845992088, 0.04949227720499039, 0.05057017505168915, 0.05164003372192383, 0.052716419100761414, 0.05379554629325867, 0.054856568574905396, 0.05592144653201103, 0.05700352415442467, 0.05804627761244774, 0.05911531671881676, 0.06017465516924858]"
69,3.060000000000003,0.17737317085266113,"[0.000175792898517102, -0.007100368849933147, -0.009516393765807152, 0.5257247686386108, 0.40098240971565247, -0.6025227308273315, -2.529802083969116, 0.39488685131073, 2.8740925788879395, -1.819943904876709, -0.09306178987026215, 0.00036792128230445087]","[4.042824289316599e-13, -3.844501282536557e-15, 7.63322391406085e-12, -0.7490051984786987, 0.07073286175727844, 0.20335406064987183, 0.1559520661830902, 0.08127117156982422, -0.0062209260649979115, -0.7754945755004883, -0.2732061445713043, 0.03136036917567253]","[0.0, 0.0, 0.0, 0.30042449719092174, 0.004583541200009408, -0.0371548126262124, 0.005509952445919439, -0.032907257881780234, -0.04151678829877298, 0.29637173876046186, 0.0, 0.0]","[0.012327337637543678, 0.015784479677677155, 0.013607122004032135, 0.016583885997533798, 0.015853919088840485, 0.013297053053975105, 0.01432381384074688, 0.015526575967669487, 0.013054701499640942, 0.08778264373540878, 0.400409072637558, 0.013569887727499008, 0.028357628732919693, 0.012798786163330078, 0.013901300728321075, 0.015288565307855606, 0.012614758685231209, 0.014172106049954891, 0.014102395623922348, 0.012484726496040821, 0.01611107587814331, 0.1351444274187088, 0.03422977775335312, 0.012174500152468681, 0.012216474860906601, 0.012436284683644772, 0.012671345844864845, 0.012691096402704716, 0.012402830645442009, 0.019186142832040787, 0.012191321700811386, 0.07269264757633209, 0.1052505299448967, 0.012375015765428543, 0.04311472922563553, 0.012321481481194496, 0.01243490818887949, 0.2423551231622696, 0.040965110063552856, 0.03118642047047615, 0.012338930740952492, 0.012658478692173958, 0.01213484350591898, 0.01301666721701622, 0.012513425201177597, 0.012430118396878242, 0.0608321949839592, 0.013015840202569962, 0.013125634752213955, 0.012898361310362816, 0.012723494321107864, 0.013018551282584667, 0.07320736348628998, 0.018196921795606613, 0.012706080451607704, 0.012422377243638039, 0.012868916615843773, 0.012460646219551563, 0.013498744927346706, 0.01374766230583191, 0.01225689984858036, 0.03897297382354736, 0.012703420594334602, 0.012279555201530457, 0.012488966807723045, 0.023839477449655533, 0.013119921088218689, 0.012408588081598282, 0.0275680311024189, 0.012395424768328667, 0.012043217197060585, 0.012442341074347496, 0.022409040480852127, 0.012423200532793999, 0.012392791919410229, 0.01956254430115223, 0.012668808922171593, 0.012408197857439518, 0.012533157132565975, 0.01250455155968666, 0.01261388324201107, 0.012310350313782692, 0.012438435107469559, 0.02093847282230854, 0.012643523514270782, 0.012984387576580048, 0.012604654766619205, 0.07871145755052567, 0.012661758810281754, 0.012971701100468636, 0.10533790290355682, 0.0130455382168293, 0.012158460915088654, 0.01306668110191822, 0.012051094323396683, 0.0129181407392025, 0.012615939602255821, 0.023546887561678886, 0.013017261400818825, 0.01256021298468113, 0.012804689817130566, 0.03234821557998657, 0.012298520654439926, 0.01246484462171793, 0.01256607100367546, 0.012225985527038574, 0.01257256418466568, 0.012423405423760414, 0.012752888724207878, 0.013218332082033157, 0.012247735634446144, 0.012641232460737228, 0.012348180636763573, 0.07319733500480652, 0.012380559928715229, 0.012190693989396095, 0.01249880064278841, 0.012680583633482456, 0.0163051076233387, 0.09958267211914062, 0.012135909870266914, 0.032712191343307495, 0.012970135547220707, 0.038248211145401, 0.012886852957308292, 0.013984649442136288, 0.012401385232806206, 0.01227521151304245]",0.0004331123491283506,True,"[0.04999999329447746, 0.04999999329447746, 0.04999999329447746, 0.04999999329447746, 0.04999999329447746, 0.04999999329447746, 0.04999999329447746, 0.04999999329447746, 0.04999999329447746, 0.04999999329447746, 0.04999999329447746, 0.04999999329447746, 0.04999999329447746, 0.04999999329447746, 0.04999999329447746, 0.04999999329447746, 0.04999999329447746, 0.04999999329447746, 0.04999999329447746, 0.04999999329447746]"
70,3.1050000000000035,0.17925286293029785,"[0.000175792898517102, -0.007100368849933147, -0.009516393765807152, 0.5236936807632446, 0.4021567404270172, -0.6102937459945679, -2.5284054279327393, 0.3952261805534363, 2.8725485801696777, -1.8353955745697021, -0.09984467178583145, -0.0008368610288016498]","[1.2009327993861563e-14, -1.1908066952022765e-16, 2.2666664010149995e-13, 0.08193773776292801, 0.008218545466661453, -0.16736912727355957, 0.012806453742086887, -0.0007968299323692918, -0.032969649881124496, -0.12828437983989716, -0.029138050973415375, 0.024300074204802513]","[0.0, 0.0, 0.0, 0.3285450111760475, -0.6936449897137908, -0.28877578625898426, -1.2839896379015654, -0.10153961819550364, 0.691215551329882, -0.056628228237129145, 0.0, 0.0]","[0.011998465284705162, 0.05789707601070404, 0.015639344230294228, 0.013018764555454254, 0.012576714158058167, 0.01349516212940216, 0.01475850772112608, 0.01260799914598465, 0.03797931969165802, 0.012879300862550735, 0.014505960047245026, 0.012787846848368645, 0.013676632195711136, 0.36689746379852295, 0.012819231487810612, 0.012726590037345886, 0.013226894661784172, 0.01537023764103651, 0.04515429586172104, 0.012631222605705261, 0.012179051525890827, 0.019088787958025932, 0.012496067211031914, 0.012771151959896088, 0.012627210468053818, 0.012941131368279457, 0.012175159528851509, 0.012462075799703598, 0.012254253029823303, 0.03458864986896515, 0.10282477736473083, 0.024049334228038788, 0.013409920036792755, 0.01723376102745533, 0.013111183419823647, 0.01253105141222477, 0.012545527890324593, 0.012674607336521149, 0.01981620118021965, 0.017365921288728714, 1.1625839471817017, 0.04978949576616287, 0.01236872747540474, 0.02676553651690483, 0.012389177456498146, 0.017341166734695435, 0.02115919068455696, 0.013238690793514252, 1.4332412481307983, 0.01888221688568592, 0.012371363118290901, 0.03665566444396973, 0.012384448200464249, 0.012774484232068062, 0.01264692097902298, 0.024775028228759766, 0.012581268325448036, 0.14468100666999817, 0.012362945824861526, 0.011682318523526192, 0.012382609769701958, 0.03422342985868454, 0.012204686179757118, 0.030303098261356354, 0.0403950996696949, 0.027550091966986656, 0.12801359593868256, 0.011868197470903397, 0.11273548752069473, 0.19913172721862793, 0.06407737731933594, 0.012492779642343521, 0.11220384389162064, 0.012121785432100296, 0.012490032240748405, 0.3017210066318512, 0.060205504298210144, 0.01199985109269619, 0.13256819546222687, 0.01286680530756712, 0.057178810238838196, 0.012373528443276882, 0.012872910127043724, 25.53139305114746, 0.12596893310546875, 0.01216903980821371, 0.020909249782562256, 0.09755292534828186, 0.011949466541409492, 0.1548619568347931, 0.10054899007081985, 0.012305604293942451, 0.013043783605098724, 0.012340787798166275, 0.012750194407999516, 0.01647493988275528, 0.020643718540668488, 0.040537018328905106, 0.013694931752979755, 0.012800264172255993, 0.012080850079655647, 0.013135559856891632, 0.017474258318543434, 0.012319291010499, 0.0273476243019104, 0.012122198939323425, 0.012286432087421417, 0.04213923215866089, 0.01285148411989212, 0.012216951698064804, 0.012202991172671318, 0.077883780002594, 0.012185782194137573, 0.012357661500573158, 0.01273895800113678, 0.020348351448774338, 0.012420636601746082, 0.012542283162474632, 0.012203028425574303, 0.10640942305326462, 0.013099809177219868, 0.028640318661928177, 0.44246411323547363, 0.07195073366165161, 0.3118363320827484, 0.013035701587796211, 0.017382800579071045, 0.029680335894227028]",0.0004359352751635015,True,"[0.047337714582681656, 0.0476333387196064, 0.04793373495340347, 0.04821541905403137, 0.0485105998814106, 0.048792701214551926, 0.04907643795013428, 0.049346767365932465, 0.049633726477622986, 0.04990408197045326, 0.05017896741628647, 0.05043688789010048, 0.05070851743221283, 0.050981611013412476, 0.051237404346466064, 0.051500774919986725, 0.05176233500242233, 0.052012525498867035, 0.05227349326014519, 0.052522946149110794]"
71,3.150000000000004,0.17760777473449707,"[0.000175792898517102, -0.007100368849933147, -0.009516393765807152, 0.5360076427459717, 0.3795951306819916, -0.6217797994613647, -2.5695955753326416, 0.39178410172462463, 2.8908138275146484, -1.8383545875549316, -0.10331831127405167, -0.00867199432104826]","[3.567702244439521e-16, -1.6757290580871017e-18, 6.6605961468891445e-15, 0.30056047439575195, -0.6003719568252563, -0.2587163746356964, -1.127063512802124, -0.0850801020860672, 0.6111137270927429, -0.059695418924093246, -0.05010347440838814, -0.196277916431427]","[0.0, 0.0, 0.0, 0.4143208635857011, -0.6300488486030937, -0.31302195593163556, -1.1673144936549247, -0.12405863863349909, 0.6207753529606096, 0.05749733839559634, 0.0, 0.0]","[0.01185508631169796, 0.2405979037284851, 0.6300933361053467, 0.015253070741891861, 0.012425152584910393, 0.014711685478687286, 0.014722401276230812, 0.012061458081007004, 0.013872329145669937, 0.012906260788440704, 0.014531780034303665, 0.013156646862626076, 0.01296321116387844, 0.013962872326374054, 0.012859147042036057, 0.013265147805213928, 0.4926441013813019, 0.01321478933095932, 0.014720546081662178, 0.11483171582221985, 0.023969221860170364, 0.04397430270910263, 0.058804821223020554, 0.012261463329195976, 0.06575534492731094, 0.01424037478864193, 0.038245104253292084, 0.30729979276657104, 0.012288443744182587, 0.012413430958986282, 0.012329128570854664, 0.012449795380234718, 0.028102383017539978, 0.012861479073762894, 0.01207851804792881, 0.012365328148007393, 0.014849737286567688, 0.012481557205319405, 0.012740787118673325, 0.012491392903029919, 0.04636084660887718, 0.01225958950817585, 0.01191839948296547, 0.012864664196968079, 0.06861986219882965, 0.017433620989322662, 0.011769120581448078, 0.17409323155879974, 0.01302091870456934, 0.012498881667852402, 0.012748561799526215, 0.02691430225968361, 0.017006438225507736, 0.012397615239024162, 0.012240516021847725, 0.012620391324162483, 0.01820089854300022, 0.09551262110471725, 0.012219766154885292, 0.01243135891854763, 0.10457279533147812, 0.01218302920460701, 0.012552611529827118, 0.012373514473438263, 0.011957499198615551, 0.012339653447270393, 0.012485252693295479, 0.03741363435983658, 0.01226522121578455, 0.016887348145246506, 0.012834973633289337, 0.11028511822223663, 0.012527216225862503, 0.012412665411829948, 0.01264086551964283, 0.3091556131839752, 0.012277312576770782, 0.022829461842775345, 0.012207569554448128, 0.016024384647607803, 0.0416443794965744, 0.012390073388814926, 0.012414755299687386, 0.034804556518793106, 0.012546752579510212, 0.043302759528160095, 0.012697840109467506, 0.023510374128818512, 0.03450378030538559, 0.012343699112534523, 0.012465806677937508, 0.01232131477445364, 0.012158289551734924, 0.020577585324645042, 0.02846408635377884, 0.13639557361602783, 0.01257028803229332, 0.012160181999206543, 0.012321878224611282, 0.012436846271157265, 0.07388611137866974, 0.013582829385995865, 0.042092353105545044, 0.012417340651154518, 0.017326772212982178, 0.01304579246789217, 0.05979054421186447, 0.012324919924139977, 0.012069456279277802, 0.0121788140386343, 0.10635286569595337, 0.057414207607507706, 0.012388148345053196, 0.023355040699243546, 0.01847565546631813, 0.06500381231307983, 0.02654150314629078, 0.012605324387550354, 0.16339771449565887, 0.016399435698986053, 0.01237633265554905, 0.01293126679956913, 0.012606675736606121, 0.012572251260280609, 0.01248566061258316, 0.012037184089422226, 0.01233280636370182, 0.013374172151088715]",0.00043497304432094097,True,"[0.043549858033657074, 0.044243764132261276, 0.04491308331489563, 0.04556192830204964, 0.04620321840047836, 0.046873558312654495, 0.04762043431401253, 0.04835853725671768, 0.049069128930568695, 0.04976586252450943, 0.05047864839434624, 0.05114230513572693, 0.05181468278169632, 0.05247347429394722, 0.05311794951558113, 0.05375392362475395, 0.0543610081076622, 0.05497494712471962, 0.05556868761777878, 0.056155119091272354]"
72,3.1950000000000043,0.1785273551940918,"[0.000175792898517102, -0.007100368849933147, -0.009516393765807152, 0.5520544648170471, 0.35239461064338684, -0.6348127126693726, -2.6209182739257812, 0.3873467743396759, 2.918283700942993, -1.8364664316177368, -0.09984676539897919, -0.027439313009381294]","[1.1407022479175715e-17, 2.9010237378485058e-18, 5.752234493772946e-17, 0.37335464358329773, -0.6044193506240845, -0.2984018921852112, -1.1399701833724976, -0.10585015267133713, 0.6093441247940063, 0.051615528762340546, 0.07054205238819122, -0.3998430371284485]","[0.0, 0.0, 0.0, 0.2524887922655208, -0.1703535336123073, -0.11775976209131739, -0.3185455368189437, -0.05242246038876658, 0.15361945334836621, 0.14442405731002492, 0.0, 0.0]","[0.01491832360625267, 0.014247160404920578, 0.015999360010027885, 0.05015032738447189, 0.012340569868683815, 0.013796237297356129, 0.012033728882670403, 0.015426252968609333, 0.014364300295710564, 0.013636715710163116, 0.08176828920841217, 0.013090884312987328, 0.9959039688110352, 0.01682685688138008, 0.013544313609600067, 0.015593007206916809, 0.01570388674736023, 0.01263512298464775, 0.01352621242403984, 0.3102443814277649, 0.012939095497131348, 0.012190664187073708, 0.012275573797523975, 0.021453186869621277, 0.012856475077569485, 0.013107379898428917, 0.013699699193239212, 0.012432698160409927, 0.012861901894211769, 0.17691855132579803, 0.01342632807791233, 0.02648104541003704, 0.011783936992287636, 0.012946867384016514, 0.012239433825016022, 0.012102942913770676, 0.012256326153874397, 0.012111559510231018, 0.4239547550678253, 0.012146594934165478, 0.012775436043739319, 0.012677211314439774, 0.011824538931250572, 0.029292244464159012, 0.013184996321797371, 0.013223475776612759, 0.01285884715616703, 0.012432385236024857, 0.012370031327009201, 0.013055587187409401, 0.012451587244868279, 0.012124740518629551, 0.012619024142622948, 0.012277811765670776, 0.03332420065999031, 0.012144703418016434, 0.012776868417859077, 0.012608762830495834, 0.01992657035589218, 0.012432033196091652, 0.012536868453025818, 0.012703543528914452, 0.012133296579122543, 0.016180193051695824, 0.12240177392959595, 0.030426256358623505, 0.10845678299665451, 0.012532319873571396, 0.46643975377082825, 0.011794744059443474, 0.012194707989692688, 0.013253267854452133, 0.03891794756054878, 0.09976924955844879, 0.012419572100043297, 0.012952780351042747, 0.013616757467389107, 0.012369401752948761, 0.033445607870817184, 0.01710517518222332, 0.013111894950270653, 0.01564934477210045, 0.01310665626078844, 0.36204755306243896, 0.01251845620572567, 0.03931956738233566, 0.012439139187335968, 0.4191912114620209, 0.012927736155688763, 0.01945863850414753, 0.012663669884204865, 0.020191824063658714, 0.012092622928321362, 0.023050986230373383, 0.014410855248570442, 0.012599026784300804, 0.01256122998893261, 0.01994624361395836, 0.012288166210055351, 0.0978839322924614, 0.022114088758826256, 0.017357714474201202, 0.012460055761039257, 0.012063678354024887, 0.012727546505630016, 0.04170117527246475, 0.01238865777850151, 0.012261183001101017, 0.012774636037647724, 0.01738743670284748, 0.01239723339676857, 0.012976338155567646, 0.2541894316673279, 0.048204660415649414, 0.012279300019145012, 0.24026505649089813, 0.012342295609414577, 0.019369497895240784, 0.01287250965833664, 0.012539010494947433, 0.012676361948251724, 0.012928182259202003, 0.012672068551182747, 0.012120015919208527, 0.012462998740375042, 0.024375252425670624, 0.012818409129977226, 0.012896869331598282]",0.00043477636063471437,True,"[0.041799988597631454, 0.04270254448056221, 0.04358731582760811, 0.044484999030828476, 0.04535685107111931, 0.04622885584831238, 0.04709750413894653, 0.047959040850400925, 0.04881846159696579, 0.049678124487400055, 0.05052207410335541, 0.051355279982089996, 0.05218948423862457, 0.05302752926945686, 0.05383629351854324, 0.05466407164931297, 0.05546732246875763, 0.05628581345081329, 0.05706411600112915, 0.05787436664104462]"
73,3.2400000000000047,0.17782187461853027,"[0.000175792898517102, -0.007100368849933147, -0.009516393765807152, 0.5622475743293762, 0.3403703570365906, -0.6416043043136597, -2.6445822715759277, 0.38467004895210266, 2.929285764694214, -1.8304715156555176, -0.09439662843942642, -0.03904266655445099]","[-1.1322191798635951e-17, -5.74756811978335e-18, 2.1583860627873586e-16, 0.20612861216068268, -0.19316259026527405, -0.12032093107700348, -0.39035144448280334, -0.05313790217041969, 0.16033229231834412, 0.1385534554719925, 0.015204638242721558, -0.08226866275072098]","[0.0, 0.0, 0.0, 0.5868867372159032, -0.211395498385153, -0.19828940612023607, -0.39982050612639525, -0.09381113214556386, 0.15917271235970784, 0.4300411140722774, 0.0, 0.0]","[0.012558896094560623, 0.014546176418662071, 0.7297468781471252, 0.015666738152503967, 0.5756909251213074, 0.013541889376938343, 0.013164948672056198, 0.0124385766685009, 0.012542223557829857, 0.015165481716394424, 0.014482947066426277, 0.01201355829834938, 0.012578962370753288, 0.013556236401200294, 0.013217136263847351, 0.1624172329902649, 0.012933674268424511, 0.012427158653736115, 0.01307760551571846, 0.20556344091892242, 0.012612951919436455, 0.01908336952328682, 0.028559640049934387, 0.011992517858743668, 0.012311501428484917, 0.1391359269618988, 0.012289276346564293, 0.012363684363663197, 0.012624715454876423, 0.03070223703980446, 0.013013705611228943, 0.03364484757184982, 0.01257859356701374, 0.011614955961704254, 0.09115225821733475, 0.012597914785146713, 0.07793382555246353, 0.012337344698607922, 0.0576118640601635, 0.024180244654417038, 0.2107684314250946, 0.012810572981834412, 0.09375336021184921, 0.024694068357348442, 0.017529819160699844, 0.012423590756952763, 0.012181532569229603, 0.012041570618748665, 0.012266252189874649, 0.023588092997670174, 0.012738346122205257, 0.01423217449337244, 0.012999954633414745, 0.026652492582798004, 0.04895162582397461, 0.01248014997690916, 0.012466228567063808, 0.08055272698402405, 0.012756488285958767, 0.012490786612033844, 0.012201892212033272, 0.012531235814094543, 0.061616890132427216, 0.02445470169186592, 0.02230493724346161, 0.013038165867328644, 0.013797273859381676, 0.03213687986135483, 0.012228943407535553, 0.012113187462091446, 0.012087495997548103, 0.01237296313047409, 0.022028908133506775, 0.012275338172912598, 0.012319127097725868, 0.3062240779399872, 0.011971607804298401, 0.013211787678301334, 0.012484959326684475, 0.012246211990714073, 0.01257780846208334, 0.06137736141681671, 0.012745443731546402, 0.013781865127384663, 0.013001466169953346, 0.012303203344345093, 0.04204242676496506, 0.01360403187572956, 0.01255473867058754, 0.0223091933876276, 0.012297768145799637, 0.012718964368104935, 0.04892822727560997, 0.01228892058134079, 0.022672249004244804, 0.012066397815942764, 0.013454306870698929, 0.19093143939971924, 0.012105049565434456, 0.012917589396238327, 0.10575646162033081, 0.05577486380934715, 0.02057722583413124, 0.012425299733877182, 0.011909857392311096, 0.013192618265748024, 0.06808165460824966, 0.23059241473674774, 0.1017715260386467, 0.01206396147608757, 0.0821262076497078, 0.012331118807196617, 0.028775617480278015, 0.053885262459516525, 0.027786927297711372, 0.043482158333063126, 0.012728407979011536, 0.012835454195737839, 0.012577933259308338, 0.012109784409403801, 0.025456776842474937, 0.19918200373649597, 0.013290091417729855, 0.012246401980519295, 0.03242744132876396, 0.028586432337760925, 0.05770784616470337, 0.019678903743624687]",0.00043468395597301424,True,"[0.04950946196913719, 0.04954574257135391, 0.049588095396757126, 0.04964563250541687, 0.04969413951039314, 0.049742694944143295, 0.049794334918260574, 0.04984906688332558, 0.04990691319108009, 0.04994652420282364, 0.05001058802008629, 0.05007166787981987, 0.05012364685535431, 0.0501910001039505, 0.05024310573935509, 0.050310615450143814, 0.05035977438092232, 0.05043051391839981, 0.05049211531877518, 0.050544533878564835]"
74,3.285000000000005,0.1778864860534668,"[0.000175792898517102, -0.007100368849933147, -0.009516393765807152, 0.5824504494667053, 0.3320302665233612, -0.6519209742546082, -2.6621551513671875, 0.3816019892692566, 2.9360499382019043, -1.8126511573791504, -0.09171444922685623, -0.043389759957790375]","[-9.836016244396628e-18, -1.223284816988538e-17, 2.566492624823789e-16, 0.49716806411743164, -0.18546263873577118, -0.22571204602718353, -0.38611215353012085, -0.07164695113897324, 0.1497393250465393, 0.42260438203811646, 0.0996905043721199, -0.08753203600645065]","[0.0, 0.0, 0.0, 1.1699980454153214, -0.6346326040175205, -0.542084298002558, -1.1944013019025759, -0.23921760401664638, 0.5554510865797806, 0.7173678413068522, 0.0, 0.0]","[0.016870573163032532, 0.0492304228246212, 0.09101533144712448, 0.012454518117010593, 0.1355801671743393, 0.07874119281768799, 0.2330336570739746, 0.0800371766090393, 0.5249521136283875, 0.012046344578266144, 0.016377564519643784, 0.5057446360588074, 0.012686394155025482, 0.013081809505820274, 0.020389555022120476, 0.1350780725479126, 0.013425318524241447, 0.37386536598205566, 0.02211037464439869, 0.797144889831543, 0.01218252070248127, 0.012452898547053337, 0.022598080337047577, 0.012012124061584473, 0.012307988479733467, 0.012178272008895874, 0.012663506902754307, 0.01233036071062088, 0.012157069519162178, 0.012390762567520142, 0.016458917409181595, 0.07471124082803726, 0.012190578505396843, 0.016369186341762543, 0.012948687188327312, 0.012848882004618645, 0.08189037442207336, 0.01230411697179079, 0.012539075687527657, 0.012149440124630928, 0.024146797135472298, 0.012161253951489925, 0.013818122446537018, 0.03144819289445877, 0.012921558693051338, 0.012569451704621315, 0.013183815404772758, 0.012723283842206001, 0.012332063168287277, 0.012623636052012444, 0.013133954256772995, 0.015892045572400093, 0.01232888177037239, 0.012369690462946892, 0.011973060667514801, 0.01211794838309288, 0.040579214692115784, 0.01508321426808834, 0.016236670315265656, 0.034884147346019745, 0.012513568624854088, 0.01225307583808899, 0.016436250880360603, 0.012241994962096214, 0.05627576634287834, 0.02435285411775112, 0.04976766183972359, 0.25321102142333984, 0.01217556744813919, 0.08041322976350784, 0.013089952990412712, 0.046975426375865936, 0.015825362876057625, 0.15519528090953827, 0.012386966496706009, 0.02832520194351673, 0.012460106983780861, 0.05838838592171669, 0.012651382014155388, 0.012743212282657623, 0.08400005102157593, 0.012136969715356827, 0.028921661898493767, 0.012261499650776386, 0.022446803748607635, 0.01493292860686779, 0.012125479057431221, 0.013908583670854568, 0.01233496330678463, 0.012022607028484344, 0.013516087085008621, 0.012485922314226627, 0.07537877559661865, 0.025304611772298813, 0.014319013804197311, 0.21629975736141205, 0.01255702693015337, 0.013489694334566593, 0.012428753077983856, 0.012601546011865139, 0.012285731732845306, 0.01230771467089653, 0.021159758791327477, 0.1072688102722168, 0.012540197931230068, 0.08496852219104767, 0.025457968935370445, 0.012190088629722595, 0.020994044840335846, 0.013114819303154945, 0.012204724363982677, 0.8243325352668762, 0.012134995311498642, 0.042550064623355865, 0.02958524599671364, 0.24065572023391724, 0.012556128203868866, 0.02959064021706581, 0.012193707749247551, 0.020880546420812607, 0.012269159778952599, 0.01580072194337845, 1.3377636671066284, 0.019134217873215675, 0.012214791029691696, 0.011981414631009102, 0.05731387436389923, 0.022684400901198387]",0.00043322177953086793,True,"[0.04999999329447746, 0.04999999329447746, 0.04999999329447746, 0.04999999329447746, 0.04999999329447746, 0.04999999329447746, 0.04999999329447746, 0.04999999329447746, 0.04999999329447746, 0.04999999329447746, 0.04999999329447746, 0.04999999329447746, 0.04999999329447746, 0.04999999329447746, 0.04999999329447746, 0.04999999329447746, 0.04999999329447746, 0.04999999329447746, 0.04999999329447746, 0.04999999329447746]"
75,3.3300000000000054,0.17786335945129395,"[0.000175792898517102, -0.007100368849933147, -0.009516393765807152, 0.6266226172447205, 0.30965256690979004, -0.6757897138595581, -2.7055094242095947, 0.3726068139076233, 2.957720994949341, -1.782230019569397, -0.08666954189538956, -0.05278201028704643]","[5.247685504824692e-18, -4.863637126944897e-18, 4.570946066617643e-16, 1.0739450454711914, -0.5660382509231567, -0.5570611357688904, -1.0837587118148804, -0.21493445336818695, 0.5466712713241577, 0.7075167894363403, 0.2545362114906311, -0.3644493520259857]","[0.0, 0.0, 0.0, 0.08081578845256887, -0.4750505596715197, -0.3181067503978973, -0.8859395430241911, -0.13450254182057553, 0.523676405532135, -0.20292814334652404, 0.0, 0.0]","[0.019493771716952324, 0.04386662319302559, 0.34561777114868164, 0.013606754131615162, 0.2536972761154175, 0.014926360920071602, 0.3308163285255432, 0.0662699043750763, 0.015842633321881294, 0.37158581614494324, 0.04697053134441376, 0.7268607020378113, 0.0906882956624031, 0.013954746536910534, 0.013024309650063515, 0.03807078301906586, 0.10152018070220947, 0.9064391851425171, 0.013100487180054188, 0.2912886440753937, 0.012288173660635948, 0.15201127529144287, 0.011497706174850464, 0.012885786592960358, 0.2252262979745865, 0.013103783130645752, 0.012117276899516582, 0.01469627395272255, 0.06163004785776138, 0.01289433240890503, 0.012040307745337486, 0.01178395003080368, 0.013923092745244503, 0.11748050898313522, 0.03176701068878174, 0.013010470196604729, 0.07456916570663452, 0.012679100036621094, 0.02300560474395752, 0.012387312948703766, 5.204896450042725, 0.012025832198560238, 0.05830705910921097, 0.012337998487055302, 0.012222480028867722, 0.01179545372724533, 0.7653735876083374, 0.025115227326750755, 0.013144154101610184, 0.03511437401175499, 0.216059148311615, 0.08402173221111298, 0.016000207513570786, 0.3094177544116974, 0.012346921488642693, 0.1655222475528717, 0.3047325313091278, 0.18361429870128632, 0.08293037116527557, 0.012851706705987453, 0.061816103756427765, 0.029207075014710426, 0.06738313287496567, 0.01452128030359745, 0.02442423440515995, 0.3647276759147644, 0.012512611225247383, 0.013189256191253662, 0.012258704751729965, 0.12354506552219391, 0.1713704764842987, 0.012387865222990513, 0.012165331281721592, 0.26623788475990295, 0.011959508061408997, 0.05290898680686951, 0.05259866267442703, 0.016726801171898842, 0.541030764579773, 0.49936506152153015, 0.012574359774589539, 0.012526893056929111, 0.012434300035238266, 0.07449303567409515, 0.012056678533554077, 0.012361242435872555, 0.012360131368041039, 0.15777257084846497, 0.013162091374397278, 0.025761477649211884, 0.15040281414985657, 0.012115987949073315, 0.15923233330249786, 0.011972563341259956, 0.012065444141626358, 0.013484754599630833, 0.02468913234770298, 0.35042423009872437, 0.012311545200645924, 0.014045167714357376, 0.12350039184093475, 0.02722296118736267, 0.43484172224998474, 0.01251830905675888, 1.6557929515838623, 0.012123333290219307, 0.0359221026301384, 0.012358147650957108, 0.012265307828783989, 0.024934692308306694, 0.05317573621869087, 0.12024841457605362, 0.0595715194940567, 0.01277187280356884, 0.012612052261829376, 0.03479127213358879, 0.13790689408779144, 0.012314127758145332, 0.012390339747071266, 0.025709092617034912, 0.029308706521987915, 0.04753442481160164, 0.02419818565249443, 0.02191237360239029, 0.07178348302841187, 0.01248084381222725, 0.020163236185908318, 0.032278068363666534]",0.0004314051475375891,True,"[0.055862076580524445, 0.05491887032985687, 0.054614681750535965, 0.05361393839120865, 0.05281173810362816, 0.05241994187235832, 0.05185668542981148, 0.051155656576156616, 0.05039023235440254, 0.050077494233846664, 0.049590837210416794, 0.04874161258339882, 0.048273831605911255, 0.04812673479318619, 0.04769104719161987, 0.047006141394376755, 0.046257611364126205, 0.045869629830121994, 0.04577174410223961, 0.044949498027563095]"
76,3.3750000000000058,0.17784357070922852,"[0.000175792898517102, -0.007100368849933147, -0.009516393765807152, 0.6422651410102844, 0.2875543534755707, -0.6838818788528442, -2.7458064556121826, 0.3660465180873871, 2.9808685779571533, -1.7698136568069458, -0.08076741546392441, -0.06574539840221405]","[1.2094183747900054e-17, -5.7340573652482155e-18, 3.081103521461199e-16, 0.21345579624176025, -0.4682929217815399, -0.17960359156131744, -0.8631598949432373, -0.13438065350055695, 0.5122613310813904, 0.061121463775634766, 0.020145030692219734, -0.29533788561820984]","[0.0, 0.0, 0.0, -0.4868170527633454, -0.05080636343575185, 0.06673656491516332, -0.08417918360883163, 0.017873687147807415, 0.11345828832083536, -0.4462624954982107, 0.0, 0.0]","[0.012009486556053162, 0.012326771393418312, 0.01438903994858265, 0.013041926547884941, 0.013828788883984089, 0.015089914202690125, 0.07537802308797836, 0.015243521891534328, 0.1341884881258011, 0.136438250541687, 0.01732623018324375, 0.015341345220804214, 0.01495017297565937, 0.08774704486131668, 0.01488598994910717, 0.01227670069783926, 0.012979693710803986, 0.016384471207857132, 0.013272744603455067, 0.013765893876552582, 0.012242836877703667, 0.012579577974975109, 0.01228046789765358, 0.012417534366250038, 0.04563707113265991, 0.012564974837005138, 0.06430810689926147, 0.0406687892973423, 0.06842678785324097, 0.04540184885263443, 0.01251316163688898, 0.06626827269792557, 0.024925004690885544, 0.014005102217197418, 0.012703943997621536, 0.014770494773983955, 0.012594244442880154, 0.05106604844331741, 0.01233472116291523, 0.01719120889902115, 0.012348546646535397, 0.012290328741073608, 0.012095417827367783, 0.0886368602514267, 0.01205693744122982, 0.012237765826284885, 0.012740393169224262, 0.012747741304337978, 0.019956422969698906, 0.012632517144083977, 0.06880130618810654, 0.020389150828123093, 0.01274766493588686, 0.012217028066515923, 0.015242289751768112, 0.01326538436114788, 0.012801699340343475, 0.012952583841979504, 0.012281087227165699, 0.012399114668369293, 0.012127276510000229, 0.012571070343255997, 0.013044575229287148, 0.03182433545589447, 0.012813364155590534, 0.012729020789265633, 0.03712109103798866, 0.01242618914693594, 3.9149351119995117, 0.012744614854454994, 0.012693783268332481, 9.134147644042969, 0.012950029224157333, 0.012076407670974731, 0.012302851304411888, 0.012330040335655212, 0.012249959632754326, 0.013288164511322975, 0.012201150879263878, 0.012220259755849838, 0.012587176635861397, 0.012967669405043125, 0.01342264749109745, 0.0567985475063324, 0.012314332649111748, 0.012649218551814556, 0.012797586619853973, 0.045814041048288345, 0.013853635638952255, 0.015801023691892624, 0.013169005513191223, 0.012842043302953243, 0.03147662431001663, 0.02417326532304287, 0.012026853859424591, 0.012973407283425331, 0.01253786962479353, 0.013055847026407719, 0.012104729190468788, 0.042150940746068954, 0.012940138578414917, 0.014005042612552643, 0.012885862961411476, 0.011858776211738586, 0.02045910432934761, 0.012159736827015877, 0.012568716891109943, 0.012305911630392075, 0.012338501401245594, 0.012270845472812653, 0.01260699424892664, 0.012755488976836205, 0.012362081557512283, 0.01210317574441433, 0.014044967480003834, 0.0319158174097538, 0.059441059827804565, 0.012507762759923935, 0.012158632278442383, 0.012835124507546425, 0.012556642293930054, 0.012656377628445625, 0.012876296415925026, 0.02121879532933235, 0.012484140694141388, 0.01286457572132349, 0.04922040179371834, 0.012598231434822083]",0.00043296857620589435,True,"[0.047738879919052124, 0.04757888987660408, 0.048387181013822556, 0.04036736115813255, 0.041564956307411194, 0.04278763383626938, 0.04401671141386032, 0.04522033780813217, 0.04646254703402519, 0.047715578228235245, 0.049041297286748886, 0.05024411901831627, 0.051520466804504395, 0.05286793038249016, 0.05413156747817993, 0.05548295006155968, 0.056725937873125076, 0.05804634839296341, 0.05941562354564667, 0.0606837160885334]"
77,3.420000000000006,0.1785597801208496,"[0.000175792898517102, -0.007100368849933147, -0.009516393765807152, 0.6287506222724915, 0.28090155124664307, -0.6794331073760986, -2.7592222690582275, 0.3654281198978424, 2.9891786575317383, -1.7840912342071533, -0.0816308930516243, -0.07447602599859238]","[1.3352409832015689e-17, 1.0808926228546798e-17, 1.4678042037067658e-16, -0.3858721852302551, -0.0727744996547699, 0.10210561007261276, -0.16300080716609955, -0.004827165976166725, 0.1200810968875885, -0.4331130385398865, -0.1521347612142563, -0.028605934232473373]","[0.0, 0.0, 0.0, 0.3286922353089741, -0.6273023885323012, -0.5221539150416236, -1.1891694372572983, -0.2146790368953899, 0.6864058648423663, -0.0972654613253981, 0.0, 0.0]","[0.01209363341331482, 0.012774930335581303, 0.013589117676019669, 0.0127464160323143, 0.013652565889060497, 0.012772501446306705, 0.013135641813278198, 0.024915648624300957, 0.14910948276519775, 0.01324967760592699, 0.014034624211490154, 0.012391755357384682, 0.012645501643419266, 0.3897850513458252, 0.015268995426595211, 0.013320578262209892, 0.012781190685927868, 0.01569674350321293, 0.39421364665031433, 0.015234008431434631, 0.012496928684413433, 0.012189965695142746, 0.01983780786395073, 0.026919076219201088, 0.012258946895599365, 0.012220166623592377, 0.012213826179504395, 0.017756007611751556, 0.48147496581077576, 0.012216247618198395, 0.012448158115148544, 0.012502077035605907, 0.01683659851551056, 0.012149935588240623, 0.011991076171398163, 0.012614171952009201, 0.01234689075499773, 0.011637138202786446, 0.01935480162501335, 0.012798059731721878, 0.012886411510407925, 0.02187301591038704, 0.012851078063249588, 0.01785639487206936, 0.012490976601839066, 0.012166645377874374, 0.01236703060567379, 0.012212613597512245, 0.15374313294887543, 0.012893219478428364, 0.012012268416583538, 0.01579951122403145, 0.012651313096284866, 0.11806850880384445, 0.01263981219381094, 0.030086692422628403, 0.018708646297454834, 0.012357151135802269, 0.012079721316695213, 0.012427981942892075, 0.012343617156147957, 0.01237776130437851, 0.01229700818657875, 0.02506089396774769, 0.012980364263057709, 0.013332773000001907, 0.017185572534799576, 0.012205311097204685, 0.012012891471385956, 0.036025237292051315, 0.10698463767766953, 0.012645656242966652, 0.012125344946980476, 0.011705558747053146, 0.013015256263315678, 0.012301357463002205, 0.1120537668466568, 0.013011876493692398, 0.012376317754387856, 0.03403311222791672, 0.012631604447960854, 0.012870045378804207, 0.017856795340776443, 0.022915493696928024, 0.012162545695900917, 0.06238335371017456, 0.012615622952580452, 0.012463951483368874, 0.013294070959091187, 13.460528373718262, 0.012231196276843548, 0.012735778465867043, 0.01213955506682396, 0.012150576338171959, 0.05278151482343674, 0.012745266780257225, 0.012502315454185009, 0.03446384146809578, 0.012014186009764671, 0.012517191469669342, 0.020644988864660263, 0.012971106916666031, 0.09875403344631195, 0.039494261145591736, 0.01279375795274973, 0.012112188152968884, 0.013307318091392517, 0.012291384860873222, 0.013691199943423271, 0.012459054589271545, 0.012286295183002949, 0.012348040007054806, 0.012285598553717136, 0.02450682409107685, 0.012435050681233406, 0.012651294469833374, 0.01818407140672207, 0.019342757761478424, 0.012093445286154747, 0.03498081490397453, 0.012589313089847565, 0.01248671393841505, 0.038176313042640686, 0.012722096405923367, 0.06692018359899521, 0.013195337727665901, 0.08699541538953781, 0.01284775696694851]",0.00043624741374514997,True,"[0.05000000074505806, 0.05000000074505806, 0.05000000074505806, 0.05000000074505806, 0.05000000074505806, 0.05000000074505806, 0.05000000074505806, 0.05000000074505806, 0.05000000074505806, 0.05000000074505806, 0.05000000074505806, 0.05000000074505806, 0.05000000074505806, 0.05000000074505806, 0.05000000074505806, 0.05000000074505806, 0.05000000074505806, 0.05000000074505806, 0.05000000074505806, 0.05000000074505806]"
78,3.4650000000000065,0.1788325309753418,"[0.000175792898517102, -0.007100368849933147, -0.009516393765807152, 0.6383472681045532, 0.2602277994155884, -0.6994141340255737, -2.7991814613342285, 0.35718637704849243, 3.012296438217163, -1.7905833721160889, -0.09009450674057007, -0.08316043764352798]","[5.09263463490469e-18, -7.752323465957175e-18, 3.533261884804161e-16, 0.28271737694740295, -0.5436729192733765, -0.4961625039577484, -1.0500471591949463, -0.1959284096956253, 0.6607151627540588, -0.10211499780416489, -0.07599665969610214, -0.28839296102523804]","[0.0, 0.0, 0.0, 0.38888247387240193, -0.6101281492542614, -0.6230088497406341, -1.1734043797879838, -0.2418928314850983, 0.6852966910006805, -0.09555793663833892, 0.0, 0.0]","[0.011646362021565437, 0.013410239480435848, 0.01485790777951479, 0.012622463516891003, 0.013759754598140717, 0.014823835343122482, 0.015217569656670094, 0.026248831301927567, 0.012189527042210102, 0.01322137750685215, 0.014354957267642021, 0.012846831232309341, 0.013979865238070488, 0.013315253891050816, 0.014079180546104908, 5.863481521606445, 0.028675585985183716, 0.016899429261684418, 0.013149991631507874, 0.07817021757364273, 0.012471994385123253, 0.17537082731723785, 0.03877102956175804, 0.012470833957195282, 0.017375260591506958, 0.012347864918410778, 0.011921470984816551, 0.06613469123840332, 0.012501129880547523, 0.01253422163426876, 0.013090611435472965, 0.018077559769153595, 0.013021747581660748, 0.012490130960941315, 0.012417778372764587, 0.01252170279622078, 0.012406105175614357, 0.01217641681432724, 0.012650839984416962, 0.01322217844426632, 0.01245705783367157, 0.012392367236316204, 0.012628089636564255, 0.02130189538002014, 0.012326987460255623, 0.351060152053833, 0.012425470165908337, 0.01262332871556282, 0.012383408844470978, 0.012312943115830421, 0.017523135989904404, 0.012522651813924313, 0.012404296547174454, 0.06537353247404099, 0.06298504769802094, 0.03155886009335518, 0.012502927333116531, 0.012604326009750366, 0.012458071112632751, 0.012752598151564598, 0.012215830385684967, 0.012989398092031479, 0.07249163091182709, 0.07113820314407349, 0.012272756546735764, 0.017157427966594696, 0.03684467822313309, 0.27556824684143066, 0.021030064672231674, 0.01282300055027008, 0.014453764073550701, 0.012728685513138771, 0.012028166092932224, 0.02504049427807331, 0.03669283911585808, 0.012714154087007046, 0.026615602895617485, 0.012458227574825287, 0.01296623982489109, 0.013282286934554577, 0.012533068656921387, 0.02448674850165844, 0.013101767748594284, 0.012440702877938747, 0.012275386601686478, 0.01914280280470848, 0.012155186384916306, 0.012475647032260895, 0.19123174250125885, 0.012510877102613449, 0.2458600550889969, 0.013327379710972309, 0.059833355247974396, 0.012425699271261692, 0.026785584166646004, 0.013156606815755367, 0.012286894023418427, 0.012704713270068169, 0.03428326174616814, 0.013652795925736427, 0.012590576894581318, 0.012415507808327675, 0.07252658158540726, 0.023646339774131775, 0.013084441423416138, 0.044787533581256866, 0.013126484118402004, 0.012819493189454079, 0.02975485473871231, 0.055804215371608734, 0.013990243896842003, 0.025593196973204613, 0.012495039030909538, 0.0440664105117321, 0.07473918050527573, 0.012320024892687798, 0.012428274378180504, 0.01296952459961176, 0.012234272435307503, 0.012372132390737534, 0.012211624532938004, 0.01274615153670311, 0.01384328119456768, 0.015407087281346321, 0.013231253251433372, 0.012694649398326874, 0.011755025014281273, 0.19941513240337372]",0.0004431558772921562,True,"[0.04603590816259384, 0.045046404004096985, 0.04590403661131859, 0.0452972948551178, 0.04692096635699272, 0.04707874730229378, 0.047785114496946335, 0.04810995236039162, 0.04960683733224869, 0.048659227788448334, 0.050857674330472946, 0.050228361040353775, 0.051184650510549545, 0.05203196406364441, 0.05273212492465973, 0.05344823747873306, 0.05445585772395134, 0.054319754242897034, 0.0549902580678463, 0.055306658148765564]"
79,3.510000000000007,0.17791748046875,"[0.000175792898517102, -0.007100368849933147, -0.009516393765807152, 0.653337836265564, 0.23400555551052094, -0.7244818210601807, -2.8494062423706055, 0.34750130772590637, 3.042741537094116, -1.794684886932373, -0.09068874269723892, -0.10220157355070114]","[-1.1932964592152243e-17, -7.186833020713873e-18, 1.431258702499683e-16, 0.3570753335952759, -0.5874807834625244, -0.5906433463096619, -1.1289594173431396, -0.22437402606010437, 0.675748348236084, -0.09020839631557465, -0.018785260617733, -0.42056265473365784]","[0.0, 0.0, 0.0, -0.7161997739349353, -0.20945127368891273, -0.012819498202762514, -0.3774814831943158, -0.08579779393615727, 0.3267617671369767, -0.6717961460168778, 0.0, 0.0]","[0.01281961053609848, 0.0133278239518404, 0.013527007773518562, 0.014627788215875626, 0.015620920807123184, 0.013485647737979889, 0.017278142273426056, 0.01607147604227066, 0.013785155490040779, 0.014154383912682533, 0.016940779983997345, 0.01570458710193634, 0.015374267473816872, 0.014936050400137901, 0.013663479126989841, 0.014101036824285984, 0.018067598342895508, 0.01348608173429966, 0.013346412219107151, 0.013747374527156353, 0.017330482602119446, 0.01291155070066452, 0.0788840651512146, 0.013044511899352074, 0.013589929789304733, 0.012367820367217064, 0.05385245755314827, 0.01292677503079176, 0.012588772922754288, 0.030830364674329758, 0.030551277101039886, 0.012253988534212112, 0.013013990595936775, 0.039428114891052246, 0.015860315412282944, 0.012580083683133125, 0.01238823402673006, 0.012483428232371807, 0.03259040415287018, 0.022498780861496925, 0.012782406061887741, 0.014417687430977821, 0.013253865763545036, 0.014284254983067513, 0.01287597231566906, 0.012415089644491673, 0.012795401737093925, 0.012157407589256763, 0.013952053152024746, 0.012206146493554115, 0.012356490828096867, 0.012832008302211761, 0.013004684820771217, 0.013746251352131367, 0.01978234574198723, 0.01282940711826086, 0.01337815634906292, 0.012215714901685715, 0.012655390426516533, 0.012706665322184563, 0.01850883848965168, 0.0124649778008461, 0.012435788288712502, 0.012190327048301697, 0.012412842363119125, 0.013229882344603539, 0.012795345857739449, 0.01233197282999754, 0.012551240622997284, 0.012892244383692741, 0.013067208230495453, 0.012958125211298466, 0.013612804934382439, 0.012366227805614471, 0.012967141345143318, 0.012404472567141056, 0.012404006905853748, 0.013140765950083733, 0.014278458431363106, 0.012395131401717663, 0.04228082299232483, 0.058718543499708176, 0.013085931539535522, 0.012119552120566368, 0.08013379573822021, 0.013032697141170502, 0.04565896838903427, 0.012421350926160812, 0.012313086539506912, 0.013044220395386219, 0.012353669852018356, 0.012816784903407097, 0.06548061221837997, 0.05478895455598831, 0.013263052329421043, 0.017967665567994118, 0.04734773188829422, 0.012627601623535156, 0.012853177264332771, 0.012432840652763844, 0.024485956877470016, 0.012477700598537922, 0.013512488454580307, 0.012705115601420403, 0.012993945740163326, 0.012599388137459755, 0.012804821133613586, 0.012494312599301338, 0.013268296606838703, 0.012819030322134495, 0.012699857354164124, 0.012174645438790321, 0.012488067150115967, 0.012234142050147057, 0.01228793989866972, 0.013039828278124332, 0.013196500018239021, 0.013011585921049118, 0.01215309277176857, 0.0130821093916893, 0.0126442089676857, 0.021622294560074806, 0.012238679453730583, 0.012182649224996567, 0.012615684419870377, 0.048656150698661804, 0.012227684259414673, 0.012625548057258129]",0.00045235626748763025,True,"[0.04999999329447746, 0.04999999329447746, 0.04999999329447746, 0.04999999329447746, 0.04999999329447746, 0.04999999329447746, 0.04999999329447746, 0.04999999329447746, 0.04999999329447746, 0.04999999329447746, 0.04999999329447746, 0.04999999329447746, 0.04999999329447746, 0.04999999329447746, 0.04999999329447746, 0.04999999329447746, 0.04999999329447746, 0.04999999329447746, 0.04999999329447746, 0.04999999329447746]"
80,3.5550000000000073,0.1778576374053955,"[0.000175792898517102, -0.007100368849933147, -0.009516393765807152, 0.6316813230514526, 0.2206117808818817, -0.7251400351524353, -2.8749454021453857, 0.3430764079093933, 3.059635877609253, -1.816746473312378, -0.0935666412115097, -0.11556829512119293]","[-9.998873217757293e-18, 1.0445037069375533e-17, -9.351890923798737e-17, -0.6084505915641785, -0.22774067521095276, 0.016932431608438492, -0.44194459915161133, -0.08261282742023468, 0.31725403666496277, -0.6510447263717651, -0.20479629933834076, -0.17701713740825653]","[0.0, 0.0, 0.0, 0.265842779129185, -0.08613529993050853, -0.16985222052157323, -0.1785337405080766, -0.03481516267653851, 0.08395833795021408, 0.11807546156830831, 0.0, 0.0]","[0.012287046760320663, 0.016947505995631218, 0.01336197555065155, 0.013221191242337227, 0.013212963938713074, 0.014927666634321213, 0.013925492763519287, 0.013504168018698692, 0.014938576146960258, 0.01640978828072548, 0.013142027892172337, 0.013530895113945007, 0.01376713253557682, 0.013715805485844612, 0.012839913368225098, 0.016659367829561234, 0.013128365390002728, 0.017034217715263367, 0.017102496698498726, 0.013650942593812943, 0.04800408333539963, 0.05296388268470764, 0.012496748939156532, 0.02479814924299717, 0.012914881110191345, 0.013281064108014107, 0.013158014044165611, 0.012633021920919418, 0.012758348137140274, 0.031064409762620926, 0.013301998376846313, 0.013243310153484344, 0.013062411919236183, 0.012210868299007416, 0.012690717354416847, 0.01645246148109436, 0.015040958300232887, 0.012368020601570606, 0.05207250639796257, 0.014009999111294746, 0.013223540037870407, 0.012440633028745651, 0.012571446597576141, 0.01264781504869461, 0.012382898479700089, 0.053458359092473984, 0.0712776631116867, 0.012488887645304203, 0.012412851676344872, 0.012345329858362675, 0.0154266944155097, 0.012748409062623978, 0.01222393661737442, 0.012913914397358894, 0.013856491073966026, 0.06782364100217819, 0.013164455071091652, 0.013570325449109077, 0.012357586063444614, 0.012427987530827522, 0.012886270880699158, 0.01240009069442749, 0.012450624257326126, 0.012213239446282387, 0.012557631358504295, 0.0132072689011693, 0.013466451317071915, 0.023791508749127388, 0.01274527795612812, 0.01262231357395649, 0.012528564780950546, 0.019360117614269257, 0.0535147488117218, 0.03957654908299446, 0.013012992218136787, 0.013361373916268349, 0.012928146868944168, 0.012624728493392467, 0.0900779590010643, 0.013390401378273964, 0.014147631824016571, 0.012658881023526192, 0.012953899800777435, 0.012692568823695183, 0.013052264228463173, 0.012931637465953827, 0.013137317262589931, 0.012594872154295444, 0.03540850803256035, 0.012440894730389118, 0.01355321891605854, 0.012434039264917374, 0.013201048597693443, 0.012451584450900555, 0.012914781458675861, 0.012682948261499405, 0.015626557171344757, 0.013391770422458649, 0.013272522017359734, 0.06684412807226181, 0.012986589223146439, 0.01397035177797079, 0.014169946312904358, 0.014488247223198414, 0.012560250237584114, 0.08006066083908081, 0.013797085732221603, 0.013323713093996048, 0.012508472427725792, 0.01261773332953453, 0.012932231649756432, 0.01273130439221859, 0.013401921838521957, 0.01542169414460659, 0.013486300595104694, 0.012365993112325668, 0.013032982125878334, 0.01252527441829443, 0.013437177985906601, 0.013269761577248573, 0.012672126293182373, 0.012379026040434837, 0.012644009664654732, 0.01430351473391056, 0.15134617686271667, 0.012550091370940208, 0.01241517998278141, 0.01355803944170475]",0.00046158608165569603,True,"[0.04999999329447746, 0.04999999329447746, 0.04999999329447746, 0.04999999329447746, 0.04999999329447746, 0.04999999329447746, 0.04999999329447746, 0.04999999329447746, 0.04999999329447746, 0.04999999329447746, 0.04999999329447746, 0.04999999329447746, 0.04999999329447746, 0.04999999329447746, 0.04999999329447746, 0.04999999329447746, 0.04999999329447746, 0.04999999329447746, 0.04999999329447746, 0.04999999329447746]"
81,3.6000000000000076,0.17838287353515625,"[0.000175792898517102, -0.007100368849933147, -0.009516393765807152, 0.6326205730438232, 0.21576523780822754, -0.7365752458572388, -2.8860628604888916, 0.3416990041732788, 3.0640435218811035, -1.8266639709472656, -0.09660007804632187, -0.12157762050628662]","[-1.344883593038222e-17, 1.0655607364969556e-20, -3.612051235196531e-17, 0.12937135994434357, -0.08385754376649857, -0.23973284661769867, -0.1973835676908493, -0.03052239678800106, 0.08526722341775894, -0.005949507467448711, -0.04172389954328537, -0.02563854493200779]","[0.0, 0.0, 0.0, 2.1346042741438946, -0.27500745460920817, -0.9637760795776379, -0.6290709357776194, -0.07447123787541711, 0.1591834662680542, 1.200866537552609, 0.0, 0.0]","[0.012105407193303108, 0.013914884999394417, 0.013618064112961292, 0.015599011443555355, 0.169199138879776, 0.23306594789028168, 0.013564618304371834, 0.015030075795948505, 0.013503659516572952, 0.014026068150997162, 0.014182636514306068, 0.024390455335378647, 0.013191930949687958, 0.01490014512091875, 0.014757921919226646, 0.0131304319947958, 0.013404455035924911, 0.013326234184205532, 0.01715153083205223, 0.014070935547351837, 0.012488331645727158, 0.012546887621283531, 0.01459483988583088, 0.012469268403947353, 0.012213248759508133, 0.012440384365618229, 0.01253881398588419, 0.013471703976392746, 0.1631198674440384, 0.012398302555084229, 0.01255134679377079, 0.029694488272070885, 0.012486939318478107, 0.021847672760486603, 0.04981737211346626, 0.012418661266565323, 0.03490529954433441, 0.012407984584569931, 0.012991785071790218, 0.14183947443962097, 0.012502839788794518, 0.01229635439813137, 0.012286877259612083, 0.018583275377750397, 0.01410876214504242, 0.013105878606438637, 0.012491345405578613, 0.012148795649409294, 0.01225677877664566, 0.012403950095176697, 0.01249130629003048, 0.038122858852148056, 0.011924907565116882, 0.012584532611072063, 0.012388911098241806, 0.08885578066110611, 0.012456921860575676, 0.05147514492273331, 0.012376967817544937, 0.012723909690976143, 0.013218818232417107, 0.014046045020222664, 0.014282675459980965, 0.01227235421538353, 0.02360846847295761, 0.01251894235610962, 0.013185791671276093, 0.020270826295018196, 0.05179356038570404, 0.012296057306230068, 0.18375825881958008, 0.012683793902397156, 0.012562355026602745, 0.01227312907576561, 0.01864655688405037, 0.012167656794190407, 0.012548262253403664, 0.013174356892704964, 0.012953899800777435, 0.02737341821193695, 0.0329771526157856, 0.01224963366985321, 0.015156641602516174, 0.012803107500076294, 0.011968601495027542, 0.012151513248682022, 0.012314673513174057, 0.012194888666272163, 0.012436026707291603, 0.013044550083577633, 0.012393707409501076, 0.012676863931119442, 0.012114295735955238, 0.012533927336335182, 0.013414291664958, 0.012195057235658169, 0.012539291754364967, 0.01433972455561161, 0.012886514887213707, 0.03531822934746742, 0.012177996337413788, 0.013308003544807434, 0.012708322145044804, 0.19980843365192413, 0.014176316559314728, 0.0132211335003376, 0.013474594801664352, 0.012608088552951813, 0.013165013864636421, 0.279752254486084, 0.012453610077500343, 0.019719788804650307, 0.012787621468305588, 0.013069044798612595, 0.012125988490879536, 0.012707697227597237, 0.012548308819532394, 0.012475980445742607, 0.013157675974071026, 0.01253489125519991, 0.01244575809687376, 0.03931509703397751, 0.012161430902779102, 0.013420794159173965, 0.06288836896419525, 0.012240178883075714, 0.018746428191661835, 0.03282441198825836]",0.0004665314045269042,True,"[0.054787490516901016, 0.04771655052900314, 0.04771945998072624, 0.046625424176454544, 0.04711747169494629, 0.04593619704246521, 0.047484125941991806, 0.04778357967734337, 0.04792669788002968, 0.0483320876955986, 0.05011039599776268, 0.04962341487407684, 0.050778504461050034, 0.050902627408504486, 0.05095546692609787, 0.05225306376814842, 0.05285288020968437, 0.053160227835178375, 0.053423698991537094, 0.05451064556837082]"
82,3.645000000000008,0.17678189277648926,"[0.000175792898517102, -0.007100368849933147, -0.009516393765807152, 0.7037954330444336, 0.2064858376979828, -0.7838301062583923, -2.909008264541626, 0.3397834599018097, 3.070915937423706, -1.8077234029769897, -0.09061659872531891, -0.1269797831773758]","[-8.176637341694826e-18, -8.40870580937751e-20, 2.4543279925527824e-16, 1.8766779899597168, -0.23655135929584503, -1.0926131010055542, -0.5691981911659241, -0.048778191208839417, 0.15382350981235504, 0.6332737803459167, 0.29353466629981995, -0.12122398614883423]","[0.0, 0.0, 0.0, 2.0781263343779135, -0.23276919544409935, -0.9841180138567709, -0.5578486551612565, -0.015553212997776802, 0.1269465119009222, 1.0710029173590778, 0.0, 0.0]","[0.028301576152443886, 0.01931414008140564, 0.021870935335755348, 0.012570345774292946, 0.01283738948404789, 0.015463447198271751, 0.013107734732329845, 0.012524421326816082, 0.013427343219518661, 0.013870405033230782, 0.013951081782579422, 7.475802898406982, 0.013267284259200096, 0.013736054301261902, 0.015491481870412827, 0.0148512227460742, 0.012994933873414993, 0.01309162937104702, 0.012294361367821693, 0.013217948377132416, 0.014479709789156914, 0.035207588225603104, 0.01594097539782524, 0.012195808812975883, 0.012512920424342155, 6.3606648445129395, 0.01791425235569477, 0.01222938671708107, 0.01207122951745987, 0.5575200319290161, 0.03809620812535286, 0.023769866675138474, 0.021102871745824814, 0.981744647026062, 0.17918512225151062, 0.012639657594263554, 0.07340117543935776, 0.012741985730826855, 0.012641806155443192, 0.012182753533124924, 0.022792644798755646, 0.053949274122714996, 0.11047665774822235, 0.0499245822429657, 0.04914160445332527, 0.012931977398693562, 0.012378763407468796, 0.03158048540353775, 0.01828189380466938, 0.012735040858387947, 0.3745472729206085, 0.06646138429641724, 0.022421255707740784, 0.014851901680231094, 0.024912938475608826, 0.5795034170150757, 0.012584175914525986, 0.012643923982977867, 0.016254112124443054, 0.01226117741316557, 0.06096959486603737, 0.03448541462421417, 0.022663570940494537, 0.012799016200006008, 0.012310434132814407, 0.015995413064956665, 0.1129649206995964, 0.012495836243033409, 0.17782306671142578, 0.012409498915076256, 0.012979870662093163, 0.012161366641521454, 0.040609315037727356, 0.04468125104904175, 0.057016607373952866, 0.07903097569942474, 0.05883437395095825, 0.012960179708898067, 0.01291893981397152, 0.27293673157691956, 0.16890613734722137, 0.0594031922519207, 0.012359659187495708, 0.031010277569293976, 0.09300743788480759, 0.012298483401536942, 0.23299932479858398, 0.012800930999219418, 0.01308237761259079, 0.024326864629983902, 0.19026653468608856, 0.02573358453810215, 0.012481732293963432, 8.022680282592773, 0.01272665150463581, 0.03119979053735733, 0.012685626745223999, 0.04858608916401863, 0.012471981346607208, 0.012216753326356411, 0.01260052714496851, 0.012821920216083527, 0.17357777059078217, 0.0303963515907526, 0.14601729810237885, 0.09691256284713745, 0.018711024895310402, 49.39051055908203, 0.02925143763422966, 0.016822829842567444, 0.012535108253359795, 0.012834366410970688, 0.10460520535707474, 0.02041715197265148, 0.012095012702047825, 0.0369265154004097, 0.5256632566452026, 0.033816125243902206, 0.0145966662093997, 0.14027631282806396, 1.4707552194595337, 0.04545489698648453, 0.012721698731184006, 0.016006845980882645, 0.507326602935791, 0.11685089766979218, 0.22642743587493896, 0.05270447954535484]",0.000466122233774513,True,"[0.04999999329447746, 0.04999999329447746, 0.04999999329447746, 0.04999999329447746, 0.04999999329447746, 0.04999999329447746, 0.04999999329447746, 0.04999999329447746, 0.04999999329447746, 0.04999999329447746, 0.04999999329447746, 0.04999999329447746, 0.04999999329447746, 0.04999999329447746, 0.04999999329447746, 0.04999999329447746, 0.04999999329447746, 0.04999999329447746, 0.04999999329447746, 0.04999999329447746]"
83,3.6900000000000084,0.1776881217956543,"[0.000175792898517102, -0.007100368849933147, -0.009516393765807152, 0.7910338640213013, 0.19635280966758728, -0.8280082941055298, -2.9336800575256348, 0.3379577696323395, 3.0768747329711914, -1.7635300159454346, -0.07597154378890991, -0.13226677477359772]","[2.579137259219035e-19, -8.599999959728041e-18, 7.002928271230673e-17, 2.000183582305908, -0.21574722230434418, -0.9822219610214233, -0.5364400744438171, -0.02776493690907955, 0.11999691277742386, 1.0599241256713867, 0.3235832750797272, -0.12389731407165527]","[0.0, 0.0, 0.0, 0.18966055720399427, 0.03720198682777723, 0.0011745168866273137, 0.06632536459217378, 0.037275440685655734, -0.06882392239942611, 0.15700921116694183, 0.0, 0.0]","[0.49875515699386597, 0.013380926102399826, 0.014087874442338943, 0.013212859630584717, 0.012925724498927593, 0.012975234538316727, 0.01323668658733368, 0.040357232093811035, 0.012968547642230988, 0.01369095966219902, 0.7043543457984924, 0.013273058459162712, 0.013346570543944836, 0.32854944467544556, 0.013235678896307945, 0.013122642412781715, 0.013968737795948982, 0.013127556070685387, 0.013610314577817917, 0.03157491981983185, 0.030920885503292084, 0.36284834146499634, 0.014713892713189125, 0.021433144807815552, 0.07754366099834442, 0.012138359248638153, 0.012522809207439423, 0.012477859854698181, 0.015990788117051125, 0.06263215094804764, 0.1677357405424118, 0.0403459407389164, 0.013041704893112183, 0.7671864628791809, 0.01594853401184082, 0.03907139599323273, 0.030327456071972847, 0.012273101136088371, 0.012351484969258308, 0.012989223934710026, 0.08232660591602325, 0.013030573725700378, 0.22339990735054016, 0.04910154640674591, 0.1597972810268402, 0.05258244276046753, 0.14821770787239075, 0.058169566094875336, 0.012580754235386848, 0.1331769824028015, 0.06488469243049622, 0.01318800076842308, 0.01704692468047142, 0.012703081592917442, 0.012248710729181767, 0.01369434967637062, 0.017575737088918686, 0.26943695545196533, 0.056796152144670486, 0.24532639980316162, 0.012958245351910591, 0.08740098774433136, 0.01243877224624157, 0.012791763991117477, 0.013467282056808472, 0.22796551883220673, 0.012496018782258034, 0.023307498544454575, 0.01261444017291069, 0.035062819719314575, 0.013178203254938126, 0.44750696420669556, 0.2275427281856537, 0.012747518718242645, 9.70452880859375, 0.14148667454719543, 0.011650602333247662, 0.012455327436327934, 0.012782080098986626, 0.028802305459976196, 0.013587908819317818, 0.3339271545410156, 0.012127978727221489, 0.01286981999874115, 0.48613959550857544, 0.052250802516937256, 0.012381039559841156, 0.01311807706952095, 0.3025507628917694, 0.06316843628883362, 0.01291392557322979, 0.04010342061519623, 0.10236416757106781, 0.01329156942665577, 0.01244920864701271, 0.35377758741378784, 0.024545572698116302, 0.06236869841814041, 0.012318026274442673, 0.013944130390882492, 0.012150151655077934, 0.20476096868515015, 0.029552794992923737, 0.23723521828651428, 0.012624789029359818, 0.01208273321390152, 0.01906709372997284, 0.08084013313055038, 0.050516918301582336, 0.01311596017330885, 0.012265060096979141, 0.049570851027965546, 0.2899196445941925, 0.038441359996795654, 0.03202158212661743, 0.01311216689646244, 0.012795195914804935, 0.40090644359588623, 0.035262107849121094, 0.2828245460987091, 0.08230516314506531, 0.019899077713489532, 0.028191830962896347, 0.01286446861922741, 0.01290102768689394, 0.01273320708423853, 0.04735463485121727, 0.012727013789117336]",0.0004632131021935493,True,"[0.05180661007761955, 0.04891199991106987, 0.0483333058655262, 0.04793376103043556, 0.047314632683992386, 0.04800109565258026, 0.048365768045186996, 0.04833920672535896, 0.04886723682284355, 0.05023415386676788, 0.05021882429718971, 0.049500640481710434, 0.0510314516723156, 0.050736408680677414, 0.05088838189840317, 0.050972308963537216, 0.050972308963537216, 0.05113746225833893, 0.05153853818774223, 0.05489598587155342]"
84,3.7350000000000088,0.17849326133728027,"[0.000175792898517102, -0.007100368849933147, -0.009516393765807152, 0.8157705664634705, 0.19478987157344818, -0.8269895315170288, -2.938328981399536, 0.3377726078033447, 3.0745978355407715, -1.7353856563568115, -0.06637595593929291, -0.13297365605831146]","[-1.6536323135502736e-17, 7.859314315107233e-18, -8.797686199960864e-18, 0.32207322120666504, -0.0014164497843012214, 0.07950947433710098, -0.013242494314908981, 0.005509831011295319, -0.060108933597803116, 0.40923136472702026, 0.07386373728513718, 0.03347163647413254]","[0.0, 0.0, 0.0, 0.4309610329778031, -0.01787160452913188, -0.1603779150335787, -0.05380292158763754, 0.021736212439937896, -0.015066428411548548, 0.24458947348678825, 0.0, 0.0]","[0.012619849294424057, 0.01333434134721756, 0.014760175719857216, 0.4158693552017212, 0.012610625475645065, 0.05032544583082199, 0.04030798375606537, 0.07010799646377563, 0.013939527794718742, 0.01567469909787178, 0.013119081035256386, 0.013513553887605667, 0.013441895134747028, 0.01246836967766285, 0.011665569618344307, 0.01277969405055046, 0.013399744406342506, 0.04985181987285614, 0.10763968527317047, 0.015245182439684868, 1.3665213584899902, 0.06377816200256348, 0.05510326847434044, 0.012108800932765007, 0.01283249445259571, 0.12524308264255524, 0.07009855657815933, 1.1309082508087158, 0.012898222543299198, 0.05141427367925644, 0.012182255275547504, 0.03405310586094856, 0.03611082583665848, 0.012359533458948135, 0.18162235617637634, 0.01236714981496334, 0.012675585225224495, 0.012656258419156075, 0.01240631379187107, 0.012521855533123016, 0.012429079040884972, 0.030741730704903603, 0.023127522319555283, 0.014717248268425465, 0.012409767135977745, 0.012203799560666084, 0.013688517734408379, 0.012412077747285366, 0.013038800098001957, 0.014067079871892929, 0.11300887167453766, 0.013213454745709896, 0.012611006386578083, 0.012664313428103924, 3.9316413402557373, 0.17367836833000183, 0.012373240664601326, 0.0260628554970026, 0.012381426990032196, 0.012790555134415627, 0.047451019287109375, 0.04173041880130768, 0.027239583432674408, 0.29315412044525146, 0.012507950887084007, 0.012711621820926666, 0.04008352756500244, 0.012675438076257706, 0.01227650512009859, 0.012544725090265274, 0.01671329326927662, 0.014665951952338219, 0.879723310470581, 0.012412624433636665, 0.012417195364832878, 0.9972907304763794, 0.012485766783356667, 0.015372230671346188, 0.012346608564257622, 0.01270424947142601, 0.012392517179250717, 0.012775947339832783, 0.0585612952709198, 0.013110551983118057, 0.013180182315409184, 0.012000029906630516, 0.15198174118995667, 2.9728357791900635, 0.19245241582393646, 0.013092540204524994, 0.013182553462684155, 2.9492650032043457, 0.012504853308200836, 0.012464359402656555, 0.014138705097138882, 0.012242231518030167, 0.027280576527118683, 0.01236623153090477, 0.027356423437595367, 0.02410166710615158, 0.023695673793554306, 0.012556453235447407, 0.012683220207691193, 0.013079456984996796, 0.1417752057313919, 0.012728018686175346, 0.01271441113203764, 17.423858642578125, 0.01269119419157505, 0.055411506444215775, 0.01234543975442648, 0.702788233757019, 0.021358860656619072, 0.012987535446882248, 1.0668684244155884, 2.9764022827148438, 0.011451035737991333, 0.012656399980187416, 0.012568769976496696, 0.01261059008538723, 0.14846459031105042, 0.012712705880403519, 0.0124644935131073, 0.013293643482029438, 0.07647955417633057, 0.012095588259398937, 0.05111977458000183, 0.012480232864618301]",0.00046031325473450124,True,"[0.07244565337896347, 0.033768586814403534, 0.03612904250621796, 0.03771068900823593, 0.03989125043153763, 0.03987664356827736, 0.04220304638147354, 0.04484272748231888, 0.045321498066186905, 0.04653523489832878, 0.04828278347849846, 0.050884854048490524, 0.05171141400933266, 0.05384032800793648, 0.054955873638391495, 0.05786103755235672, 0.058435991406440735, 0.05897703766822815, 0.06311498582363129, 0.0632113665342331]"
85,3.780000000000009,0.1781759262084961,"[0.000175792898517102, -0.007100368849933147, -0.009516393765807152, 0.8347079753875732, 0.19444982707500458, -0.8314235806465149, -2.9395434856414795, 0.33831706643104553, 3.073540210723877, -1.7242642641067505, -0.06343888491392136, -0.1320170909166336]","[4.316012542161822e-18, 5.797695264904064e-18, 1.6538065508745018e-16, 0.42099934816360474, -0.004788772668689489, -0.12136930972337723, -0.02716042660176754, 0.01288573257625103, -0.019412323832511902, 0.2387540340423584, 0.08240566402673721, 0.006440069992095232]","[0.0, 0.0, 0.0, 1.7818421834676983, -0.55513764593243, -1.5374061447475578, -1.2067589040348607, -0.20673788971239138, 0.6302822561493295, 0.37876255676665227, 0.0, 0.0]","[0.012004096060991287, 0.013548577204346657, 0.01491457037627697, 0.013402755372226238, 0.03334420919418335, 0.013499042019248009, 0.20316490530967712, 0.014052355661988258, 0.012325460091233253, 0.012628564611077309, 0.013803549110889435, 0.013135073706507683, 0.014734074473381042, 0.013244988396763802, 0.01413050852715969, 0.10874759405851364, 0.1406460851430893, 0.01512996107339859, 0.013369085267186165, 0.012853812426328659, 0.08642228692770004, 0.012300945818424225, 0.24643638730049133, 0.01217794232070446, 0.038826338946819305, 0.04407680779695511, 0.012184988707304, 0.012677562423050404, 0.012307081371545792, 0.012135294266045094, 0.017208611592650414, 0.10210828483104706, 0.012206354178488255, 0.07738366723060608, 0.021667355671525, 0.012730548158288002, 0.021622328087687492, 0.012400784529745579, 0.030604347586631775, 12.61320972442627, 0.012358938343822956, 3.31345534324646, 0.013393043540418148, 0.04305874928832054, 0.012505296617746353, 0.012311369180679321, 0.026118595153093338, 0.012349714525043964, 0.014948570169508457, 0.188264399766922, 0.13046707212924957, 0.012193274684250355, 0.012672243639826775, 0.23503704369068146, 0.012296851724386215, 0.012721344828605652, 0.012232965789735317, 0.020619064569473267, 0.2148657739162445, 0.01382290106266737, 0.015681970864534378, 0.6839578151702881, 0.015540681779384613, 0.01257736049592495, 0.0900336429476738, 0.012182477861642838, 0.014551384374499321, 0.01191273145377636, 0.35016146302223206, 0.0147799551486969, 0.08242928981781006, 0.025193840265274048, 0.34355226159095764, 0.03651828691363335, 0.03839002177119255, 0.06416349112987518, 0.012148565612733364, 0.03811737522482872, 0.866370439529419, 0.012077015824615955, 0.026547947898507118, 0.012732968665659428, 0.01228251401335001, 0.016031913459300995, 0.012204915285110474, 0.012857882305979729, 0.05916990339756012, 0.012825215235352516, 0.012293933890759945, 0.04074867442250252, 0.012072070501744747, 0.017327982932329178, 0.012977562844753265, 0.01290413923561573, 0.013925068080425262, 0.012452835217118263, 0.012420919723808765, 0.012672757729887962, 0.012656323611736298, 0.05084638297557831, 0.0129525326192379, 0.012328112497925758, 0.09179685264825821, 0.018321461975574493, 0.01261070929467678, 0.012530265375971794, 0.016778036952018738, 0.012556033208966255, 0.012556934729218483, 0.01832602545619011, 0.01279557403177023, 0.0551893375813961, 0.16106581687927246, 0.04895325377583504, 0.012288417667150497, 0.012100591324269772, 0.012432911433279514, 0.012962782755494118, 0.014108236879110336, 0.013070124201476574, 0.012751745991408825, 0.012756776064634323, 0.012287933379411697, 0.024333985522389412, 0.012267058715224266, 0.02864978276193142, 0.012774217873811722, 0.22461971640586853]",0.00045838087680749595,True,"[0.09188510477542877, 0.05301373824477196, 0.054227881133556366, 0.05555792897939682, 0.05684767663478851, 0.040689241141080856, 0.04149176552891731, 0.042279139161109924, 0.043028898537158966, 0.04379195347428322, 0.044527750462293625, 0.045295264571905136, 0.046011365950107574, 0.04674449935555458, 0.04741112142801285, 0.04774798825383186, 0.04885345697402954, 0.04952293261885643, 0.05021078884601593, 0.05086160823702812]"
86,3.8250000000000095,0.17786455154418945,"[0.000175792898517102, -0.007100368849933147, -0.009516393765807152, 0.9049524068832397, 0.17679284512996674, -0.8901935815811157, -2.977458953857422, 0.3295644521713257, 3.091506242752075, -1.7076563835144043, -0.06403637677431107, -0.13901208341121674]","[4.26872097218094e-18, -8.529539887970162e-18, 1.7833710927666837e-16, 1.7229009866714478, -0.4710427522659302, -1.4624937772750854, -1.0391467809677124, -0.19394277036190033, 0.5899060964584351, 0.37262505292892456, 0.05371827259659767, -0.21530158817768097]","[0.0, 0.0, 0.0, -2.6127913795073088, 0.1715821556160654, 1.247268920961342, 0.4965850367660394, -0.26633875849437094, -0.053443993532567374, -1.0676573142456558, 0.0, 0.0]","[0.019768603146076202, 0.014493981376290321, 0.015194477513432503, 0.013467554934322834, 0.013747205957770348, 0.012546710669994354, 0.013304147869348526, 0.013697383925318718, 0.01383080706000328, 0.02514611929655075, 0.015948347747325897, 0.012192992493510246, 0.3404473662376404, 0.013275422155857086, 0.013739541172981262, 0.014424284920096397, 0.01465454138815403, 0.013757378794252872, 0.015146041288971901, 0.012720196507871151, 0.021579677239060402, 0.013825945556163788, 0.30510812997817993, 0.013121208176016808, 0.01262757834047079, 1.008108139038086, 0.1860779970884323, 0.05881204083561897, 0.01597484201192856, 0.012836983427405357, 0.035387203097343445, 0.013351664878427982, 0.02191121317446232, 0.2684807777404785, 0.08074457943439484, 0.024176720529794693, 0.012392250820994377, 0.012965142726898193, 0.3437970280647278, 0.08142926543951035, 0.16439902782440186, 0.012247905135154724, 0.01335746981203556, 0.013036176562309265, 0.012555448338389397, 0.40358927845954895, 0.7231011390686035, 0.2844597101211548, 0.04780017212033272, 0.013207007199525833, 0.012559003196656704, 0.5987710952758789, 0.012830009683966637, 0.03293745964765549, 0.02081150747835636, 0.023292239755392075, 0.014190273359417915, 0.018494440242648125, 0.04609813541173935, 0.035887569189071655, 0.5012551546096802, 0.01898191124200821, 0.46566522121429443, 0.012610437348484993, 0.017102647572755814, 0.01229169126600027, 0.013132177293300629, 0.03896411880850792, 0.013013707473874092, 0.012127882800996304, 0.01269671879708767, 0.012319857254624367, 0.18732360005378723, 0.17426033318042755, 0.012649841606616974, 0.03311515972018242, 0.013387810438871384, 0.01326778531074524, 0.012680412270128727, 0.0552784688770771, 0.29838797450065613, 0.012515196576714516, 0.012075139209628105, 0.14590108394622803, 0.012792923487722874, 0.3495943546295166, 0.025921668857336044, 0.012685718014836311, 0.03649323806166649, 0.012291885912418365, 0.0135895274579525, 29.522798538208008, 0.012719165533781052, 0.01368117518723011, 0.012536383233964443, 0.11759692430496216, 0.012881104834377766, 0.04612745717167854, 0.33102095127105713, 0.012834138236939907, 0.0795634388923645, 0.014095930382609367, 0.27667438983917236, 0.012411899864673615, 0.013054503127932549, 0.03130180761218071, 0.012980073690414429, 0.5266950130462646, 0.023365482687950134, 0.06874657422304153, 0.01388199906796217, 0.017467577010393143, 0.028468800708651543, 0.27464887499809265, 0.01359205786138773, 0.01248600147664547, 0.023208610713481903, 0.012444578111171722, 0.29640454053878784, 0.012846246361732483, 0.013356088660657406, 0.01392098143696785, 0.19541847705841064, 0.014525611884891987, 0.02857382223010063, 0.012549877166748047, 0.08482874929904938, 0.06558112055063248]",0.00046598209883086383,True,"[0.04999999329447746, 0.04999999329447746, 0.04999999329447746, 0.04999999329447746, 0.04999999329447746, 0.04999999329447746, 0.04999999329447746, 0.04999999329447746, 0.04999999329447746, 0.04999999329447746, 0.04999999329447746, 0.04999999329447746, 0.04999999329447746, 0.04999999329447746, 0.04999999329447746, 0.04999999329447746, 0.04999999329447746, 0.04999999329447746, 0.04999999329447746, 0.04999999329447746]"
87,3.87000000000001,0.17772698402404785,"[0.000175792898517102, -0.007100368849933147, -0.009516393765807152, 0.8703441023826599, 0.1755252182483673, -0.8561870455741882, -2.9739506244659424, 0.3197540044784546, 3.1008872985839844, -1.7102044820785522, -0.05419536679983139, -0.14193114638328552]","[1.1835228239695428e-17, -9.028967553591916e-18, -3.6247395240486045e-17, -1.865855097770691, 0.06221917271614075, 1.4296780824661255, 0.3545783758163452, -0.2985582649707794, 0.026316551491618156, -0.2708328366279602, -0.03816596791148186, -0.0489342138171196]","[0.0, 0.0, 0.0, -1.8817918259111082, 0.05973380200956002, 0.7461028180232807, 0.21835964333495694, -0.20925735920660749, 0.05904796164095012, -0.9117103235189268, 0.0, 0.0]","[0.012116356752812862, 0.0695074051618576, 0.013210330158472061, 0.017642149701714516, 1.7626065015792847, 0.013199781998991966, 0.05716916546225548, 0.013932529836893082, 0.11514954268932343, 0.01361499447375536, 0.018588349223136902, 0.4295245110988617, 0.01616853103041649, 0.018908513709902763, 0.2775948643684387, 0.016422372311353683, 0.012818053364753723, 0.014386298134922981, 0.01390866469591856, 0.01482103206217289, 0.018093902617692947, 0.012447692453861237, 0.012184936553239822, 0.02877301163971424, 0.033041391521692276, 0.01216101087629795, 0.020273840054869652, 0.019862912595272064, 0.012654735706746578, 0.06994657218456268, 0.012714119628071785, 0.013200478628277779, 0.01640559732913971, 0.012686535716056824, 0.012699010781943798, 0.01277332566678524, 0.012818088755011559, 0.03217952698469162, 0.03237634524703026, 0.06790776550769806, 0.04788164794445038, 0.01224559172987938, 0.011965779587626457, 0.012536870315670967, 0.01271427609026432, 0.03499801829457283, 0.012750840745866299, 0.013150380924344063, 0.012920234352350235, 0.012180394493043423, 0.012403377331793308, 0.012737037613987923, 0.012903277762234211, 0.012400059029459953, 0.012573333457112312, 0.028005730360746384, 0.013277910649776459, 24.98899269104004, 0.024620190262794495, 0.013506429269909859, 0.021140770986676216, 0.013169677928090096, 0.08664604276418686, 0.015555955469608307, 0.012386504560709, 0.01341792568564415, 0.42760539054870605, 0.01247046422213316, 0.012488631531596184, 0.020003393292427063, 0.054519571363925934, 0.013353241607546806, 0.013625117018818855, 0.012615933082997799, 0.012985622510313988, 0.023494089022278786, 0.014676107093691826, 0.0416748970746994, 0.012158149853348732, 0.012933414429426193, 0.012663071043789387, 0.01208437979221344, 0.0122901052236557, 0.01260092481970787, 0.024694129824638367, 0.1849873960018158, 0.012692565098404884, 0.01330183632671833, 0.012324844487011433, 0.02544752135872841, 0.07848040759563446, 0.027032669633626938, 0.1225411593914032, 0.012054390273988247, 0.013043774291872978, 0.012737292796373367, 0.01421588845551014, 0.01765257865190506, 0.012570677325129509, 0.25921833515167236, 0.08728878200054169, 0.11182574927806854, 0.04318643733859062, 0.012429745867848396, 0.06583388149738312, 0.1306065320968628, 0.013255506753921509, 0.012375684455037117, 0.013005758635699749, 0.013358957134187222, 0.012644503265619278, 0.012791002169251442, 0.011687318794429302, 0.012879611924290657, 0.012602741830050945, 0.013119971379637718, 0.014186466112732887, 0.012245485559105873, 0.012295608408749104, 0.01799355261027813, 0.0458623468875885, 0.13936688005924225, 0.012393197044730186, 0.012967835180461407, 0.012514691799879074, 0.012494447641074657, 0.012514524161815643, 0.012557362206280231]",0.0004630389448720962,True,"[0.05434402823448181, 0.05521330237388611, 0.054043032228946686, 0.055280741304159164, 0.05538206174969673, 0.03905900940299034, 0.04072664678096771, 0.04226638004183769, 0.043068453669548035, 0.044430170208215714, 0.04635258764028549, 0.04677319899201393, 0.04723220691084862, 0.04896705597639084, 0.05181746929883957, 0.052639901638031006, 0.05336778983473778, 0.05435729771852493, 0.05721684917807579, 0.05746183171868324]"
88,3.9150000000000102,0.17879962921142578,"[0.000175792898517102, -0.007100368849933147, -0.009516393765807152, 0.791659414768219, 0.17753762006759644, -0.8158448338508606, -2.9629082679748535, 0.3091062307357788, 3.103512763977051, -1.7411514520645142, -0.06851768493652344, -0.13877668976783752]","[-5.822066797484443e-20, -8.239436066619239e-18, 1.2396316595154845e-16, -1.7718074321746826, 0.041396062821149826, 0.8039341568946838, 0.22469408810138702, -0.20827876031398773, 0.05431351065635681, -0.8845531344413757, -0.2931016683578491, 0.043268151581287384]","[0.0, 0.0, 0.0, 0.24484626741092277, -0.11943881306278868, -0.3021462963189708, -0.26047123996870497, -0.0445361877363499, 0.1543433279075244, -0.02588154752747405, 0.0, 0.0]","[0.012601528316736221, 0.014453854411840439, 0.013567335903644562, 0.05615587159991264, 0.015136612579226494, 0.01636701263487339, 0.012216558679938316, 0.013824301771819592, 0.014260741882026196, 0.01417156308889389, 0.012898115441203117, 0.013977202586829662, 0.013490994460880756, 0.01338844932615757, 0.016668949276208878, 0.018620897084474564, 0.013050150126218796, 0.016269035637378693, 0.012740174308419228, 0.015947449952363968, 0.012331454083323479, 0.013235003687441349, 0.012034257873892784, 0.012461964972317219, 0.012540612369775772, 0.013118986040353775, 0.012081220746040344, 0.01248343475162983, 0.01275651901960373, 0.012591535225510597, 0.013167331926524639, 0.012968841940164566, 0.012409527786076069, 0.012611444108188152, 0.012362724170088768, 0.018579550087451935, 0.012604476884007454, 0.012770729139447212, 0.01248036790639162, 0.019830022007226944, 0.013232395052909851, 0.012453139759600163, 0.013056159019470215, 0.01263764314353466, 0.012585248798131943, 0.012376933358609676, 0.013065241277217865, 0.523563027381897, 0.054150789976119995, 0.012305323034524918, 0.026123395189642906, 0.10950036346912384, 0.012567901983857155, 0.012766094878315926, 0.012731269933283329, 0.021200750023126602, 0.013017240911722183, 0.041079331189394, 0.012816525995731354, 0.014008577913045883, 0.04067929461598396, 0.01221461407840252, 0.012498227879405022, 0.012476088479161263, 0.01308188121765852, 0.022636784240603447, 0.03261801600456238, 0.013139700517058372, 0.012523508630692959, 0.012717129662632942, 0.013356966897845268, 0.01226512249559164, 0.012466796673834324, 0.012273456901311874, 0.0856078490614891, 0.012660827487707138, 0.012233411893248558, 0.012711308896541595, 0.012833448126912117, 0.01238123420625925, 0.05813710764050484, 0.1219886988401413, 0.012626135721802711, 0.056604571640491486, 0.01316955778747797, 0.012613855302333832, 0.012937020510435104, 0.05236088111996651, 0.012291783466935158, 0.014319946058094501, 0.012622357346117496, 0.012809624895453453, 0.0122321005910635, 0.01245618425309658, 0.012040629051625729, 0.01290977094322443, 0.012527985498309135, 0.013555995188653469, 0.01538151502609253, 0.012378387153148651, 0.012616191059350967, 0.013293011114001274, 0.012721682898700237, 0.012702102772891521, 0.015730515122413635, 0.01847141981124878, 0.012347990646958351, 0.012934812344610691, 0.01350739598274231, 0.013214806094765663, 0.03949175402522087, 0.01304289698600769, 0.012847457081079483, 0.01438098307698965, 0.012941737659275532, 0.012449176050722599, 0.012730695307254791, 0.013458260335028172, 0.013544772751629353, 0.013111226260662079, 0.013632072135806084, 0.03638196364045143, 0.01293017528951168, 0.031706128269433975, 0.012420923449099064, 0.013988880440592766, 0.012652233242988586, 0.01245308667421341]",0.0004645356675609946,True,"[0.04812345653772354, 0.04761217534542084, 0.04769652709364891, 0.047927066683769226, 0.0481322705745697, 0.04836195707321167, 0.0486491322517395, 0.04896191135048866, 0.04922259598970413, 0.04953300952911377, 0.049784574657678604, 0.05023326352238655, 0.05063343048095703, 0.05103366822004318, 0.051427651196718216, 0.05180570110678673, 0.05218971520662308, 0.05254128575325012, 0.052885547280311584, 0.05324505642056465]"
89,3.9600000000000106,0.1778879165649414,"[0.000175792898517102, -0.007100368849933147, -0.009516393765807152, 0.7825624942779541, 0.17470873892307281, -0.8298108577728271, -2.9678170680999756, 0.3071999251842499, 3.109984874725342, -1.7614742517471313, -0.07707201689481735, -0.14106076955795288]","[-6.56023088540546e-18, -8.148345283203675e-18, -1.0521525633437698e-16, 0.06362340599298477, -0.08974915742874146, -0.38386213779449463, -0.1809910088777542, -0.03679867088794708, 0.14892713725566864, -0.2360580563545227, -0.04144151508808136, -0.06623390316963196]","[0.0, 0.0, 0.0, 0.7949853899746511, -0.09872362740188133, -0.4740203942137533, -0.250703534545366, 0.05155778566499218, 0.08925213616145272, 0.2562348880810364, 0.0, 0.0]","[0.012310825288295746, 0.013236510567367077, 0.015963323414325714, 0.013286922127008438, 0.0129019133746624, 0.013759573921561241, 0.013545718044042587, 0.014405235648155212, 0.014062036760151386, 0.012429418042302132, 0.012741565704345703, 0.014247341081500053, 0.012917501851916313, 0.014069588854908943, 0.013975953683257103, 0.013655259273946285, 0.013328682631254196, 0.012831452302634716, 0.011802292428910732, 0.08839359879493713, 0.012615185230970383, 0.012350143864750862, 0.016245415434241295, 0.012436781078577042, 0.012261619791388512, 0.07529368996620178, 0.011951236054301262, 0.01250406913459301, 0.07872001081705093, 0.01233024150133133, 0.012902039103209972, 0.01251959428191185, 0.012459889054298401, 0.013545742258429527, 0.035866137593984604, 0.01253774855285883, 0.012700489722192287, 0.06601766496896744, 0.012277306988835335, 0.012916062958538532, 0.013151372782886028, 0.012607025913894176, 0.01293877698481083, 0.012523405253887177, 0.019021164625883102, 0.09258421510457993, 0.01322176307439804, 0.012427886947989464, 0.012594321742653847, 0.08740565180778503, 0.012357858009636402, 0.012765428051352501, 0.016308683902025223, 0.080434650182724, 0.013065415434539318, 0.013052796013653278, 0.013616301119327545, 0.013231556862592697, 0.017203439027071, 0.012308373115956783, 0.012597458437085152, 0.014474110677838326, 0.012297777459025383, 0.032900694757699966, 0.012524891644716263, 0.012458793818950653, 0.01425255462527275, 0.05161258578300476, 0.018446385860443115, 0.01278211921453476, 0.012290899641811848, 0.06569493561983109, 0.012833243235945702, 0.01262646447867155, 0.11515741795301437, 0.012281369417905807, 0.012553641572594643, 0.024342676624655724, 0.018641304224729538, 0.012540213763713837, 0.01249372772872448, 0.012964105233550072, 0.01565195992588997, 0.012368947267532349, 0.012396244332194328, 0.012575994245707989, 0.012551147490739822, 0.0130330054089427, 0.01287897303700447, 0.012613017112016678, 0.012191792018711567, 0.013210935518145561, 0.01742560788989067, 0.016703981906175613, 0.01267237775027752, 0.012710969895124435, 0.14086461067199707, 0.012403061613440514, 0.014312788844108582, 0.012733684852719307, 0.013585012406110764, 0.012488887645304203, 0.014198606833815575, 0.05771469324827194, 0.03407231345772743, 0.012884455733001232, 0.027068955823779106, 0.012484066188335419, 0.014369199983775616, 0.013775529339909554, 0.012442726641893387, 0.016490837559103966, 0.01480044610798359, 0.012607185170054436, 0.02583690546452999, 0.013205504044890404, 0.012603115290403366, 0.029534250497817993, 0.013258424587547779, 0.01249917596578598, 0.012772494927048683, 0.01306532509624958, 0.0131587078794837, 0.014363041147589684, 0.012294969521462917, 0.012153472751379013, 0.02081879787147045, 0.012286479584872723]",0.0004692031361628324,True,"[0.0365791916847229, 0.04391605406999588, 0.0455721952021122, 0.0464143306016922, 0.047306668013334274, 0.048039913177490234, 0.04870270565152168, 0.04927228391170502, 0.05002836138010025, 0.050616536289453506, 0.050934188067913055, 0.051481135189533234, 0.052189815789461136, 0.05255742371082306, 0.05306185781955719, 0.0536775104701519, 0.054272133857011795, 0.05445961281657219, 0.05517223849892616, 0.05574598163366318]"
90,4.0050000000000106,0.17761468887329102,"[0.000175792898517102, -0.007100368849933147, -0.009516393765807152, 0.8089293241500854, 0.17082548141479492, -0.8537397980690002, -2.97757887840271, 0.30918586254119873, 3.1141741275787354, -1.7552412748336792, -0.07525812834501266, -0.14484941959381104]","[2.5653203444596788e-18, 6.846219069618625e-18, -1.8015043476317242e-16, 0.6840289235115051, -0.08378221094608307, -0.5161525011062622, -0.2234041839838028, 0.047160662710666656, 0.08259400725364685, 0.24520555138587952, 0.06838391721248627, -0.05665445327758789]","[0.0, 0.0, 0.0, 0.16460635501451826, 0.2725020112693413, 0.4824156503961133, 0.5566225694361604, 0.20049136796254097, -0.4140252621726225, 0.4724018579266185, 0.0, 0.0]","[0.01280842162668705, 0.0129476273432374, 0.4565791189670563, 0.013235768303275108, 0.014259676449000835, 0.5492085814476013, 0.013404721394181252, 0.0133843794465065, 0.012515218928456306, 0.014442821964621544, 0.017446188256144524, 0.015969276428222656, 0.01508629322052002, 0.013216041959822178, 0.013203546404838562, 0.015374543145298958, 0.013436092995107174, 0.012969160452485085, 0.013348784297704697, 0.014367803931236267, 1.0404382944107056, 0.012159211561083794, 0.012418456375598907, 0.01226724497973919, 0.08225046098232269, 0.014707962051033974, 0.01261975709348917, 0.012860509566962719, 0.012263284996151924, 0.012433767318725586, 0.02024780958890915, 0.01210565771907568, 0.012458143755793571, 0.03353042155504227, 0.05769900977611542, 0.1296853870153427, 0.42412105202674866, 0.016992246732115746, 0.01216290146112442, 0.01790536940097809, 0.012313096784055233, 0.03700514882802963, 0.10088756680488586, 0.012877192348241806, 0.055647168308496475, 0.012662084773182869, 0.024053068831562996, 0.012785062193870544, 0.047209732234478, 0.01840822771191597, 0.021129459142684937, 0.012490829452872276, 0.012211207300424576, 0.01325763389468193, 0.012913413345813751, 0.012440754100680351, 0.012314723804593086, 0.012435706332325935, 0.012482704594731331, 0.036248013377189636, 0.012912163510918617, 0.012526407837867737, 0.021004095673561096, 0.012092198245227337, 0.013160903006792068, 0.013002635911107063, 0.012365506961941719, 0.0160758625715971, 0.01278676651418209, 0.04653700068593025, 0.012382976710796356, 0.04010660573840141, 0.02623445726931095, 0.012348422780632973, 0.018461214378476143, 0.012410812079906464, 0.1364244818687439, 0.012833932414650917, 0.0257713720202446, 0.012556055560708046, 0.012269865721464157, 7.433586120605469, 0.013331438414752483, 0.01232740469276905, 0.04725145176053047, 0.012456185184419155, 0.06511718034744263, 0.012895867228507996, 0.041892990469932556, 0.012441722676157951, 0.012122332118451595, 0.044456932693719864, 0.24591878056526184, 0.012223446741700172, 0.012556282803416252, 0.014144062995910645, 0.23860381543636322, 0.01260907668620348, 0.012428108602762222, 0.01234817411750555, 0.03704110532999039, 0.06819931417703629, 0.012124186381697655, 0.022295856848359108, 0.01235782727599144, 0.012780626304447651, 1.2823702096939087, 0.03053779900074005, 0.07127904146909714, 0.09017590433359146, 0.012373961508274078, 0.08461476117372513, 0.025910191237926483, 0.516089677810669, 0.017627613618969917, 0.014620320871472359, 0.36128944158554077, 0.012277400121092796, 0.07366682589054108, 0.01270710676908493, 0.012278523296117783, 0.14632193744182587, 0.016696175560355186, 0.012489750981330872, 0.013901209458708763, 0.03778691962361336, 0.07205765694379807, 0.03920791298151016]",0.00047144718701019883,True,"[0.04999999329447746, 0.04999999329447746, 0.04999999329447746, 0.04999999329447746, 0.04999999329447746, 0.04999999329447746, 0.04999999329447746, 0.04999999329447746, 0.04999999329447746, 0.04999999329447746, 0.04999999329447746, 0.04999999329447746, 0.04999999329447746, 0.04999999329447746, 0.04999999329447746, 0.04999999329447746, 0.04999999329447746, 0.04999999329447746, 0.04999999329447746, 0.04999999329447746]"
91,4.05000000000001,0.17928385734558105,"[0.000175792898517102, -0.007100368849933147, -0.009516393765807152, 0.8161083459854126, 0.17766337096691132, -0.8405296802520752, -2.963663339614868, 0.31786125898361206, 3.1014466285705566, -1.734507441520691, -0.06638927012681961, -0.14281006157398224]","[5.649749876445892e-18, 5.755194725031089e-18, -1.7811391609506686e-16, 0.12039562314748764, 0.2032560408115387, 0.3980291485786438, 0.44115543365478516, 0.1925373673439026, -0.39018240571022034, 0.4657343029975891, 0.12257260829210281, 0.2006833702325821]","[0.0, 0.0, 0.0, -0.7451005900887478, 0.5365551897268144, 1.197584385013203, 1.1296771808756871, 0.2704862234281009, -0.6978999902827759, 0.24331850931919727, 0.0, 0.0]","[0.012069720774888992, 0.01794765703380108, 0.013275595381855965, 0.013130249455571175, 0.012665515765547752, 0.024829918518662453, 0.012893791310489178, 0.06733597815036774, 0.012556944973766804, 0.013326771557331085, 0.013514596968889236, 0.07588449865579605, 0.013384860940277576, 0.01391196995973587, 0.013140778988599777, 0.013239213265478611, 0.013727439567446709, 0.12110971659421921, 0.595352292060852, 0.020402563735842705, 0.012147249653935432, 0.02490369975566864, 0.04044360667467117, 0.012462601065635681, 0.10417762398719788, 0.11951446533203125, 0.20942741632461548, 0.8258442878723145, 0.012475024908781052, 0.21375785768032074, 0.019715789705514908, 0.012267911806702614, 0.013340090401470661, 0.0466875359416008, 0.012475043535232544, 0.17430096864700317, 0.012746443040668964, 0.016141444444656372, 0.02064255066215992, 0.012194359675049782, 0.013421591371297836, 0.0124822948127985, 0.11712708324193954, 0.15819089114665985, 0.018130505457520485, 0.012166701257228851, 0.013775207102298737, 0.012751217931509018, 0.012210775166749954, 0.04170332849025726, 0.012825950980186462, 0.027113530784845352, 0.012655902653932571, 0.0677030086517334, 0.12618552148342133, 0.07367055863142014, 0.11910483986139297, 0.0758306011557579, 0.05632505565881729, 0.01649635098874569, 1.1966030597686768, 0.012686653062701225, 0.011897832155227661, 0.012188935652375221, 0.01317943911999464, 0.012333758175373077, 0.13608278334140778, 0.012119878083467484, 0.012434573844075203, 0.18703381717205048, 0.03108491376042366, 0.014095653779804707, 0.020575307309627533, 0.31736522912979126, 0.012098893523216248, 0.01358359307050705, 0.013080162927508354, 0.03777457773685455, 0.012054678052663803, 0.06299034506082535, 0.018188372254371643, 0.015543701127171516, 0.058148667216300964, 0.07948093116283417, 0.10627075284719467, 0.023213259875774384, 0.012735120952129364, 0.012327387928962708, 0.012028608471155167, 0.04758847504854202, 0.012846659868955612, 0.34367793798446655, 0.025779007002711296, 0.012620944529771805, 0.07238414138555527, 0.012377159669995308, 0.1202896311879158, 0.01687917672097683, 0.012342777103185654, 0.012385770678520203, 0.01410200446844101, 0.012450180947780609, 0.04005907475948334, 0.01211746595799923, 0.013881751336157322, 0.04563017562031746, 0.018887121230363846, 0.012378021143376827, 0.39261120557785034, 0.34217163920402527, 0.024627147242426872, 0.012051668018102646, 0.01791362091898918, 0.013098238967359066, 0.012094794772565365, 0.012196840718388557, 0.018069671466946602, 0.012581728398799896, 0.021923910826444626, 0.012075984850525856, 0.012436840683221817, 0.012322811409831047, 0.012711737304925919, 0.07704205811023712, 0.012732388451695442, 0.012838217429816723, 0.013674294576048851, 0.013998627662658691]",0.00046527007361873984,True,"[0.06791014969348907, 0.04970231652259827, 0.04911727458238602, 0.046483442187309265, 0.046452246606349945, 0.04552320018410683, 0.04646926000714302, 0.045986779034137726, 0.048904888331890106, 0.049033407121896744, 0.04894370213150978, 0.04848877340555191, 0.04949646070599556, 0.05025137588381767, 0.0510551854968071, 0.04891384392976761, 0.05098356306552887, 0.050694987177848816, 0.052246782928705215, 0.053342338651418686]"
92,4.095000000000009,0.17865443229675293,"[0.000175792898517102, -0.007100368849933147, -0.009516393765807152, 0.7858737111091614, 0.19579650461673737, -0.7888872623443604, -2.9219563007354736, 0.3279953896999359, 3.072652816772461, -1.7215757369995117, -0.05996180325746536, -0.12731148302555084]","[-2.4071061290821206e-18, -2.2249888755436176e-18, 3.424507221890343e-17, -0.7192724347114563, 0.4617666006088257, 1.174742341041565, 1.0339771509170532, 0.24953141808509827, -0.681502640247345, 0.25070643424987793, 0.055349692702293396, 0.4341641664505005]","[0.0, 0.0, 0.0, -1.4171625414087288, 0.5932361736848545, 1.2194930776865023, 1.2202708472251245, 0.30152819728273217, -0.6399687249906525, -0.41848416582228376, 0.0, 0.0]","[0.012449219822883606, 0.01221364177763462, 0.01411260012537241, 0.019878529012203217, 0.04373769834637642, 0.014976601116359234, 0.013605458661913872, 0.014320041052997112, 0.7746159434318542, 0.30456429719924927, 0.03042253851890564, 0.013006462715566158, 0.9559826254844666, 0.01343942154198885, 0.029964277520775795, 0.013332918286323547, 0.013882700353860855, 0.6566210985183716, 0.457134485244751, 0.01487787626683712, 0.01220623217523098, 0.012395131401717663, 0.013850441202521324, 0.012249909341335297, 0.15452568233013153, 0.45210906863212585, 0.013225113973021507, 0.014057894237339497, 0.01229546032845974, 0.015088211745023727, 0.04467403516173363, 0.012085149064660072, 0.012295037508010864, 0.07780921459197998, 0.0856480672955513, 0.01253887452185154, 0.09622350335121155, 0.6897296905517578, 0.06279522180557251, 0.057062432169914246, 0.012034926563501358, 0.01269564963877201, 0.01255732960999012, 0.012056838721036911, 0.01232367567718029, 0.060358285903930664, 0.01451182272285223, 0.02308732084929943, 3.6931262016296387, 0.012654842808842659, 0.012169972993433475, 0.049323637038469315, 0.012510562315583229, 0.016291745007038116, 0.027196748182177544, 0.012197090312838554, 0.07336806505918503, 0.01723952405154705, 0.018877843394875526, 0.07332199811935425, 0.01247316598892212, 0.23709356784820557, 0.06900162249803543, 0.01239683572202921, 0.03284747898578644, 0.03681332245469093, 0.10213309526443481, 5.605524063110352, 0.25036752223968506, 0.012573803775012493, 0.15873423218727112, 0.013247540220618248, 0.012163219973444939, 0.022886941209435463, 0.05921308696269989, 0.14078940451145172, 0.031816016882658005, 0.10445955395698547, 0.021965987980365753, 0.1227184534072876, 0.1603548228740692, 0.02812829613685608, 0.0556657612323761, 0.012440124526619911, 0.012945570051670074, 0.01678590103983879, 0.028033271431922913, 0.06368710100650787, 0.10132487118244171, 0.3074672222137451, 0.013313667848706245, 0.012012911960482597, 0.012321164831519127, 0.024864843115210533, 0.012360337190330029, 0.022904179990291595, 0.04892527312040329, 0.013062580488622189, 0.20531703531742096, 0.017186934128403664, 0.06745810806751251, 0.08424732834100723, 0.3846953511238098, 0.31745654344558716, 0.012252647429704666, 0.02197861671447754, 0.021831221878528595, 0.011932161636650562, 0.09246401488780975, 0.044347718358039856, 0.014439435675740242, 0.012812433764338493, 0.012457361444830894, 0.16195259988307953, 0.15287426114082336, 0.012368608266115189, 0.06061026453971863, 0.012292923405766487, 0.8176316618919373, 0.5618746280670166, 0.02300715632736683, 0.012264339253306389, 0.04995397478342056, 0.18577854335308075, 0.2185591757297516, 0.012170707806944847, 0.012287972494959831, 0.10262828320264816]",0.00045266651432029903,True,"[0.04999999329447746, 0.04999999329447746, 0.04999999329447746, 0.04999999329447746, 0.04999999329447746, 0.04999999329447746, 0.04999999329447746, 0.04999999329447746, 0.04999999329447746, 0.04999999329447746, 0.04999999329447746, 0.04999999329447746, 0.04999999329447746, 0.04999999329447746, 0.04999999329447746, 0.04999999329447746, 0.04999999329447746, 0.04999999329447746, 0.04999999329447746, 0.04999999329447746]"
93,4.140000000000008,0.17810487747192383,"[0.000175792898517102, -0.007100368849933147, -0.009516393765807152, 0.7260531187057495, 0.21942909061908722, -0.7254584431648254, -2.869767189025879, 0.33898353576660156, 3.0445001125335693, -1.7295476198196411, -0.06119152158498764, -0.10677613317966461]","[-9.440393128205378e-18, 4.717449910878707e-18, 5.68646437065212e-17, -1.3302420377731323, 0.5505331754684448, 1.2964881658554077, 1.185023546218872, 0.26961949467658997, -0.6282534599304199, -0.3901188373565674, -0.06784868240356445, 0.3950038552284241]","[0.0, 0.0, 0.0, -0.6404792918012268, 0.31498019810329675, 0.48589916188055005, 0.623767726222528, 0.15906959262508988, -0.31952574909169745, -0.2657051089635485, 0.0, 0.0]","[0.0216839537024498, 0.013934063725173473, 0.014375884085893631, 0.22752949595451355, 0.05058124288916588, 0.015117591246962547, 0.0522148534655571, 0.01234449353069067, 0.013287702575325966, 0.7447347640991211, 0.013451915234327316, 0.01729630120098591, 0.012971284799277782, 0.013222448527812958, 0.39252138137817383, 0.01247306726872921, 0.8629022836685181, 0.01356833428144455, 0.01268825400620699, 0.013393731787800789, 0.011900916695594788, 0.012125769630074501, 0.012164517305791378, 0.1067674458026886, 0.012467781081795692, 0.014155061915516853, 0.02090258151292801, 0.16729925572872162, 0.012503214180469513, 0.021882133558392525, 0.011993249878287315, 0.1912347972393036, 0.01217314600944519, 0.012547552585601807, 0.03329916298389435, 0.012055579572916031, 0.012961514294147491, 0.02541402354836464, 0.012418007478117943, 0.013123092241585255, 0.06674829125404358, 0.012640009634196758, 0.03860320895910263, 0.011953534558415413, 0.015048504807054996, 0.012353431433439255, 0.012832684442400932, 0.012562321498990059, 0.025221383199095726, 0.12516582012176514, 0.056621063500642776, 0.2713794410228729, 0.012601479887962341, 0.12270214408636093, 0.4160180687904358, 0.012233413755893707, 0.012185614556074142, 0.012734397314488888, 0.012105494737625122, 0.012413786724209785, 0.01289964746683836, 0.012617943808436394, 0.022251378744840622, 0.012747013010084629, 0.013817531056702137, 0.012559672817587852, 0.01195808220654726, 0.03002755716443062, 0.05300701782107353, 0.026953820139169693, 0.18048875033855438, 0.01293133944272995, 0.01237362902611494, 0.07923541963100433, 0.01229025423526764, 0.01249152421951294, 0.013645493425428867, 0.012330751866102219, 0.013694433495402336, 0.02042727917432785, 0.012511467561125755, 0.04833518713712692, 0.012062842026352882, 0.016625549644231796, 0.01674814149737358, 0.012205986306071281, 0.012503099627792835, 0.01243903674185276, 0.08528990298509598, 0.44941267371177673, 0.012674016878008842, 0.12631618976593018, 0.138022318482399, 0.012002335861325264, 0.07065971195697784, 0.04576368257403374, 0.012439064681529999, 0.012953533791005611, 0.01467975601553917, 0.01288585551083088, 0.012086544185876846, 0.04763486236333847, 0.03357035666704178, 0.47465646266937256, 0.01250153873115778, 0.012575793080031872, 0.012123633176088333, 0.040168292820453644, 0.06003275886178017, 0.013253306038677692, 0.015188327059149742, 0.012205377221107483, 0.021093877032399178, 0.013062319718301296, 0.14629843831062317, 0.012717234902083874, 0.012654346413910389, 0.01311087142676115, 0.012150594033300877, 0.012910058721899986, 0.06859268993139267, 0.012433525174856186, 0.12842997908592224, 0.407795250415802, 0.012313438579440117, 0.11336886882781982, 0.06986956298351288, 0.01303726714104414]",0.0004416163719724864,True,"[0.043041590601205826, 0.03635764867067337, 0.05389077216386795, 0.05470937490463257, 0.05537792295217514, 0.05603412538766861, 0.05674656480550766, 0.05241475999355316, 0.052880700677633286, 0.053341008722782135, 0.04742220789194107, 0.047645602375268936, 0.04790220037102699, 0.04821312054991722, 0.04842545837163925, 0.048659518361091614, 0.04893352463841438, 0.04910406097769737, 0.049353450536727905, 0.049546610563993454]"
94,4.185000000000007,0.17936038970947266,"[0.000175792898517102, -0.007100368849933147, -0.009516393765807152, 0.6935429573059082, 0.23559604585170746, -0.6975770592689514, -2.835261106491089, 0.346232533454895, 3.0286240577697754, -1.7417024374008179, -0.06580766290426254, -0.09256952255964279]","[2.92263755366421e-17, -1.864202884440345e-17, 7.688241453030446e-17, -0.6192147731781006, 0.316104918718338, 0.4989624619483948, 0.6732943058013916, 0.14416100084781647, -0.30879878997802734, -0.2601233720779419, -0.020439300686120987, 0.19971919059753418]","[0.0, 0.0, 0.0, -0.31415723776637683, 0.3399005998871278, 0.37483917228073155, 0.6545612781392198, 0.1496149085255672, -0.3686200833532035, -0.03410986479765171, 0.0, 0.0]","[0.028442535549402237, 0.012117903679609299, 0.013352320529520512, 0.013078562915325165, 0.014078638516366482, 0.04574839025735855, 0.012645801529288292, 0.07803620398044586, 0.10501261800527573, 0.012691633775830269, 0.014394717290997505, 0.012378918007016182, 0.014080287888646126, 0.01407861802726984, 0.012399534694850445, 0.21019692718982697, 0.039029281586408615, 0.03301646187901497, 0.012351267971098423, 0.12965643405914307, 0.023673152551054955, 0.012315057218074799, 0.0612582303583622, 0.012407761067152023, 0.04826820641756058, 0.11156153678894043, 0.012304307892918587, 0.06654217839241028, 0.22532576322555542, 0.012567573226988316, 0.012409305199980736, 0.21252527832984924, 0.012314233928918839, 0.0127850491553545, 0.019986268132925034, 0.09868428856134415, 0.32943952083587646, 0.0607665553689003, 0.11733968555927277, 0.017778305336833, 0.022331874817609787, 0.09804558753967285, 0.12427439540624619, 0.20609402656555176, 0.01296666543930769, 0.013052662834525108, 0.013702424243092537, 0.017387382686138153, 0.1472262740135193, 0.29649677872657776, 0.02392888441681862, 0.012138400226831436, 0.02692614309489727, 0.012621616013348103, 0.01197543554008007, 0.034960489720106125, 0.012219743803143501, 0.01252889446914196, 1.712235689163208, 0.04337766021490097, 0.012481257319450378, 0.032187964767217636, 0.024716313928365707, 0.012459415942430496, 0.012794671580195427, 0.012082819826900959, 0.012345399707555771, 0.012258419767022133, 0.09456945955753326, 0.0329301543533802, 0.012593368999660015, 0.014557130634784698, 0.07670557498931885, 0.012324090115725994, 0.2177339792251587, 0.012342870235443115, 0.012400280684232712, 0.012096468359231949, 0.2398374080657959, 0.08414459228515625, 0.030054360628128052, 0.01859351620078087, 0.012543709017336369, 0.012306474149227142, 0.01208152063190937, 0.012263970449566841, 0.17869700491428375, 0.012743458151817322, 0.01433885470032692, 0.12052242457866669, 0.2554645240306854, 0.012495677918195724, 0.012530596926808357, 0.05731641501188278, 0.012577701359987259, 0.03171239048242569, 0.012852470390498638, 0.20676812529563904, 0.06838107854127884, 0.012184228748083115, 0.012126296758651733, 0.01224786601960659, 0.0664367824792862, 0.07742313295602798, 0.012200378812849522, 0.16894683241844177, 0.06324698776006699, 0.04012736305594444, 0.4407227635383606, 0.03862274810671806, 0.055029578506946564, 0.01219976507127285, 0.012441799975931644, 0.012138020247220993, 0.012474644929170609, 0.012266037985682487, 0.012556333094835281, 0.012279796414077282, 0.01304197683930397, 0.2210868000984192, 0.061701275408267975, 0.012348242104053497, 0.012384789064526558, 0.02527943253517151, 0.01252835150808096, 0.037036411464214325, 0.06227319315075874, 0.060138601809740067]",0.0004361617029644549,True,"[0.04999999329447746, 0.04999999329447746, 0.04999999329447746, 0.04999999329447746, 0.04999999329447746, 0.04999999329447746, 0.04999999329447746, 0.04999999329447746, 0.04999999329447746, 0.04999999329447746, 0.04999999329447746, 0.04999999329447746, 0.04999999329447746, 0.04999999329447746, 0.04999999329447746, 0.04999999329447746, 0.04999999329447746, 0.04999999329447746, 0.04999999329447746, 0.04999999329447746]"
95,4.230000000000006,0.17878007888793945,"[0.000175792898517102, -0.007100368849933147, -0.009516393765807152, 0.6765936613082886, 0.2495594471693039, -0.6813667416572571, -2.806365489959717, 0.352670818567276, 3.0126843452453613, -1.7438923120498657, -0.064664326608181, -0.08470726013183594]","[7.055901806877728e-19, -2.2855163693011134e-18, 3.420591679742762e-17, -0.3237733542919159, 0.311453640460968, 0.3336487412452698, 0.6351997256278992, 0.13753952085971832, -0.35723361372947693, -0.038732122629880905, 0.02452107146382332, 0.20679424703121185]","[0.0, 0.0, 0.0, -0.2445939875278076, 0.4888470323221461, 0.432438774575549, 0.9265532503370099, 0.18745705135724638, -0.535951259142004, 0.08498127392855567, 0.0, 0.0]","[0.011921298690140247, 0.0449993871152401, 0.015422958880662918, 0.07719235867261887, 0.013242660090327263, 0.012727653607726097, 0.013169389218091965, 0.44224488735198975, 0.012655915692448616, 0.1449861377477646, 0.013702280819416046, 0.013010379858314991, 0.01278434507548809, 0.012354862876236439, 0.011986699886620045, 0.013210590928792953, 0.012770120054483414, 0.013232305645942688, 0.013337859883904457, 0.01303047500550747, 0.012371815741062164, 0.013475870713591576, 0.012172002345323563, 0.012745358049869537, 0.012463490478694439, 0.012245958670973778, 0.031927816569805145, 0.35102981328964233, 0.01260442566126585, 0.012598669156432152, 0.01895930990576744, 0.013106279075145721, 0.01222013309597969, 0.012540044263005257, 0.01210947334766388, 0.013031437993049622, 0.012293459847569466, 0.012435922399163246, 0.06126849353313446, 0.020213104784488678, 0.03057655319571495, 0.040662046521902084, 0.012943439185619354, 0.01820758357644081, 0.012198714539408684, 0.012338122352957726, 0.012857923284173012, 0.012878441251814365, 0.023654619231820107, 0.012478897348046303, 0.012054216116666794, 0.012871185317635536, 0.012140017002820969, 0.033961303532123566, 0.012198466807603836, 0.05824360251426697, 0.012414087541401386, 0.012040074914693832, 0.11260998994112015, 0.012231515720486641, 0.012311741709709167, 0.039425328373909, 0.012239674106240273, 0.3194333016872406, 0.12985539436340332, 0.12074128538370132, 0.012067899107933044, 0.04514119029045105, 0.012173059396445751, 0.012200385332107544, 0.012147768400609493, 0.012862714007496834, 0.09194415807723999, 0.020505119115114212, 0.021953575313091278, 0.012858914211392403, 0.031138554215431213, 0.012043830007314682, 1.03170645236969, 0.0696166604757309, 0.012343904003500938, 0.023721463978290558, 0.14721806347370148, 0.06373009085655212, 0.03587331622838974, 0.012540066614747047, 9.111123085021973, 0.012338591739535332, 0.012450726702809334, 0.012622958049178123, 0.03409920260310173, 0.012130002491176128, 0.012461617588996887, 0.012781623750925064, 0.059812020510435104, 0.012789785861968994, 0.012028492987155914, 0.02147890254855156, 0.17190119624137878, 0.012208838015794754, 0.23036552965641022, 0.05263005197048187, 0.014129642397165298, 0.012819820083677769, 0.012922927737236023, 0.07668948173522949, 0.030832361429929733, 0.023347167298197746, 0.013043912127614021, 0.012493276968598366, 0.013029538094997406, 0.012283813208341599, 0.015457069501280785, 0.012211579829454422, 0.01715022325515747, 0.01199110597372055, 0.012755341827869415, 0.01225234568119049, 0.012623768299818039, 0.09929287433624268, 0.015213973820209503, 0.012596726417541504, 0.02772485837340355, 0.012799090705811977, 0.01208890974521637, 0.011853793635964394, 0.2430683970451355, 0.012185978703200817]",0.00043198236380703747,True,"[0.04556695371866226, 0.04604502394795418, 0.046533796936273575, 0.04700480028986931, 0.04749215766787529, 0.04795529320836067, 0.04843476787209511, 0.04890410974621773, 0.049374986439943314, 0.049841269850730896, 0.050290465354919434, 0.050737518817186356, 0.051201045513153076, 0.05164042487740517, 0.05208040401339531, 0.05252091959118843, 0.05295546352863312, 0.053383830934762955, 0.053812384605407715, 0.05422450602054596]"
96,4.275000000000005,0.17941856384277344,"[0.000175792898517102, -0.007100368849933147, -0.009516393765807152, 0.6638058423995972, 0.2684270739555359, -0.6641175746917725, -2.7693605422973633, 0.3608216941356659, 2.9893040657043457, -1.740572452545166, -0.061531949788331985, -0.0739804282784462]","[2.0642945658944723e-18, -1.584832393281788e-17, -1.7440786901814348e-16, -0.2574385106563568, 0.4465632736682892, 0.3828659653663635, 0.8655308485031128, 0.17603617906570435, -0.5259146094322205, 0.07947259396314621, 0.041293978691101074, 0.31947454810142517]","[0.0, 0.0, 0.0, -0.0872967070449065, 0.5437210326064792, 0.3799525050275474, 1.0184376802941777, 0.16917807031038945, -0.6003067129032928, 0.226192716110955, 0.0, 0.0]","[0.04195169359445572, 0.013038336299359798, 0.012365352362394333, 0.013520934619009495, 0.05805287882685661, 0.20943109691143036, 0.012049974873661995, 0.01825273409485817, 0.013255806639790535, 0.6702494621276855, 0.014216954819858074, 0.49743878841400146, 0.37235674262046814, 0.013042885810136795, 0.01512020081281662, 0.012164016254246235, 0.014154473319649696, 0.01279471069574356, 0.6173852682113647, 0.10866224765777588, 0.012165303342044353, 0.012433232739567757, 25.91895866394043, 0.012450133450329304, 0.032555997371673584, 0.012163639068603516, 0.13369137048721313, 0.06610330939292908, 0.06324423849582672, 0.012174870818853378, 0.03722119331359863, 0.012252414599061012, 0.0334586575627327, 0.030048657208681107, 0.047207485884428024, 0.07623755931854248, 0.012570805847644806, 0.0409446656703949, 0.014133130200207233, 0.013175491243600845, 0.01224429439753294, 0.17191359400749207, 0.03707889840006828, 0.012493366375565529, 0.012427378445863724, 0.19850972294807434, 0.02230505272746086, 0.012644732370972633, 0.06129797175526619, 0.012280404567718506, 0.16156472265720367, 0.012317165732383728, 0.01213771291077137, 0.3085452914237976, 0.019609281793236732, 0.013238325715065002, 0.09752757102251053, 0.011506171897053719, 0.012017124332487583, 0.013090277090668678, 0.04485507309436798, 0.012718277052044868, 0.41451308131217957, 0.014670293778181076, 0.012038640677928925, 0.038281943649053574, 0.012250970117747784, 0.011845585890114307, 0.013720539398491383, 0.012011434882879257, 0.019649356603622437, 0.012076660990715027, 0.013114440254867077, 0.012725366279482841, 0.013470536097884178, 0.012283125892281532, 0.1929347664117813, 0.10284212231636047, 0.023006057366728783, 0.013057906180620193, 0.5745193958282471, 0.07169350236654282, 0.09275656938552856, 0.04355379566550255, 0.012144619598984718, 0.06290355324745178, 0.019037241116166115, 0.012240628711879253, 0.025848034769296646, 0.022604603320360184, 0.012435391545295715, 0.015274571254849434, 0.10434180498123169, 0.012639224529266357, 0.03140311688184738, 0.04327033460140228, 0.017278041690587997, 0.018603064119815826, 0.025582820177078247, 0.20471236109733582, 0.015229222364723682, 0.011954694986343384, 0.012545788660645485, 0.0724630355834961, 0.012908603996038437, 0.015093599446117878, 0.23636522889137268, 0.04922209680080414, 0.012524968013167381, 0.012004850432276726, 0.011920387856662273, 0.025642478838562965, 0.012437831610441208, 0.05287635698914528, 0.014491887763142586, 0.01286935992538929, 0.03048492595553398, 0.34401434659957886, 0.4317123293876648, 0.012599866837263107, 0.03722713515162468, 0.011857077479362488, 0.06430663913488388, 0.01223042979836464, 0.026808446273207664, 0.13415169715881348, 0.012317766435444355, 0.013311963528394699]",0.00042682213825173676,True,"[0.049862224608659744, 0.05002683773636818, 0.05057639256119728, 0.05038229376077652, 0.05001157522201538, 0.050459228456020355, 0.05043459311127663, 0.050161369144916534, 0.050109345465898514, 0.05056404694914818, 0.05006654933094978, 0.04930839687585831, 0.04958302155137062, 0.04958302155137062, 0.04982268065214157, 0.05002683773636818, 0.04964661970734596, 0.0499018095433712, 0.049956660717725754, 0.04951648786664009]"
97,4.320000000000004,0.17947697639465332,"[0.000175792898517102, -0.007100368849933147, -0.009516393765807152, 0.6576350331306458, 0.29080861806869507, -0.6489145755767822, -2.7265944480895996, 0.36837589740753174, 2.9628818035125732, -1.7308942079544067, -0.05781497061252594, -0.0596502348780632]","[-1.6767030425788676e-17, 9.678735295545183e-18, -1.0072056202655575e-16, -0.10340322554111481, 0.5106253027915955, 0.32851728796958923, 0.9729399085044861, 0.15837891399860382, -0.5893648862838745, 0.22025053203105927, 0.08839230984449387, 0.3480173945426941]","[0.0, 0.0, 0.0, -0.5539963826067045, 0.4193219546899439, 0.3290547294379866, 0.7835166241091491, 0.15350363070636752, -0.39677600771908833, -0.29067104341702305, 0.0, 0.0]","[0.03371984511613846, 0.19230297207832336, 0.1023518443107605, 0.017495660111308098, 1.1552478075027466, 0.01210370846092701, 0.015458235517144203, 0.012471778318285942, 0.3522763252258301, 0.013255118392407894, 0.012744379229843616, 0.012911630794405937, 0.0895773321390152, 1.5659971237182617, 0.01210428960621357, 0.7958457469940186, 0.013850049115717411, 0.24704216420650482, 0.4844450056552887, 0.01970926858484745, 0.1360710710287094, 0.1384529173374176, 0.01223925780504942, 0.012073978781700134, 73.86264038085938, 0.01705995947122574, 0.018320688977837563, 0.04207842797040939, 0.012705554254353046, 0.018781254068017006, 0.015928827226161957, 0.012325264513492584, 0.011925434693694115, 0.22355800867080688, 0.011888425797224045, 0.012827063910663128, 0.012666490860283375, 0.09774217754602432, 0.4157312512397766, 0.21135739982128143, 0.16612304747104645, 0.01235753484070301, 0.016322549432516098, 0.05319169908761978, 0.0622100867331028, 0.11377842724323273, 0.13749481737613678, 1.2853243350982666, 0.38470035791397095, 51.335472106933594, 0.22248005867004395, 0.09181366860866547, 0.07592494785785675, 0.2288140207529068, 0.0387730710208416, 0.019885696470737457, 0.01284002885222435, 0.19983039796352386, 1.1279056072235107, 0.0121135413646698, 0.019121509045362473, 0.06918516755104065, 0.022908104583621025, 0.01230873167514801, 0.02556808851659298, 0.017919862642884254, 0.017385590821504593, 0.037155359983444214, 0.03015781193971634, 0.05398906022310257, 0.09144925326108932, 0.012361573986709118, 0.0396263524889946, 0.01390957459807396, 0.12444144487380981, 0.15817415714263916, 0.046704210340976715, 0.3343210518360138, 0.012665482237935066, 0.01213131844997406, 0.02603568509221077, 0.012050163932144642, 0.03129347041249275, 0.013350237160921097, 0.3574199378490448, 0.012537358328700066, 0.05672210454940796, 0.06365721672773361, 0.011918557807803154, 0.03010977990925312, 0.03286944329738617, 0.11270179599523544, 0.013519968837499619, 0.23848529160022736, 0.038612544536590576, 0.011960452422499657, 3.9113895893096924, 0.4196629226207733, 0.012270383536815643, 0.012249482795596123, 0.012164605781435966, 0.0181912649422884, 0.014737561345100403, 0.040951043367385864, 0.1323578804731369, 0.031787268817424774, 0.14296093583106995, 0.05355276167392731, 0.3224281668663025, 0.13678546249866486, 0.017002250999212265, 0.011997564695775509, 0.30856356024742126, 0.11410093307495117, 0.012502415105700493, 0.012616397812962532, 0.012043272145092487, 0.01219288632273674, 0.02884240821003914, 0.6668295860290527, 0.1938103437423706, 0.012227103114128113, 0.06099940463900566, 0.2963921129703522, 0.012528963387012482, 0.025743242353200912, 0.15936097502708435, 0.2928028106689453]",0.0004212559142615646,True,"[0.04999999329447746, 0.04999999329447746, 0.04999999329447746, 0.04999999329447746, 0.04999999329447746, 0.04999999329447746, 0.04999999329447746, 0.04999999329447746, 0.04999999329447746, 0.04999999329447746, 0.04999999329447746, 0.04999999329447746, 0.04999999329447746, 0.04999999329447746, 0.04999999329447746, 0.04999999329447746, 0.04999999329447746, 0.04999999329447746, 0.04999999329447746, 0.04999999329447746]"
98,4.365000000000003,0.17946290969848633,"[0.000175792898517102, -0.007100368849933147, -0.009516393765807152, 0.6395676732063293, 0.30974453687667847, -0.630300760269165, -2.6892778873443604, 0.3744686245918274, 2.945004940032959, -1.7380778789520264, -0.05786880478262901, -0.044723719358444214]","[2.6570030583215862e-17, -8.48563727695891e-18, -1.6116355597575684e-16, -0.4465760588645935, 0.40251821279525757, 0.3814689517021179, 0.7954993844032288, 0.12956328690052032, -0.3846028447151184, -0.2777625024318695, -0.007823637686669827, 0.22623850405216217]","[0.0, 0.0, 0.0, 0.506810442145336, 0.01446912924532984, -0.06839823326936358, 0.024046278383728047, -0.046621944916225566, -0.07428754091374817, 0.48685123940314723, 0.0, 0.0]","[0.020680421963334084, 0.02063348889350891, 0.01345720887184143, 0.014615235850214958, 0.17578817903995514, 0.16064080595970154, 0.0528709702193737, 0.01350884884595871, 0.19808803498744965, 0.20533856749534607, 0.020468108355998993, 0.012258334085345268, 0.01433887891471386, 0.012636363506317139, 0.1590542495250702, 0.20839059352874756, 0.013373133726418018, 0.04509766772389412, 0.2392430156469345, 0.012572834268212318, 0.012045210227370262, 0.025444306433200836, 0.014584241434931755, 0.014484873972833157, 0.02231845259666443, 0.09181822836399078, 0.012596636079251766, 0.15279895067214966, 0.08772595226764679, 0.026571718975901604, 0.1809803992509842, 0.012941140681505203, 0.012279815971851349, 0.02280963771045208, 0.018266139551997185, 0.07122443616390228, 0.01192533690482378, 0.012600252404808998, 0.012802640907466412, 0.05884527415037155, 0.012467782944440842, 0.022999489679932594, 0.07667303085327148, 0.3349933922290802, 0.012846985831856728, 0.07441158592700958, 0.058966539800167084, 0.03676159307360649, 0.012338859960436821, 0.02716791443526745, 0.0188889317214489, 0.01421129610389471, 0.03164616972208023, 0.012442458420991898, 0.0661972239613533, 0.018906308338046074, 0.24461111426353455, 0.024785708636045456, 0.04923315346240997, 0.0310729518532753, 0.10637158900499344, 0.016070233657956123, 0.012311483733355999, 0.012131511233747005, 0.012096167542040348, 0.01722673326730728, 0.012239805422723293, 0.012134643271565437, 0.014958478510379791, 0.03620597720146179, 0.012785240076482296, 0.060536980628967285, 0.027521632611751556, 0.012387512251734734, 0.012599868699908257, 0.10183767974376678, 0.18671463429927826, 0.012568198144435883, 0.012206589803099632, 0.012443449348211288, 0.3842511475086212, 0.04722947999835014, 0.012378149665892124, 0.13260550796985626, 0.012815345078706741, 0.012159572914242744, 0.18418562412261963, 0.01875573769211769, 0.012261655181646347, 0.013503718189895153, 0.011968892067670822, 0.012002706527709961, 0.12763231992721558, 0.028499173000454903, 0.01602589711546898, 0.3480361998081207, 0.04798150062561035, 0.012938804924488068, 0.19264505803585052, 0.1863689422607422, 0.014749573543667793, 17.23103141784668, 0.07132856547832489, 0.012947194278240204, 0.012372074648737907, 0.013082519173622131, 0.06480610370635986, 0.018089409917593002, 0.012269020080566406, 0.012030104175209999, 0.01268862560391426, 0.0257667675614357, 0.0278321485966444, 0.05155637115240097, 0.06144247576594353, 0.012482279911637306, 0.09676454961299896, 0.10943513363599777, 0.2067311406135559, 0.012309243902564049, 0.012980764731764793, 0.012015122920274734, 0.06008308380842209, 0.012479091994464397, 0.02876158617436886, 0.012541772797703743, 0.012138666585087776, 0.20815271139144897]",0.0004181504773441702,True,"[0.04999999329447746, 0.04999999329447746, 0.04999999329447746, 0.04999999329447746, 0.04999999329447746, 0.04999999329447746, 0.04999999329447746, 0.04999999329447746, 0.04999999329447746, 0.04999999329447746, 0.04999999329447746, 0.04999999329447746, 0.04999999329447746, 0.04999999329447746, 0.04999999329447746, 0.04999999329447746, 0.04999999329447746, 0.04999999329447746, 0.04999999329447746, 0.04999999329447746]"
99,4.410000000000002,0.1794600486755371,"[0.000175792898517102, -0.007100368849933147, -0.009516393765807152, 0.6521947979927063, 0.31478235125541687, -0.6349610686302185, -2.6789989471435547, 0.3739815056324005, 2.9398300647735596, -1.7313039302825928, -0.05436086654663086, -0.04211971163749695]","[2.3080880189071235e-17, -1.7167890422438e-17, 3.6899899792214004e-16, 0.3842986226081848, 0.04020635038614273, -0.11952397227287292, 0.10178207606077194, -0.02127324789762497, -0.0795244500041008, 0.36364254355430603, 0.3059290647506714, -0.1378912627696991]","[0.0, 0.0, 0.0, -1.2241073092546282, 0.5524759428827319, 0.45256721077528417, 1.0280118053114458, 0.23530537888951997, -0.4532610044239142, -0.8803191169328444, 0.0, 0.0]","[0.015762170776724815, 0.012274879962205887, 0.03975408151745796, 0.013735342770814896, 0.2086101770401001, 0.015188061632215977, 0.1701345145702362, 1.1613166332244873, 0.01381629891693592, 0.41831254959106445, 0.012914866209030151, 0.1503968983888626, 0.6064226627349854, 0.10349232703447342, 0.9624848365783691, 0.013898424804210663, 0.035939909517765045, 0.3947899341583252, 0.02488313801586628, 0.21865378320217133, 0.20145998895168304, 0.01357351429760456, 0.19469130039215088, 0.017073417082428932, 0.03166668862104416, 0.012831225991249084, 0.012110280804336071, 0.01839865744113922, 0.04047999903559685, 0.01244401652365923, 0.012241348624229431, 0.012379957363009453, 0.02357463538646698, 0.05827312916517258, 0.016119856387376785, 0.05743473023176193, 0.015999237075448036, 0.01263512670993805, 0.012347145937383175, 0.07964929938316345, 0.04357655346393585, 0.012551681138575077, 0.012754743918776512, 0.01272989809513092, 0.04001668840646744, 0.012833410874009132, 0.02244783379137516, 0.05076272785663605, 0.03612349554896355, 0.10977807641029358, 0.012214543297886848, 0.025698676705360413, 0.012378718703985214, 0.02572977915406227, 0.02815631963312626, 0.026014842092990875, 0.013104379177093506, 0.026238467544317245, 0.012241395190358162, 0.021729715168476105, 0.04401711747050285, 0.012916795909404755, 0.41616153717041016, 0.055849723517894745, 0.054441116750240326, 0.06330416351556778, 0.06295330822467804, 0.013686194084584713, 0.04517621919512749, 0.04159998893737793, 77.29490661621094, 0.09927014261484146, 0.013209838420152664, 0.011978568509221077, 0.11045853048563004, 0.17558856308460236, 0.014879386872053146, 0.012650013901293278, 0.04473501816391945, 0.11584372073411942, 0.10285454988479614, 0.013264788314700127, 0.012409413233399391, 0.3552502393722534, 0.012312259525060654, 0.030284279957413673, 0.04998668283224106, 0.013014040887355804, 0.3578987419605255, 0.012905541807413101, 0.011994297616183758, 0.03810889273881912, 0.01777646690607071, 0.0846099853515625, 0.028017446398735046, 0.04748227819800377, 0.03675955533981323, 0.012717239558696747, 0.011897320859134197, 29.064416885375977, 0.08099623769521713, 0.02792285941541195, 0.012031924910843372, 0.017613999545574188, 0.012036990374326706, 0.012384949252009392, 0.08311814069747925, 0.012066667899489403, 0.013014250434935093, 0.04062052071094513, 0.07733501493930817, 0.012354696169495583, 0.015685375779867172, 0.0126172611489892, 0.09652519226074219, 0.5005255341529846, 0.03253110125660896, 0.09610795229673386, 0.012214859016239643, 0.017616206780076027, 0.023671859875321388, 0.012364217080175877, 0.2191208004951477, 0.017190437763929367, 0.012128953821957111, 0.01885378733277321, 0.24584603309631348, 0.016396082937717438]",0.00041637386311776936,True,"[0.05416789650917053, 0.05345519632101059, 0.05275830626487732, 0.053328100591897964, 0.05129765719175339, 0.051413632929325104, 0.050700023770332336, 0.05103844404220581, 0.05085498094558716, 0.05021650716662407, 0.05009711906313896, 0.04886796697974205, 0.048275064677000046, 0.04841078817844391, 0.048635873943567276, 0.04832812771201134, 0.048213228583335876, 0.04700733721256256, 0.046587470918893814, 0.04634639993309975]"
100,4.455000000000001,0.17966866493225098,"[0.000175792898517102, -0.007100368849933147, -0.009516393765807152, 0.6155180335044861, 0.3318157196044922, -0.6080463528633118, -2.6433353424072266, 0.38203901052474976, 2.9225432872772217, -1.7342777252197266, -0.05343269929289818, -0.03248266875743866]","[-3.1759490017542334e-18, 8.107369237199635e-18, -4.317565987352197e-18, -0.9899057745933533, 0.4597564935684204, 0.5953512191772461, 0.9366273283958435, 0.19902123510837555, -0.44010141491889954, -0.2797970175743103, -0.20934045314788818, 0.33494651317596436]","[0.0, 0.0, 0.0, -0.18134457246740432, 0.17975463906575143, 0.09947915913624651, 0.3325605811918889, 0.046822863947520936, -0.17011645718572813, -0.08583847018296802, 0.0, 0.0]","[0.025860346853733063, 0.014541207812726498, 0.014153017662465572, 0.01679231971502304, 0.16093461215496063, 0.03372793272137642, 0.1610913872718811, 1.4594049453735352, 0.5589925050735474, 0.02141357958316803, 0.038764096796512604, 0.01512681134045124, 0.014991886913776398, 0.1068120151758194, 0.02079514041543007, 0.18126681447029114, 0.015881234779953957, 0.02410726621747017, 0.015689406543970108, 0.1791217178106308, 0.014581609517335892, 0.012575730681419373, 0.04429977759718895, 0.09950088709592819, 0.012532067485153675, 0.01276405155658722, 0.012279132381081581, 0.01942879892885685, 0.05954434722661972, 0.012120828032493591, 0.014135804027318954, 0.012438509613275528, 0.06677970290184021, 0.012699557468295097, 0.012297010980546474, 0.6700061559677124, 0.013082895427942276, 0.012614983133971691, 0.027103250846266747, 0.011690603569149971, 0.012965042144060135, 0.10956181585788727, 0.012317422777414322, 0.017239859327673912, 0.011949237436056137, 0.04540950059890747, 0.01894683763384819, 0.012713038362562656, 0.01236814260482788, 0.045203663408756256, 0.011909103021025658, 0.012502387166023254, 0.01233266294002533, 0.012554340995848179, 0.012202408164739609, 0.012029023841023445, 0.03311239928007126, 0.012993155047297478, 0.012259178794920444, 0.2535313367843628, 0.016587715595960617, 0.012070287019014359, 0.020627636462450027, 0.015876421704888344, 0.01217322051525116, 0.016234172508120537, 0.05758650600910187, 0.01991550251841545, 0.013892918825149536, 0.04925934225320816, 0.02676534280180931, 0.06319262832403183, 0.013327270746231079, 0.18731683492660522, 0.03913307189941406, 0.04643762856721878, 0.012805662117898464, 0.013705343939363956, 0.012353483587503433, 0.012909875251352787, 0.012849954888224602, 0.014172044582664967, 0.043998438864946365, 0.016741808503866196, 0.013236526399850845, 0.013131221756339073, 0.01277700811624527, 0.012139344587922096, 0.013406644575297832, 0.06718921661376953, 0.012631505727767944, 0.012309418991208076, 0.04390837997198105, 0.05558457225561142, 0.012213850393891335, 0.013823176734149456, 0.01332752127200365, 0.016786254942417145, 0.012058140709996223, 0.012029069475829601, 0.012235328555107117, 0.01232566125690937, 0.05150827020406723, 0.031585875898599625, 0.014237543568015099, 0.014039503410458565, 0.060283198952674866, 0.012204946018755436, 0.028019890189170837, 0.29125070571899414, 0.012426781468093395, 0.011945611797273159, 0.24066588282585144, 0.014026062563061714, 0.09084154665470123, 0.012883397750556469, 0.07684224843978882, 0.03895923122763634, 0.013844292610883713, 0.012106695212423801, 0.012822571210563183, 0.017269793897867203, 0.423422634601593, 0.012377728708088398, 0.09031800925731659, 0.027461562305688858, 0.01962517946958542, 0.0218951478600502]",0.0004157820076216012,True,"[0.052532486617565155, 0.05190145596861839, 0.05162658542394638, 0.051368847489356995, 0.05159193277359009, 0.05119669437408447, 0.05094420537352562, 0.05169910937547684, 0.05024324730038643, 0.050529249012470245, 0.04981270805001259, 0.04996190965175629, 0.049397919327020645, 0.04895968362689018, 0.0485401451587677, 0.048543110489845276, 0.048342056572437286, 0.048109520226716995, 0.047543227672576904, 0.047155965119600296]"
101,4.5,0.18073463439941406,"[0.000715586997102946, -0.006569315679371357, -0.005143287591636181, 0.5998514294624329, 0.3427315950393677, -0.6029136180877686, -2.6228737831115723, 0.38541337847709656, 2.9135046005249023, -1.7387158870697021, -0.0617520697414875, -0.024555586278438568]","[0.0359862744808197, 0.0354035384953022, 0.2915404438972473, -0.23704124987125397, 0.18223431706428528, 0.08562388271093369, 0.3356029689311981, 0.0603027381002903, -0.19074903428554535, -0.08637939393520355, -0.019475676119327545, 0.03562596067786217]","[0.0, 0.0, 0.0, -1.002227807050794, 0.11686081808847772, 0.17128570854496963, 0.21828541420056524, 0.12611719127416043, -0.011460490591931202, -0.9263271119398837, 0.0, 0.0]","[0.012171636335551739, 0.05042407289147377, 0.04008999466896057, 0.013026803731918335, 0.05633453279733658, 0.01303735189139843, 0.3131653964519501, 0.10501400381326675, 0.018586868420243263, 0.029585491865873337, 0.3399370312690735, 0.013312868773937225, 0.01242684293538332, 0.19536051154136658, 0.013398641720414162, 0.013119434006512165, 0.016359522938728333, 0.1037038266658783, 0.04264158010482788, 0.012029817327857018, 1.2546706199645996, 0.013450857251882553, 0.15541036427021027, 0.011932075023651123, 0.011668594554066658, 0.011955033987760544, 0.012415586970746517, 0.012214580550789833, 0.21208178997039795, 0.013759303838014603, 0.04292157664895058, 0.011752506718039513, 0.32266372442245483, 0.09442431479692459, 0.012190580368041992, 0.02287132292985916, 0.011599427089095116, 0.011697469279170036, 0.04384583979845047, 0.012433988973498344, 0.02291630581021309, 0.0361587256193161, 0.0115077318623662, 0.11756021529436111, 0.012851505540311337, 0.011941274628043175, 0.023168839514255524, 0.011823821812868118, 0.024625390768051147, 0.012633772566914558, 0.01238409522920847, 0.06632287800312042, 0.0704781711101532, 0.023724975064396858, 0.11975179612636566, 0.017264533787965775, 0.013404564931988716, 0.20912238955497742, 0.0611301064491272, 0.09508727490901947, 0.01198544166982174, 0.046980805695056915, 0.24335715174674988, 0.013219933956861496, 0.026450414210557938, 0.024992406368255615, 0.03663919121026993, 0.04322706535458565, 0.011826897971332073, 0.011986569501459599, 0.011885017156600952, 0.012464035302400589, 0.057688646018505096, 0.014773658476769924, 0.018870078027248383, 0.021581783890724182, 0.013733859173953533, 0.011729159392416477, 0.011721370741724968, 0.011641624383628368, 0.011611591093242168, 0.012384934350848198, 0.012201094068586826, 0.012270314618945122, 0.011880929581820965, 0.1280175745487213, 0.1795787513256073, 0.02702692523598671, 0.011662932112812996, 0.012130169197916985, 0.19385088980197906, 0.05431830883026123, 0.011580903083086014, 0.011975189670920372, 0.012125615030527115, 0.015689436346292496, 0.026800382882356644, 0.012551050633192062, 0.06385057419538498, 0.013469593599438667, 0.03809282183647156, 0.06347078830003738, 0.012166867963969707, 0.10089430958032608, 0.028399892151355743, 0.6172939538955688, 0.017086094245314598, 0.012243436649441719, 0.02304125763475895, 0.011726551689207554, 0.011981558986008167, 0.011931249871850014, 0.012132960371673107, 0.012671828269958496, 0.012754447758197784, 0.01251884177327156, 0.012057699263095856, 0.024029532447457314, 0.011771155521273613, 0.01191429328173399, 0.04680844768881798, 0.01187901571393013, 0.012785647064447403, 0.08915538340806961, 0.012720024213194847, 0.011932785622775555, 0.011727306991815567, 0.027637729421257973]",0.0004053001757711172,True,"[0.05000000074505806, 0.05000000074505806, 0.05000000074505806, 0.05000000074505806, 0.05000000074505806, 0.05000000074505806, 0.05000000074505806, 0.05000000074505806, 0.05000000074505806, 0.05000000074505806, 0.05000000074505806, 0.05000000074505806, 0.05000000074505806, 0.05000000074505806, 0.05000000074505806, 0.05000000074505806, 0.05000000074505806, 0.05000000074505806, 0.05000000074505806, 0.05000000074505806]"
102,4.544999999999999,0.1795198917388916,"[0.0029262497555464506, -0.004429463297128677, 0.0190757904201746, 0.5676279664039612, 0.3474949896335602, -0.5882499814033508, -2.61456561088562, 0.3894633948802948, 2.910789728164673, -1.761914849281311, -0.06809066981077194, -0.021625138819217682]","[0.013833864592015743, 0.004456209018826485, 0.21579566597938538, -0.8062334656715393, 0.10451885312795639, 0.29997050762176514, 0.18296495079994202, 0.09378094971179962, -0.028191011399030685, -0.728192925453186, -0.23293468356132507, 0.05109144002199173]","[0.0, 0.0, 0.0, -0.20924445102376416, -0.14415191259974092, -0.026275833512802077, -0.26624635327373736, 0.007387634363699543, 0.17510449615355908, -0.27739413421907483, 0.0, 0.0]","[0.011860392987728119, 0.013595999218523502, 0.015726059675216675, 0.014355583116412163, 0.015045639127492905, 0.17716088891029358, 0.01410302147269249, 0.01893727108836174, 0.014023044146597385, 0.012942414730787277, 0.012220501899719238, 0.01668613962829113, 0.01252150721848011, 0.4155421257019043, 0.014115613885223866, 0.016263572499155998, 0.017704825848340988, 0.013786206021904945, 0.03960580751299858, 0.01216927170753479, 0.013561117462813854, 0.7370031476020813, 0.08672159910202026, 0.08245813846588135, 0.011846598237752914, 0.012601293623447418, 0.012139270082116127, 0.012355854734778404, 0.01224411092698574, 0.1420702338218689, 0.01922164298593998, 0.012083261273801327, 0.012700510211288929, 0.011859837919473648, 0.011860574595630169, 0.040917929261922836, 0.012285841628909111, 0.011904179118573666, 0.012080058455467224, 0.011912941001355648, 0.011758195236325264, 0.011769630946218967, 0.012589311227202415, 0.0121885035187006, 0.05100538954138756, 0.012306209653615952, 0.012374910525977612, 0.08609627187252045, 0.011708680540323257, 0.01231415942311287, 0.013166108168661594, 0.012653553858399391, 0.01262549590319395, 0.012817127630114555, 0.01325511559844017, 0.011870339512825012, 0.011949334293603897, 0.032280489802360535, 0.01237553171813488, 0.08062437176704407, 0.05414015054702759, 0.012467991560697556, 0.01179923303425312, 0.02892415225505829, 0.013531042262911797, 0.011799311265349388, 0.03546972572803497, 0.076764777302742, 0.022495444864034653, 0.012318708933889866, 0.04688780754804611, 0.01215551421046257, 0.012878627516329288, 0.012311868369579315, 0.012166189029812813, 0.012348026968538761, 0.012084312736988068, 0.01226925477385521, 0.012482747435569763, 0.027907870709896088, 0.012238623574376106, 0.012066558003425598, 0.012204041704535484, 0.012263223528862, 0.012141969986259937, 0.01196564082056284, 0.013856308534741402, 0.012875959277153015, 0.012158609926700592, 0.01197306253015995, 0.01597478985786438, 0.012693380936980247, 0.10112014412879944, 0.03801542893052101, 0.01182280108332634, 0.034555982798337936, 0.012324902229011059, 0.012190431356430054, 0.05846090614795685, 0.011876316741108894, 0.011960233561694622, 0.012070911936461926, 0.012233062647283077, 0.21510019898414612, 0.012972638010978699, 0.6696956753730774, 0.01228204183280468, 0.012451974675059319, 0.01219940185546875, 0.012827501632273197, 0.012349900789558887, 0.01225489191710949, 0.02743905410170555, 0.012387866154313087, 0.012782979756593704, 0.029373154044151306, 0.012044540606439114, 0.05372285842895508, 0.012585951946675777, 0.011926875449717045, 0.025940297171473503, 0.22102877497673035, 0.06772644817829132, 0.012326870113611221, 0.029476815834641457, 0.0120722446590662, 0.012445187196135521, 0.012585774064064026]",0.00040625594556331635,True,"[0.05034535378217697, 0.05010318383574486, 0.05002374202013016, 0.04995051398873329, 0.049807436764240265, 0.05037301778793335, 0.0500267893075943, 0.04997491464018822, 0.05019195377826691, 0.04977400228381157, 0.05002068728208542, 0.0495043583214283, 0.050213396549224854, 0.050142958760261536, 0.04985913634300232, 0.05002068728208542, 0.04986826702952385, 0.05029621347784996, 0.04952249303460121, 0.0499810129404068]"
103,4.589999999999998,0.17988801002502441,"[0.0030067155603319407, -0.004421749152243137, 0.020541394129395485, 0.5526208877563477, 0.3450548052787781, -0.5900011658668518, -2.620901346206665, 0.39078864455223083, 2.918077230453491, -1.7781908512115479, -0.07699332386255264, -0.024709485471248627]","[0.0003569617692846805, 1.0216785994998645e-05, 0.006722840014845133, -0.2582170367240906, -0.09678782522678375, -0.059017665684223175, -0.20250466465950012, 0.023272128775715828, 0.1700013279914856, -0.2736460566520691, -0.09354956448078156, -0.1280035376548767]","[0.0, 0.0, 0.0, -0.21913317468450133, -0.14107071769345045, -0.02213252393419217, -0.25962398280808485, 0.008531253837378835, 0.17294099992567996, -0.2831542462691447, 0.0, 0.0]","[0.011747692711651325, 1.3782436847686768, 0.014255812391638756, 0.9957945346832275, 0.19747373461723328, 0.015283210203051567, 0.012647501192986965, 0.012365816161036491, 0.013758515939116478, 0.012809750624001026, 0.21448925137519836, 0.012740446254611015, 0.014016753062605858, 0.012389828450977802, 0.09112349897623062, 0.012950152158737183, 0.013576235622167587, 0.012747500091791153, 0.01318015344440937, 0.012670785188674927, 0.014795534312725067, 0.012419961392879486, 0.012053119018673897, 0.012036552652716637, 0.012284375727176666, 0.03864918649196625, 0.01191932987421751, 0.0293422918766737, 0.026711152866482735, 0.012285655364394188, 0.02186732552945614, 0.012029044330120087, 0.12115190178155899, 0.38448047637939453, 0.012063685804605484, 0.02199728973209858, 0.024033989757299423, 0.02637210488319397, 0.016613708809018135, 0.012108905240893364, 0.012639591470360756, 0.012083788402378559, 0.014453265815973282, 0.012438440695405006, 0.06801974028348923, 0.012702355161309242, 0.07166288793087006, 0.012268802151083946, 0.011846916750073433, 0.01210916880518198, 0.0675659254193306, 0.013669874519109726, 0.012678932398557663, 0.015850994735956192, 0.011849738657474518, 0.030330659821629524, 0.012090408243238926, 0.15103013813495636, 0.012221052311360836, 0.031621139496564865, 0.012767547741532326, 0.01186354085803032, 0.012067957781255245, 0.027250610291957855, 0.035608094185590744, 0.011994706466794014, 0.01176950428634882, 0.02608443796634674, 0.01221561525017023, 0.012199092656373978, 0.011918598785996437, 0.011890307068824768, 0.01180262491106987, 0.011854099109768867, 0.034648358821868896, 0.012378625571727753, 0.011807946488261223, 0.01193259283900261, 0.01246821042150259, 0.01218288391828537, 0.012436931021511555, 0.012446320615708828, 0.06500363349914551, 0.012008325196802616, 0.01266553159803152, 0.012338015250861645, 0.01204775832593441, 0.01228124275803566, 0.012064538896083832, 0.027806207537651062, 0.021347355097532272, 0.015221834182739258, 0.0117512047290802, 0.011764607392251492, 0.012260343879461288, 0.011948205530643463, 0.07269399613142014, 0.015520110726356506, 0.06719036400318146, 0.3314012289047241, 0.012212146073579788, 0.012926341965794563, 0.01215647254139185, 0.08205248415470123, 0.012105222791433334, 0.011856481432914734, 0.012123781256377697, 0.012381231412291527, 0.013460894115269184, 0.01211369689553976, 0.01200574915856123, 0.02776060625910759, 0.012078244239091873, 0.025520367547869682, 0.01317925751209259, 0.033653344959020615, 0.20448549091815948, 0.011980511248111725, 0.026696702465415, 0.03706212341785431, 0.048068489879369736, 0.02767554298043251, 0.021131154149770737, 0.012801713310182095, 0.06135466694831848, 0.10009579360485077, 0.06377142667770386, 0.012189652770757675]",0.00041315570706501603,True,"[0.05003044009208679, 0.05018028989434242, 0.04998770356178284, 0.04968656599521637, 0.050109896808862686, 0.05024157837033272, 0.05002738535404205, 0.04985364153981209, 0.04968353733420372, 0.05018028989434242, 0.050002966076135635, 0.04991758242249489, 0.049929775297641754, 0.0499846525490284, 0.04989016801118851, 0.050082381814718246, 0.049948059022426605, 0.0501190721988678, 0.049887124449014664, 0.050256915390491486]"
104,4.634999999999997,0.1800065040588379,"[0.003009043401107192, -0.004421697463840246, 0.020585330203175545, 0.5423932075500488, 0.33982133865356445, -0.5915184020996094, -2.631124496459961, 0.39145979285240173, 2.9255595207214355, -1.790566086769104, -0.0808609127998352, -0.029568878933787346]","[1.059028090821812e-05, 2.2000367039254343e-07, 0.0001999727392103523, -0.2189185619354248, -0.11964798718690872, -0.022857220843434334, -0.23148179054260254, 0.011855420656502247, 0.1648961454629898, -0.2767881751060486, -0.08594034612178802, -0.10063127428293228]","[0.0, 0.0, 0.0, 0.9264924673331975, -0.039281744389349796, -0.14376455937032984, -0.07983850067427485, -0.10499686764968257, -0.05831296787488434, 0.8764958498452748, 0.0, 0.0]","[0.011802967637777328, 0.04343844950199127, 0.012481337413191795, 0.016948498785495758, 0.014137033373117447, 0.012496087700128555, 0.013498899526894093, 0.07119415700435638, 0.013054780662059784, 0.015295451506972313, 0.014450211077928543, 0.012104928493499756, 0.013707677833735943, 0.012175670824944973, 0.011998560279607773, 0.012403767555952072, 0.012863507494330406, 0.01436657551676035, 0.012183640152215958, 0.5088433623313904, 0.012015732936561108, 0.014259569346904755, 0.012007122859358788, 0.01774429902434349, 0.09826168417930603, 0.012248242273926735, 0.017907658591866493, 0.2545017600059509, 0.012014064006507397, 0.012627191841602325, 0.011776234954595566, 0.01210232637822628, 0.012579788453876972, 0.012017682194709778, 0.012512264773249626, 0.012490449473261833, 0.011843531392514706, 0.03119526244699955, 0.012189095839858055, 0.015368202701210976, 0.012055972591042519, 0.012455768883228302, 0.011899394914507866, 0.19371867179870605, 0.012132980860769749, 0.012065480463206768, 0.012076880782842636, 0.013642387464642525, 0.05551556497812271, 0.01190187968313694, 0.02791292406618595, 0.012821458280086517, 0.1687363237142563, 0.012351373210549355, 0.012253968976438046, 0.012158803641796112, 0.016996582970023155, 0.012302800081670284, 0.011895112693309784, 0.012252775952219963, 0.012001033872365952, 0.012623466551303864, 0.03904455900192261, 0.011806992813944817, 0.06006699055433273, 0.012561986222863197, 0.03276826813817024, 0.012328805401921272, 0.01255946047604084, 0.0723598375916481, 0.012137331068515778, 0.012086611241102219, 0.13298775255680084, 0.06717251241207123, 0.3489094078540802, 0.03624742105603218, 0.01177181676030159, 0.0285763181746006, 0.012332404032349586, 0.014595132321119308, 0.012358246371150017, 0.011890290305018425, 0.012076696380972862, 0.012986594811081886, 0.0121539868414402, 0.012205868028104305, 0.018526041880249977, 0.012238547205924988, 0.01232229731976986, 0.01202586479485035, 0.019544778391718864, 0.011811557225883007, 0.012718159705400467, 0.012063521891832352, 0.020560897886753082, 0.012323567643761635, 0.02404528483748436, 0.01256607472896576, 0.011815409176051617, 0.011821836233139038, 0.012405455112457275, 0.019185557961463928, 0.10981355607509613, 0.012677857652306557, 0.012339070439338684, 0.05903230607509613, 0.012062018737196922, 0.012676425278186798, 0.011674058623611927, 0.04390143230557442, 0.012019293382763863, 0.012517879717051983, 0.012389264069497585, 0.011948773637413979, 0.08464875817298889, 0.012164178304374218, 0.011842776089906693, 0.014429602771997452, 0.011951114982366562, 0.11349659413099289, 0.017230577766895294, 0.012411504983901978, 0.02067532017827034, 0.01177772507071495, 0.012251751497387886, 0.012337534688413143, 0.033018168061971664, 0.01247454434633255]",0.000415986985899508,True,"[0.0502149723470211, 0.05019351840019226, 0.04975125938653946, 0.04991550371050835, 0.05039612203836441, 0.05008029192686081, 0.04995512217283249, 0.049988675862550735, 0.05004057288169861, 0.04980291426181793, 0.05001309514045715, 0.049830276519060135, 0.04973911494016647, 0.05001309514045715, 0.050003934651613235, 0.049745187163352966, 0.05032235383987427, 0.050089459866285324, 0.05009252205491066, 0.04981203004717827]"
105,4.679999999999996,0.17920160293579102,"[0.0030091125518083572, -0.004421695601195097, 0.020586635917425156, 0.5663332939147949, 0.337656170129776, -0.6064769625663757, -2.6370105743408203, 0.38890549540519714, 2.923661947250366, -1.7837408781051636, -0.07683240622282028, -0.03354126214981079]","[3.148077496462065e-07, 6.483078074381865e-09, 5.944609711150406e-06, 0.6779178977012634, -0.02934911847114563, -0.30541542172431946, -0.09957759827375412, -0.06730781495571136, -0.04866291955113411, 0.3649461567401886, 0.1647297888994217, 0.034804362803697586]","[0.0, 0.0, 0.0, 0.7822684747079873, -0.19989062171064473, -0.19343960027988844, -0.3749505686689032, -0.1114676202683271, 0.1254967620702978, 0.6512653608406369, 0.0, 0.0]","[0.013089863583445549, 0.6987282037734985, 0.01263495720922947, 0.3399740159511566, 0.013293975964188576, 0.525789201259613, 0.012430922128260136, 0.7041890621185303, 0.10011505335569382, 0.05697621777653694, 0.011419720947742462, 1.7400197982788086, 1.2474066019058228, 1.42689847946167, 0.0124115701764822, 0.0712813287973404, 0.22204913198947906, 0.013117336668074131, 0.011916588991880417, 0.146656796336174, 0.01229106169193983, 0.011910987086594105, 0.019382327795028687, 0.012505926191806793, 0.012212072499096394, 0.015423785895109177, 0.011825686320662498, 0.012082302942872047, 0.01945013366639614, 0.41633856296539307, 0.012216322124004364, 0.012303459458053112, 0.5799872875213623, 0.050633762031793594, 0.01244211196899414, 0.35349270701408386, 0.011692224070429802, 0.021383631974458694, 0.012739719823002815, 0.12374942004680634, 0.06933513283729553, 0.11910528689622879, 0.027321085333824158, 0.11371751129627228, 0.16400286555290222, 0.08137810975313187, 0.01201683096587658, 0.01210353709757328, 0.021533649414777756, 0.011939046904444695, 0.015525998547673225, 0.10115101933479309, 0.014628788456320763, 0.11083324253559113, 0.01196359284222126, 0.012106369249522686, 0.013028143905103207, 0.012130124494433403, 0.12432260066270828, 0.19671522080898285, 0.01212091650813818, 0.030621852725744247, 0.012322443537414074, 0.01166682317852974, 0.012160412967205048, 0.012351643294095993, 0.012391828000545502, 0.173658087849617, 0.028878435492515564, 3.2664973735809326, 0.44597455859184265, 0.012267814949154854, 0.017499731853604317, 0.01181899756193161, 0.28415942192077637, 0.011934153735637665, 0.1002930998802185, 0.012017082422971725, 0.035709407180547714, 0.09845098853111267, 0.06076190248131752, 0.1181437075138092, 0.01225263997912407, 0.06420940160751343, 0.012776872143149376, 0.011859240010380745, 0.014071401208639145, 0.014729106798768044, 0.01436571218073368, 0.012352364137768745, 0.012086980976164341, 0.03895966336131096, 0.0508766733109951, 0.012216690927743912, 0.011588302440941334, 0.012290732935070992, 0.12416598200798035, 0.028017878532409668, 0.021023470908403397, 0.02948768623173237, 0.01199174951761961, 0.01185693684965372, 54.80145263671875, 0.012199865654110909, 0.013842536136507988, 0.01176181249320507, 0.05264841392636299, 0.01252179779112339, 0.04251037538051605, 0.011874468997120857, 0.024017926305532455, 0.012393740937113762, 0.06687109172344208, 0.019125614315271378, 0.11614435166120529, 0.02413506805896759, 0.014326199889183044, 0.01269520167261362, 0.021266471594572067, 0.04802853986620903, 0.1818857043981552, 0.012071344070136547, 0.011790253221988678, 0.1395794004201889, 0.012002256698906422, 0.06076280400156975, 0.046720728278160095, 0.11570321023464203]",0.00041470184805803,True,"[0.048423051834106445, 0.04860367625951767, 0.04897291958332062, 0.049149587750434875, 0.04897591099143028, 0.04947162792086601, 0.04992968216538429, 0.04954112693667412, 0.050106748938560486, 0.05048125237226486, 0.05033664405345917, 0.050361230969429016, 0.05098286643624306, 0.05070667713880539, 0.05090824514627457, 0.050558336079120636, 0.0501495860517025, 0.05077480524778366, 0.05055525526404381, 0.05101088061928749]"
106,4.724999999999995,0.1800098419189453,"[0.00300911464728415, -0.004421695601195097, 0.02058667503297329, 0.597977340221405, 0.3312619924545288, -0.6163337230682373, -2.6498734951019287, 0.384930282831192, 2.9289162158966064, -1.755934715270996, -0.06853979825973511, -0.033921826630830765]","[9.358240404822027e-09, 1.9268316109322114e-10, 1.7671455054824037e-07, 0.7217769622802734, -0.1659477800130844, -0.20196552574634552, -0.32225361466407776, -0.09179359674453735, 0.11915476620197296, 0.6428369879722595, 0.227578267455101, -0.09563423693180084]","[0.0, 0.0, 0.0, 0.9113130514167134, -0.5014020358598471, -0.3649125723372187, -0.9345679993898948, -0.17919120799265353, 0.43519539694159787, 0.6087234396313039, 0.0, 0.0]","[0.020360883325338364, 3.6960580348968506, 0.014404283836483955, 0.017719542607665062, 0.12961553037166595, 0.16416111588478088, 0.07084467262029648, 0.014514749869704247, 0.013632034882903099, 0.01638120971620083, 0.013598068617284298, 0.011956572532653809, 0.01385011337697506, 0.04787164553999901, 0.03914870321750641, 0.4166010618209839, 0.03010532259941101, 3.3070430755615234, 0.34797394275665283, 0.254177987575531, 0.017194285988807678, 0.0812094584107399, 0.011822590604424477, 0.43074771761894226, 0.012090610340237617, 0.01250382699072361, 0.021357258781790733, 0.012088343501091003, 0.013026941567659378, 0.01529126800596714, 0.012011732906103134, 0.012824910692870617, 0.015146570280194283, 0.024381885305047035, 0.03784285485744476, 0.011873584240674973, 0.012764756567776203, 0.021831385791301727, 0.011980858631432056, 0.13619640469551086, 0.02624550834298134, 0.036740802228450775, 0.012287909165024757, 0.011891349218785763, 0.011647051200270653, 0.01576712541282177, 0.013294249773025513, 0.011978321708738804, 0.012187454849481583, 0.011753706261515617, 4.5139875411987305, 0.031285449862480164, 0.012582878582179546, 0.012036599218845367, 0.01930837333202362, 0.011921781115233898, 0.012004544958472252, 0.012209653854370117, 0.029731664806604385, 0.01189020648598671, 0.051222383975982666, 0.06428592652082443, 0.012973768636584282, 0.02262195572257042, 0.011672619730234146, 0.14484384655952454, 0.01344794500619173, 0.012187164276838303, 0.052326712757349014, 0.16653770208358765, 1.0263720750808716, 0.0962459072470665, 0.05328533053398132, 0.04189854860305786, 0.10229842364788055, 0.0117411520332098, 0.028885670006275177, 0.1419914811849594, 0.012483262456953526, 0.012386567890644073, 0.06740168482065201, 0.02906045690178871, 0.22857700288295746, 0.13692159950733185, 0.012083390727639198, 0.015254922211170197, 0.032416533678770065, 0.03509991616010666, 0.022302649915218353, 0.011904969811439514, 0.024037130177021027, 0.011913176625967026, 0.5264852643013, 0.16352716088294983, 0.028962137177586555, 0.02096910960972309, 0.09765492379665375, 0.04091449826955795, 0.012178249657154083, 0.011717820540070534, 0.04083368182182312, 0.024053648114204407, 0.015357211232185364, 86.53551483154297, 0.0323898009955883, 0.012436735443770885, 0.014120789244771004, 0.04336374253034592, 0.012201184406876564, 0.039239659905433655, 0.011921095661818981, 0.18746036291122437, 0.02275722101330757, 0.011943275108933449, 0.25584447383880615, 0.01201939769089222, 0.04067433252930641, 0.033807337284088135, 0.011698568239808083, 0.18928103148937225, 0.01222202368080616, 0.012833771295845509, 0.05452968180179596, 0.01490863598883152, 0.021928779780864716, 0.011844122782349586, 0.05149286612868309, 0.09338284283876419]",0.00041134367347694933,True,"[0.05054045096039772, 0.04993944242596626, 0.04982983320951462, 0.049912020564079285, 0.04999128729104996, 0.05000044032931328, 0.05000044032931328, 0.049976035952568054, 0.049976035952568054, 0.05000044032931328, 0.049976035952568054, 0.049976035952568054, 0.049976035952568054, 0.049976035952568054, 0.05000044032931328, 0.049976035952568054, 0.05000044032931328, 0.05000044032931328, 0.049976035952568054, 0.049976035952568054]"
107,4.769999999999994,0.1795947551727295,"[0.00300911464728415, -0.004421695601195097, 0.02058667689561844, 0.6366096138954163, 0.31329184770584106, -0.6303106546401978, -2.683509111404419, 0.3779508173465729, 2.9466660022735596, -1.729407787322998, -0.06037278100848198, -0.041521377861499786]","[2.7819102577097965e-10, 5.727833138347016e-12, 5.2531672345423885e-09, 0.8864320516586304, -0.44983500242233276, -0.3307855427265167, -0.8367138504981995, -0.162666454911232, 0.42845773696899414, 0.5999334454536438, 0.24778148531913757, -0.2987958490848541]","[0.0, 0.0, 0.0, -0.1856667091640491, -0.07145027630830986, -0.006738396886990607, -0.13072686193570593, 0.0034991150970302906, 0.0983661973688908, -0.21084091895436452, 0.0, 0.0]","[0.012536618858575821, 0.248637393116951, 0.4211953282356262, 1.3476810455322266, 0.016567308455705643, 0.013958245515823364, 0.03358445689082146, 0.014237799681723118, 0.016286063939332962, 0.7794468402862549, 0.01388277392834425, 0.5823270082473755, 0.012007690966129303, 0.0213925801217556, 0.07341501861810684, 0.16313385963439941, 0.10973142832517624, 0.42638254165649414, 0.17593780159950256, 0.012917117215692997, 0.013607807457447052, 0.011857171542942524, 0.10465112328529358, 0.022626325488090515, 0.017396975308656693, 0.02426527440547943, 0.012301798909902573, 0.012517599388957024, 0.011882140301167965, 0.10649667680263519, 0.025935420766472816, 0.01755441352725029, 0.0334496796131134, 0.012074507772922516, 0.025128602981567383, 0.025534994900226593, 0.013396918773651123, 0.04035510867834091, 0.016405586153268814, 0.01184388529509306, 0.01565188355743885, 0.02406357415020466, 0.059900857508182526, 0.01215357705950737, 0.028171980753540993, 0.047293294221162796, 0.015237782150506973, 0.02514844574034214, 0.03546392545104027, 0.8447268009185791, 0.017768366262316704, 0.012332387268543243, 0.012159664183855057, 0.011861233040690422, 0.1503743976354599, 0.028756799176335335, 0.012825347483158112, 0.015198228880763054, 0.3258305788040161, 0.011649088934063911, 0.013037691824138165, 0.049619607627391815, 0.04109683632850647, 0.011703763157129288, 0.012647153809666634, 0.01241878978908062, 0.014851734973490238, 0.3234129548072815, 0.025131002068519592, 0.08603344857692719, 0.014529544860124588, 0.012202266603708267, 0.012283910065889359, 0.012405192479491234, 0.012263352051377296, 0.016933796927332878, 0.012763578444719315, 0.05659123510122299, 0.014057501219213009, 0.021448928862810135, 0.16205556690692902, 0.012152200564742088, 0.01958358660340309, 0.012402655556797981, 0.03349898010492325, 0.08304624259471893, 0.03719453513622284, 0.05625379830598831, 0.08006773889064789, 0.012948543764650822, 0.012283585034310818, 0.11031123995780945, 0.011752728372812271, 0.34154757857322693, 0.013336089439690113, 0.016552262008190155, 0.012232542969286442, 0.027104977518320084, 0.011959802359342575, 0.07190462946891785, 0.012745714746415615, 0.011929976753890514, 0.061353616416454315, 0.012133060023188591, 0.027084847912192345, 0.016482023522257805, 0.021021217107772827, 0.012617374770343304, 0.055094871670007706, 0.011638980358839035, 0.04412377253174782, 0.0359879769384861, 0.012223973870277405, 0.012493791058659554, 0.03816523402929306, 0.026117896661162376, 0.014994167722761631, 0.01204525027424097, 0.01309602614492178, 0.011968914419412613, 0.013072323985397816, 0.023430244997143745, 0.09412853419780731, 0.02832881361246109, 0.03828372806310654, 0.03296247869729996, 0.021238334476947784, 0.01265155989676714]",0.0004092486633453518,True,"[0.04999999329447746, 0.04999999329447746, 0.04999999329447746, 0.04999999329447746, 0.04999999329447746, 0.04999999329447746, 0.04999999329447746, 0.04999999329447746, 0.04999999329447746, 0.04999999329447746, 0.04999999329447746, 0.04999999329447746, 0.04999999329447746, 0.04999999329447746, 0.04999999329447746, 0.04999999329447746, 0.04999999329447746, 0.04999999329447746, 0.04999999329447746, 0.04999999329447746]"
108,4.814999999999993,0.18024611473083496,"[0.00300911464728415, -0.004421695601195097, 0.02058667689561844, 0.6416351199150085, 0.30585330724716187, -0.6262314319610596, -2.696772813796997, 0.3763308525085449, 2.953211545944214, -1.721807599067688, -0.053079213947057724, -0.04858526214957237]","[8.269738192845377e-12, 1.7026057484454543e-13, 1.561601958854908e-10, -0.01657974161207676, -0.09381422400474548, 0.0879369005560875, -0.17684102058410645, -0.02387423813343048, 0.10242097824811935, -0.045550424605607986, -0.01241255085915327, -0.030313489958643913]","[0.0, 0.0, 0.0, 0.17655237303009183, -0.3306698010330888, -0.19988413750475906, -0.6166117034021443, -0.08553987553737924, 0.34129333947222684, -0.00736716791647711, 0.0, 0.0]","[0.011675684712827206, 0.08216816931962967, 0.6004976034164429, 0.04301759600639343, 0.014687787741422653, 0.015249164775013924, 0.3335219621658325, 0.012643042951822281, 0.1450863778591156, 0.020188910886645317, 0.012518846429884434, 0.012364654801785946, 0.013250056654214859, 0.012770229950547218, 0.9675963521003723, 0.01304217241704464, 0.6845583915710449, 0.499397337436676, 0.1536550670862198, 0.013502631336450577, 0.014448201283812523, 0.07125405967235565, 0.012269027531147003, 0.012542755343019962, 0.012126661837100983, 0.012630654498934746, 0.012008486315608025, 0.013188401237130165, 0.013729344122111797, 0.034602995961904526, 0.0472724549472332, 0.012150363065302372, 0.014803273603320122, 0.012489357963204384, 0.01178676262497902, 0.0116319190710783, 0.015034581534564495, 0.011893317103385925, 0.01419474184513092, 0.014411605894565582, 0.012264731340110302, 0.15302744507789612, 0.014952978119254112, 0.0123599823564291, 0.07463736087083817, 0.05993432551622391, 0.011899415403604507, 0.011724364943802357, 0.01226156484335661, 0.01220620609819889, 0.012131016701459885, 0.012059343978762627, 0.012563008815050125, 0.012044418603181839, 0.011964835226535797, 0.11025454103946686, 0.011823995038866997, 0.012599889189004898, 0.01169767789542675, 0.020851589739322662, 0.01244682352989912, 0.04486357793211937, 0.011773508973419666, 0.012414690107107162, 0.012037895619869232, 0.013484742492437363, 0.012609153054654598, 0.012253711000084877, 0.059273552149534225, 0.024830913171172142, 0.013733677566051483, 0.012227176688611507, 0.01301957294344902, 0.027334440499544144, 0.036185912787914276, 0.01264101266860962, 0.16248740255832672, 0.07178390026092529, 0.01179707981646061, 0.012604319490492344, 0.012300977483391762, 0.012535471469163895, 0.012165414169430733, 0.013362928293645382, 0.04638761281967163, 0.012424007058143616, 0.05694383755326271, 0.01579146832227707, 0.011869437992572784, 0.02459547482430935, 0.06569106876850128, 0.012517545372247696, 0.023603035137057304, 0.05658232420682907, 0.012925051152706146, 0.012462921440601349, 0.11844655126333237, 0.011904651299118996, 0.041421905159950256, 0.011846628040075302, 0.02076413668692112, 0.01206729095429182, 0.07006867229938507, 0.01183836068958044, 0.07484140247106552, 0.04496622458100319, 0.011831500567495823, 0.01370924897491932, 0.012630844488739967, 0.015066305175423622, 0.03394850343465805, 0.011787174269557, 0.012651916593313217, 0.012090008705854416, 0.013074584305286407, 0.039540812373161316, 0.012055356055498123, 0.040756694972515106, 0.014368241652846336, 0.01574615016579628, 0.012833287939429283, 0.011682085692882538, 0.011972145177423954, 0.012265319935977459, 0.012146174907684326, 0.012675974518060684, 0.04709196835756302, 0.011877154000103474]",0.00040878079016692936,True,"[0.04999999329447746, 0.04999999329447746, 0.04999999329447746, 0.04999999329447746, 0.04999999329447746, 0.04999999329447746, 0.04999999329447746, 0.04999999329447746, 0.04999999329447746, 0.04999999329447746, 0.04999999329447746, 0.04999999329447746, 0.04999999329447746, 0.04999999329447746, 0.04999999329447746, 0.04999999329447746, 0.04999999329447746, 0.04999999329447746, 0.04999999329447746, 0.04999999329447746]"
109,4.859999999999992,0.1794719696044922,"[0.00300911464728415, -0.004421695601195097, 0.02058667689561844, 0.6487224102020264, 0.2946414649486542, -0.6319592595100403, -2.7182505130767822, 0.3731594383716583, 2.967841625213623, -1.7224388122558594, -0.05545191839337349, -0.05323053523898125]","[2.4583571398180404e-13, 5.062734983980266e-15, 4.642228008250315e-12, 0.17055706679821014, -0.28683820366859436, -0.15581776201725006, -0.5401678085327148, -0.07197225093841553, 0.33407074213027954, -0.011975894682109356, 0.009838499128818512, -0.20800505578517914]","[0.0, 0.0, 0.0, 1.0407050659576236, -0.05891153170342511, -0.21778357993945846, -0.12339850199042877, -0.10642882594146762, -0.04889203498603016, 0.915211145923745, 0.0, 0.0]","[0.011676076799631119, 0.013394727371633053, 0.012425098568201065, 0.012195738032460213, 0.3880881369113922, 0.01243455521762371, 0.14725643396377563, 0.013550175353884697, 0.16239438951015472, 0.012919312343001366, 0.14048242568969727, 0.03377949073910713, 0.012668188661336899, 0.07826483249664307, 0.10666225105524063, 0.012751358561217785, 0.012272672727704048, 0.012916202656924725, 0.011892544105648994, 0.2175460308790207, 0.02330522984266281, 0.06705596297979355, 0.11238334327936172, 0.012089993804693222, 0.01231619343161583, 0.015113841742277145, 0.01125788502395153, 0.08878009021282196, 0.011826438829302788, 0.023414593189954758, 0.011748107150197029, 0.012024115771055222, 0.03635933995246887, 0.028499001637101173, 0.011877220124006271, 0.015084542334079742, 0.06612157821655273, 0.011195396073162556, 0.028178485110402107, 0.01317363791167736, 0.01177965011447668, 0.012025196105241776, 0.012941443361341953, 0.012136062607169151, 0.043985478579998016, 0.02145625837147236, 0.03167536482214928, 0.01202977355569601, 0.01215193048119545, 0.2771056592464447, 0.02124061807990074, 0.012514667585492134, 0.049730509519577026, 0.01184915006160736, 0.011984443292021751, 0.011722929775714874, 0.012758263386785984, 0.6962488889694214, 0.011913711205124855, 0.01205349713563919, 0.018663467839360237, 0.05903513729572296, 0.012734750285744667, 0.0537918359041214, 0.012169184163212776, 0.012332744896411896, 0.011798417195677757, 0.012129178270697594, 147.13137817382812, 0.3161398768424988, 0.011676613241434097, 0.011691955849528313, 0.011796841397881508, 0.012404905632138252, 0.025166664272546768, 0.01244447659701109, 0.014271832071244717, 0.050697244703769684, 0.011924950405955315, 0.01195690967142582, 0.03218451142311096, 0.01168600283563137, 0.012324074283242226, 0.01162951160222292, 0.011812988668680191, 0.038221415132284164, 0.013465803116559982, 0.011867288500070572, 0.0126771479845047, 0.012004435062408447, 0.012164108455181122, 0.012144740670919418, 0.13921624422073364, 0.014208986423909664, 0.012911567464470863, 0.057708874344825745, 0.011932363733649254, 0.012219395488500595, 0.012315690517425537, 0.03419385477900505, 0.05842633917927742, 0.018746454268693924, 0.08210737258195877, 0.011882644146680832, 0.03432537615299225, 0.011880816891789436, 0.012573111802339554, 0.02374391257762909, 0.01208543311804533, 0.014631792902946472, 0.012403830885887146, 0.01205090805888176, 0.011644994840025902, 0.012464113533496857, 0.020702030509710312, 0.012222794815897942, 0.01250010821968317, 0.015617008320987225, 0.012302020564675331, 0.011945007368922234, 0.012210771441459656, 0.012297747656702995, 0.10626333951950073, 26.835124969482422, 0.01245582289993763, 0.01207165140658617, 0.037867043167352676, 0.08498981595039368]",0.00041021869401447475,True,"[0.048775993287563324, 0.040026649832725525, 0.0407961830496788, 0.04198598861694336, 0.04298952966928482, 0.04472113773226738, 0.044967472553253174, 0.04706801846623421, 0.04748352989554405, 0.04970766603946686, 0.0507778637111187, 0.05146743357181549, 0.052498552948236465, 0.05395716428756714, 0.05504152178764343, 0.05533795431256294, 0.05646384879946709, 0.057339027523994446, 0.059004101902246475, 0.0595904104411602]"
